,Brand,Avg Rating,Total Comment,Seller Rating,Notebook Type,Memory Speed,Bluetooth,Weight,Touch Screen,Screen Size,GPU Type,GPU,CPU Generation,CPU Type,OS,Max CPU Speed,Screen Resolution,Finger Print,RAM,RAM Type,HDD,SSD,Charging Time,CPU Speed,Price
0,Lenovo,4.7,15,10,Notebook,3200 MHz,Var,2 kg ve Altý,Yok,14 inç,Dahili Ekran Kartý,Onboard,11.Nesil,Intel Core i5,Windows 10 Home,4.2 GHz,1920 x 1080,Yok,8 GB,DDR4,Yok,512 GB,3 Saat ve Altý,2.40 GHz,8.999 TL
1,Lenovo,4.4,237,"9,6",Notebook,2400 MHz,Var,2 kg ve Altý,Belirtilmemiþ,14 inç,Dahili Ekran Kartý,Onboard,4.Nesil,Intel Celeron,Yok (Free Dos),2.8 GHz,1366 x 768,Yok,4 GB,DDR4,Yok,128 GB,6 Saat ve Üstü,1.1 GHz,3.820 TL
2,HP,,,09,Notebook,3200 MHz,Var,1 - 2 kg,Yok,14 inç,Dahili Ekran Kartý,Onboard,11.Nesil,Intel Core i5,Windows 10 Pro,4.2 GHz,1920 x 1080,Yok,8 GB,DDR4,Yok,512 GB,4 - 6 Saat,2.4 GHz,14.088 TL
3,Lenovo,,,"9,1",Notebook,2933 MHz,Var,1 - 2 kg,Yok,"15,6 inç",Dahili Ekran Kartý,Onboard,11.Nesil,Intel Core i5,Windows 10 Home,4.2 GHz,1920 x 1080,Yok,12 GB,DDR4,Yok,2 TB,,2.4 GHz,16.139 TL
4,Casper,4.6,40,10,Oyun Bilgisayarlarý,2933 MHz,Var,2 - 4 kg,Yok,"15,6 inç",Yüksek Seviye Harici Ekran Kartý,GDDR6,10. Nesil,Intel Core i5,Windows 11 Home,4.5 GHz,1920 x 1080,Yok,8 GB,DDR4,Yok,250 GB,,2.5 GHz,12.499 TL
5,Lenovo,5.0,2,"9,8",Notebook,2666 MHz,Var,2 kg ve Altý,Yok,14 inç,Dahili Ekran Kartý,Onboard,11.Nesil,Intel Core i5,Yok (Free Dos),4.2 GHz,1920 x 1080,Yok,8 GB,DDR4,Yok,512 GB,,2.4 GHz,7.999 TL
6,Lenovo,4.7,267,10,Oyun Bilgisayarlarý,3200 MHz,Var,2 - 4 kg,Yok,"15,6 inç",Yüksek Seviye Harici Ekran Kartý,GDDR6,5.Nesil,AMD Ryzen 5,Yok (Free Dos),4.2 GHz,1920 x 1080,Yok,8 GB,DDR4,Yok,512 GB,6 Saat ve Üstü,3.3 GHz,13.998 TL
7,Lenovo,4.6,13,"9,6",Notebook,3200 MHz,Var,2 - 4 kg,Yok,14 inç,Harici Ekran Kartý,GDDR5,11.Nesil,Intel Core i5,Yok (Free Dos),4.2 GHz,1920 x 1080,Yok,8 GB,DDR4,Yok,256 GB,4 - 6 Saat,2.4 GHz,8.999 TL
8,Monster,4.7,268,"9,9",Oyun Bilgisayarlarý,3200 MHz,Var,2 - 4 kg,Yok,"15,6 inç",Harici Ekran Kartý,GDDR6,11.Nesil,Intel Core i5,Yok (Free Dos),4.5 GHz,1920 x 1080,Yok,16 GB,DDR4,Yok,500 GB,,2.70 GHz,16.099 TL
9,HP,5.0,15,10,Notebook,2666 MHz,Var,2 - 4 kg,Yok,"15,6 inç",Dahili Ekran Kartý,Belirtilmemiþ,11.Nesil,Intel Core i3,Windows 10 Home,4.1 GHz,1920 x 1080,Yok,4 GB,DDR4,Yok,256 GB,,1.7 GHz,6.899 TL
10,Lenovo,4.7,146,"9,9",Notebook,Belirtilmemiþ,Var,1 - 2 kg,Yok,"15,6 inç",Dahili Ekran Kartý,Belirtilmemiþ,11.Nesil,Intel Core i5,Windows 10 Home,4.2 GHz,1920 x 1080,Yok,8 GB,Belirtilmemiþ,Yok,256 GB,6 Saat ve Üstü,2.4 GHz,11.682 TL
11,Dell,,,"9,8",Notebook,2666 MHz,Var,1 - 2 kg,Yok,"15,6 inç",Dahili Ekran Kartý,Onboard,11.Nesil,Intel Core i7,Windows 10 Home,4.7 GHz,1920 x 1080,Yok,8 GB,DDR4,Yok,512 GB,,2.8 GHz,18.175 TL
12,Asus,4.8,85,10,Ýkisi Bir Arada,3733 MHz,Var,1 - 2 kg,Var,"13,3 inç",Dahili Ekran Kartý,Onboard,10.Nesil,Intel Core i5,Windows 10 Home,3.7 GHz,1920 x 1080,Yok,8 GB,LPDDR4X,Yok,512 GB,,1.1 GHz,11.599 TL
13,Dell,4.7,129,10,Oyun Bilgisayarlarý,3200 MHz,Var,2 - 4 kg,Yok,"15,6 inç",Harici Ekran Kartý,GDDR6,Ryzen,AMD Ryzen 7,Windows 11 Home,4.4 GHz,1920 x 1080,Belirtilmemiþ,16 GB,DDR4,Yok,512 GB,,3.2 GHz,19.999 TL
14,Acer,5.0,3,,Oyun Bilgisayarlarý,Belirtilmemiþ,Var,2 kg ve Altý,Yok,"15,6 inç",Yüksek Seviye Harici Ekran Kartý,GDDR6,5.Nesil,AMD Ryzen 5,Yok (Free Dos),4.3 GHz,1920 x 1080,Yok,16 GB,DDR4,Yok,512 GB,,3.3 GHz,18.998 TL
15,Fujitsu,,,"9,7",Notebook,3200 MHz,Var,1 - 2 kg,Yok,"15,6 inç",Dahili Ekran Kartý,Belirtilmemiþ,10.Nesil,Intel Core i5,Windows 10 Home,3.6 GHz,1920 x 1080,Yok,8 GB,DDR4,Yok,480 GB,4 - 6 Saat,1 GHz,9.327 TL
16,Dell,4.9,65,,Oyun Bilgisayarlarý,3200 MHz,Var,2 - 4 kg,Yok,"15,6 inç",Harici Ekran Kartý,GDDR6,11.Nesil,Intel Core i7,Ubuntu,4.6 GHz,1920 x 1080,Yok,16 GB,DDR4,Yok,512 GB,,2.30 GHz,19.998 TL
17,Monster,4.7,213,"9,9",Oyun Bilgisayarlarý,3200 MHz,Var,2 - 4 kg,Yok,"15,6 inç",Harici Ekran Kartý,GDDR6,11.Nesil,Intel Core i5,Yok (Free Dos),4.5 GHz,1920 x 1080,Yok,8 GB,DDR4,Yok,500 GB,3 Saat ve Altý,2.70 GHz,15.699 TL
18,Huawei,4.7,154,09,Notebook,Belirtilmemiþ,Var,1 - 2 kg,Yok,"15,6 inç",Dahili Ekran Kartý,Onboard,11.Nesil,Intel Core i7,Windows 11 Home,4.7 GHz,1920 x 1080,Var,16 GB,DDR4,Yok,512 GB,,2.8 GHz,13.908 TL
19,HONOR,4.8,48,"9,1",Notebook,Belirtilmemiþ,Var,1 - 2 kg,Yok,"15,6 inç",Dahili Ekran Kartý,Onboard,10.Nesil,Intel Core i5,Windows 10 Home,Yok,1920 x 1080,Var,8 GB,DDR4,512 GB,512 GB,,Belirtilmemiþ,8.379 TL
20,HP,4.2,16,"9,9",Notebook,3200 MHz,Var,2 - 4 kg,Yok,"15,6 inç",Harici Ekran Kartý,GDDR6,11.Nesil,Intel Core i5,Windows 11 Home,4.4 GHz,1920 x 1080,Yok,16 GB,DDR4,Yok,512 GB,4 - 6 Saat,2.6 GHz,15.999 TL
21,Asus,4.8,165,,Notebook,2400 MHz,Var,1 - 2 kg,Yok,"15,6 inç",Dahili Ekran Kartý,Onboard,10.Nesil,Intel Core i3,Windows 10 Home,4.1 GHz,1366 x 768,Yok,4 GB,DDR4,Yok,256 GB,,2.1 GHz,5.988 TL
22,Dell,4.4,7,"9,7",Notebook,2666 MHz,Var,1 - 2 kg,Yok,14 inç,Harici Ekran Kartý,GDDR5,11.Nesil,Intel Core i7,Ubuntu,4.7 GHz,1920 x 1080,Yok,8 GB,DDR4,Yok,512 GB,,2.80 GHz,16.399 TL
23,Casper,4.4,167,,Notebook,2133 MHz,Var,1 - 2 kg,Yok,14 inç,Dahili Ekran Kartý,Onboard,Yok,Intel Celeron,Windows 11 Home,2.6 GHz,1366 x 768,Yok,4 GB,DDR3,Yok,120 GB,,1.10 GHz,3.948 TL
24,HP,4.8,20,"9,9",Oyun Bilgisayarlarý,3200 MHz,Var,2 - 4 kg,Yok,"15,6 inç",Harici Ekran Kartý,GDDR6,11.Nesil,Intel Core i5,Yok (Free Dos),4.4 GHz,1920 x 1080,Yok,8 GB,DDR4,512 GB,512 GB,,4.4 GHz,15.160 TL
25,Dell,4.8,6,10,Notebook,2666 MHz,Var,1 - 2 kg,Yok,"15,6 inç",Dahili Ekran Kartý,Onboard,11.Nesil,Intel Core i5,Ubuntu,4.2 GHz,1920 x 1080,Yok,8 GB,DDR4,Yok,256 GB,,4.2 GHz,8.999 TL
26,Lenovo,4.5,15,"9,9",Oyun Bilgisayarlarý,3200 MHz,Var,2 - 4 kg,Yok,"15,6 inç",Yüksek Seviye Harici Ekran Kartý,GDDR6,11.Nesil,Intel Core i7,Yok (Free Dos),5 GHz,1920 x 1080,Yok,16 GB,DDR4,Yok,512 GB,4 - 6 Saat,3.4 GHz,18.999 TL
27,Lenovo,4.7,67,10,Oyun Bilgisayarlarý,3200 MHz,Var,2 - 4 kg,Yok,"15,6 inç",Yüksek Seviye Harici Ekran Kartý,GDDR6,11.Nesil,Intel Core i5,Yok (Free Dos),4.4 GHz,1920 x 1080,Yok,8 GB,DDR4,Yok,512 GB,4 - 6 Saat,3.1 GHz,13.499 TL
28,Lenovo,4.7,26,"9,6",Notebook,3200 MHz,Var,2 - 4 kg,Yok,"15,6 inç",Harici Ekran Kartý,GDDR6,11.Nesil,Intel Core i5,Yok (Free Dos),4.4 GHz,1920 x 1080,Yok,8 GB,DDR4,1 TB,256 GB,3 Saat ve Altý,3.1 GHz,14.399 TL
29,Huawei,4.7,206,10,Notebook,2400 MHz,Var,1 - 2 kg,Yok,"15,6 inç",Dahili Ekran Kartý,GDDR4,Ryzen,AMD Ryzen 5,Windows 11 Home,2.4 GHz,1920 x 1080,Var,8 GB,DDR4,Yok,512 GB,6 Saat ve Üstü,2.4 GHz,8.499 TL
30,Dell,5.0,11,"9,9",Notebook,3200 MHz,Var,2 - 4 kg,Yok,14 inç,Harici Ekran Kartý,GDDR5,11.Nesil,Intel Core i5,Ubuntu,4.2 GHz,1920 x 1080,Var,8 GB,DDR4,Yok,512 GB,,2.4 GHz,12.449 TL
31,Casper,4.6,46,10,Notebook,3200 MHz,Var,1 - 2 kg,Yok,"15,6 inç",Dahili Ekran Kartý,Onboard,11.Nesil,Intel Core i5,Windows 11 Home,4.2 GHz,1920 x 1080,Yok,8 GB,DDR4,Yok,500 GB,,2.40 GHz,7.999 TL
32,HP,5.0,1,"9,7",Oyun Bilgisayarlarý,2933 MHz,Var,2 - 4 kg,Belirtilmemiþ,"15,6 inç",Harici Ekran Kartý,GDDR6,10. Nesil,Intel Core i7,Yok (Free Dos),5 GHz,1920 x 1080,Yok,16 GB,DDR4,Yok,512 GB,,2.2 GHz,23.999 TL
33,Dell,4.4,14,10,Notebook,2666 MHz,Var,2 - 4 kg,Yok,"15,6 inç",Dahili Ekran Kartý,Onboard,11.Nesil,Intel Core i3,Ubuntu,4.1 GHz,1920 x 1080,Yok,8 GB,DDR4,Yok,256 GB,,1.70 GHz,6.998 TL
34,Asus,4.6,14,10,Notebook,2666 MHz,Var,1 - 2 kg,Yok,"15,6 inç",Dahili Ekran Kartý,Onboard,10.Nesil,Intel Core i5,Yok (Free Dos),4.2 GHz,1920 x 1080,Yok,8 GB,DDR4,Yok,256 GB,,1.6 GHz,9.299 TL
35,Asus,4.7,11,10,Notebook,2400 MHz,Var,1 - 2 kg,Belirtilmemiþ,14 inç,Harici Ekran Kartý,GDDR6,11.Nesil,Intel Core i5,Yok (Free Dos),4.4 GHz,2880 x 1800,Belirtilmemiþ,16 GB,DDR4,512 GB,512 GB,6 Saat ve Üstü,3.1 GHz,15.999 TL
36,Asus,4.7,22,"9,9",Notebook,Belirtilmemiþ,Var,1 - 2 kg,Yok,"15,6 inç",Harici Ekran Kartý,Belirtilmemiþ,10.Nesil,Intel Core i5,Yok (Free Dos),3.6 GHz,1920 x 1080,Yok,8 GB,DDR4,Yok,8 GB,4 - 6 Saat,1 GHz,9.380 TL
37,Lenovo,4.8,33,"9,6",Notebook,3200 MHz,Var,1 - 2 kg,Yok,14 inç,Dahili Ekran Kartý,Onboard,11.Nesil,Intel Core i5,Yok (Free Dos),4.2 GHz,1920 x 1080,Yok,8 GB,DDR4,Yok,256 GB,,2.4 GHz,8.497 TL
38,Dell,5.0,8,"9,6",Notebook,3200 MHz,Var,1 - 2 kg,Yok,14 inç,Dahili Ekran Kartý,Onboard,11.Nesil,Intel Core i5,Ubuntu,4.2 GHz,1920 x 1080,Yok,8 GB,DDR4,Yok,512 GB,,2.4 GHz,10.944 TL
39,Dell,4.6,45,"9,9",Notebook,3200 MHz,Var,2 kg ve Altý,Yok,"15,6 inç",Harici Ekran Kartý,GDDR5,11.Nesil,Intel Core i5,Ubuntu,4.2 GHz,1920 x 1080,Yok,8 GB,DDR4,Yok,512 GB,4 - 6 Saat,2.4 GHz,12.999 TL
40,Dell,4.6,11,"9,9",Notebook,3200 MHz,Var,1 - 2 kg,Yok,"15,6 inç",Harici Ekran Kartý,GDDR6,11.Nesil,Intel Core i5,Ubuntu,4.2 GHz,1920 x 1080,Yok,8 GB,DDR4,Yok,512 GB,4 - 6 Saat,2.4 GHz,11.161 TL
41,HP,4.5,4,"9,7",Oyun Bilgisayarlarý,2933 MHz,Var,2 - 4 kg,Yok,"15,6 inç",Yüksek Seviye Harici Ekran Kartý,GDDR6,11.Nesil,Intel Core i7,Yok (Free Dos),5 GHz,2560 x 1440,Yok,16 GB,DDR4,Yok,1 TB,,2.2 GHz,28.499 TL
42,Asus,4.8,124,09,Notebook,2666 MHz,Var,1 - 2 kg,Yok,"15,6 inç",Dahili Ekran Kartý,Onboard,10.Nesil,Intel Core i3,Yok (Free Dos),3.4 GHz,1920 x 1080,Yok,4 GB,DDR4,Yok,256 GB,,1.2 GHz,4.999 TL
43,Asus,4.6,56,10,Notebook,2933 MHz,Var,2 - 4 kg,Yok,"15,6 inç",Harici Ekran Kartý,GDDR6,10.Nesil,Intel Core i5,Yok (Free Dos),4.5 GHz,1920 x 1080,Yok,8 GB,DDR4,Yok,512 GB,,2.5 GHz,11.999 TL
44,Lenovo,4.6,148,"9,9",Notebook,3200 MHz,Var,1 - 2 kg,Yok,14 inç,Dahili Ekran Kartý,Onboard,5.Nesil,AMD Ryzen 5,Windows 10 Home,4 GHz,1920 x 1080,Yok,8 GB,DDR4,Yok,256 GB,,2.1 GHz,7.399 TL
45,Lenovo,4.8,72,"9,8",Notebook,2666 MHz,Belirtilmemiþ,2 - 4 kg,Belirtilmemiþ,14 inç,Dahili Ekran Kartý,Belirtilmemiþ,4.Nesil,Intel Celeron,Yok (Free Dos),2.6 GHz,1366 x 768,Belirtilmemiþ,4 GB,DDR4,Yok,256 GB,,1.1 GHz,3.499 TL
46,Lenovo,5.0,3,10,Notebook,3200 MHz,Var,1 - 2 kg,Yok,"15,6 inç",Dahili Ekran Kartý,Onboard,Ryzen,AMD Ryzen 7,Yok (Free Dos),4.3 GHz,1920 x 1080,Yok,8 GB,DDR4,Yok,512 GB,6 Saat ve Üstü,1.8 GHz,9.998 TL
47,Casper,4.3,90,10,Oyun Bilgisayarlarý,3200 MHz,Var,2 - 4 kg,Yok,"15,6 inç",Yüksek Seviye Harici Ekran Kartý,GDDR6,11.Nesil,Intel Core i5,Windows 11 Home,4.5 GHz,1920 x 1080,Yok,8 GB,DDR4,Yok,500 GB,,2.70 GHz,14.998 TL
48,Dell,3.2,5,,Oyun Bilgisayarlarý,3200 MHz,Var,Belirtilmemiþ,Yok,"15,6 inç",Harici Ekran Kartý,GDDR6,Ryzen,AMD Ryzen 5,Windows 11 Home,Yok,1920 x 1080,Yok,16 GB,DDR4,Yok,512 GB,,Belirtilmemiþ,13.998 TL
49,Lenovo,4.8,4,"9,9",Notebook,3200 MHz,Var,1 - 2 kg,Yok,"15,6 inç",Dahili Ekran Kartý,Onboard,11.Nesil,Intel Core i7,Yok (Free Dos),4.7 GHz,1920 x 1080,Yok,16 GB,DDR4,Yok,512 GB,4 - 6 Saat,2.8 GHz,13.299 TL
50,Huawei,4.7,250,"9,8",Notebook,Belirtilmemiþ,Var,2 kg ve Altý,Yok,"15,6 inç",Dahili Ekran Kartý,Onboard,10.Nesil,Intel Core i3,Windows 10 Home,4.1 GHz,1920 x 1080,Var,8 GB,DDR4,Yok,256 GB,4 - 6 Saat,Belirtilmemiþ,7.098 TL
51,HP,4.6,24,10,Oyun Bilgisayarlarý,3200 MHz,Var,2 - 4 kg,Yok,"15,6 inç",Yüksek Seviye Harici Ekran Kartý,GDDR6,11.Nesil,Intel Core i7,Yok (Free Dos),4.8 GHz,1920 x 1080,Belirtilmemiþ,16 GB,DDR4,1 TB,256 GB,3 Saat ve Altý,3.1 GHz,17.599 TL
52,Lenovo,4.7,87,10,Oyun Bilgisayarlarý,3200 MHz,Var,2 - 4 kg,Yok,"15,6 inç",Yüksek Seviye Harici Ekran Kartý,GDDR6,5.Nesil,AMD Ryzen 5,Yok (Free Dos),4.2 GHz,1920 x 1080,Yok,16 GB,DDR4,Yok,512 GB,6 Saat ve Üstü,3.3 GHz,19.998 TL
53,Huawei,4.8,9,"9,6",Notebook,1674 MHz,Var,1 - 2 kg,Belirtilmemiþ,"15,6 inç",Dahili Ekran Kartý,GDDR4,11.Nesil,Intel Core i5,Windows 11 Home,1.7 GHz,1920 x 1080,Var,8 GB,DDR4,256 GB,256 GB,4 - 6 Saat,1.73 GHz,9.178 TL
54,Lenovo,4.3,10,10,Notebook,3200 MHz,Var,1 - 2 kg,Yok,"15,6 inç",Dahili Ekran Kartý,Onboard,10.Nesil,Intel Core i5,Yok (Free Dos),4.2 GHz,1920 x 1080,Yok,8 GB,DDR4,Yok,512 GB,6 Saat ve Üstü,1.6 GHz,8.999 TL
55,Asus,4.8,17,,Oyun Bilgisayarlarý,3200 MHz,Var,2 - 4 kg,Yok,"15,6 inç",Yüksek Seviye Harici Ekran Kartý,GDDR6,4.Nesil,AMD Ryzen 7,Yok (Free Dos),4.2 GHz,1920 x 1080,Yok,16 GB,DDR4,Yok,512 GB,,2.9 GHz,17.899 TL
56,HP,4.7,3,"9,7",Oyun Bilgisayarlarý,4800 MHz,Var,2 - 4 kg,Yok,"16,1 inç",Harici Ekran Kartý,GDDR6,12.Nesil,Intel Core i7,Yok (Free Dos),4.7 GHz,1920 x 1080,Yok,16 GB,DDR5,Yok,512 GB,,3.5 GHz,19.999 TL
57,HP,4.7,36,"9,7",Notebook,4800 MHz,Var,2 - 4 kg,Yok,"16,1 inç",Harici Ekran Kartý,GDDR6,12.Nesil,Intel Core i5,Yok (Free Dos),4.5 GHz,1921 x 1080,Yok,8 GB,DDR5,Yok,512 GB,,3.3 GHz,16.499 TL
58,Lenovo,4.8,147,10,Oyun Bilgisayarlarý,3200 MHz,Var,2 - 4 kg,Yok,"15,6 inç",Yüksek Seviye Harici Ekran Kartý,GDDR6,5.Nesil,AMD Ryzen 5,Yok (Free Dos),4.2 GHz,1920 x 1080,Yok,8 GB,DDR4,Yok,512 GB,6 Saat ve Üstü,3.3 GHz,15.399 TL
59,Lenovo,4.8,17,10,Oyun Bilgisayarlarý,3200 MHz,Var,2 - 4 kg,Yok,"15,6 inç",Yüksek Seviye Harici Ekran Kartý,GDDR6,11.Nesil,Intel Core i7,Yok (Free Dos),4.8 GHz,1920 x 1080,Yok,16 GB,DDR4,1 TB,256 GB,6 Saat ve Üstü,3.3 GHz,18.799 TL
60,Apple,4.9,369,"9,8",Notebook,Belirtilmemiþ,Var,1 - 2 kg,Belirtilmemiþ,13 inç,Belirtilmemiþ,Belirtilmemiþ,Yok,Apple M1,macOS,Yok,2560 x 1600,Var,8 GB,Belirtilmemiþ,Yok,256 GB,,Belirtilmemiþ,20.384 TL
61,Casper,4.6,102,,Oyun Bilgisayarlarý,3200 MHz,Var,2 - 4 kg,Yok,"15,6 inç",Yüksek Seviye Harici Ekran Kartý,GDDR6,11.Nesil,Intel Core i7,Windows 11 Home,4.6 GHz,1920 x 1080,Yok,16 GB,DDR4,Yok,500 GB,,1.9 GHz,18.498 TL
62,MSI,4.5,64,09,Oyun Bilgisayarlarý,3200 MHz,Var,1 - 2 kg,Yok,"15,6 inç",Yüksek Seviye Harici Ekran Kartý,GDDR6,11.Nesil,Intel Core i5,Yok (Free Dos),4.5 GHz,1920 x 1080,Yok,8 GB,DDR4,Yok,512 GB,,2.7 GHz,14.690 TL
63,Asus,5.0,1,"9,3",Notebook,2400 MHz,Var,1 - 2 kg,Yok,"15,6 inç",Dahili Ekran Kartý,Onboard,3.Nesil,AMD Ryzen 3,Windows 11 Home,3.5 GHz,1366 x 768,Yok,4 GB,DDR4,256 GB,256 GB,4 - 6 Saat,2.60 GHz,5.279 TL
64,Asus,5.0,3,"9,9",Notebook,2666 MHz,Var,2 - 4 kg,Yok,"15,6 inç",Dahili Ekran Kartý,Onboard,10.Nesil,Intel Core i3,Yok (Free Dos),4.1 GHz,1920 x 1080,Yok,8 GB,DDR4,Yok,256 GB,,2.1 GHz,6.199 TL
65,MSI,4.6,19,"9,9",Oyun Bilgisayarlarý,3200 MHz,Var,1 - 2 kg,Yok,"15,6 inç",Harici Ekran Kartý,GDDR6,11.Nesil,Intel Core i7,Yok (Free Dos),4.6 GHz,1920 x 1080,Yok,8 GB,DDR4,Yok,512 GB,,3.5 GHz,17.555 TL
66,HP,5.0,3,10,Oyun Bilgisayarlarý,3200 MHz,Var,2 - 4 kg,Yok,"15,6 inç",Harici Ekran Kartý,GDDR6,11.Nesil,Intel Core i5,Windows 10 Home,4.2 GHz,1920 x 1080,Yok,8 GB,DDR4,Yok,512 GB,6 Saat ve Üstü,3.1 GHz,13.998 TL
67,Asus,5.0,4,"9,8",Notebook,2666 MHz,Var,2 - 4 kg,Yok,"15,6 inç",Harici Ekran Kartý,GDDR6,10.Nesil,Intel Core i5,Yok (Free Dos),3.5 GHz,1920 x 1080,Yok,8 GB,DDR4,Yok,512 GB,,1 GHz,11.999 TL
68,Dell,5.0,9,"9,9",Notebook,2400 MHz,Var,1 - 2 kg,Yok,"15,6 inç",Dahili Ekran Kartý,GDDR5,Ryzen,AMD Ryzen 3,Ubuntu,3.5 GHz,1920 x 1080,Yok,4 GB,DDR4,Yok,256 GB,,2.6 GHz,4.999 TL
69,Acer,4.6,45,10,Oyun Bilgisayarlarý,3200 MHz,Var,2 - 4 kg,Yok,"17,3 inç",Harici Ekran Kartý,GDDR6,11.Nesil,Intel Core i5,Yok (Free Dos),4.5 GHz,1920 x 1080,Yok,16 GB,DDR4,Yok,512 GB,,2.7 GHz,25.988 TL
70,Asus,4.8,63,"9,9",Oyun Bilgisayarlarý,2933 MHz,Var,2 - 4 kg,Yok,"15,6 inç",Yüksek Seviye Harici Ekran Kartý,GDDR6,11.Nesil,Intel Core i5,Yok (Free Dos),4.5 GHz,1920 x 1080,Yok,8 GB,DDR4,Yok,512 GB,,2.7 GHz,14.999 TL
71,Asus,4.8,49,"9,9",Notebook,3200 MHz,Var,1 - 2 kg,Yok,"15,6 inç",Dahili Ekran Kartý,Onboard,Ryzen,AMD Ryzen 5,Yok (Free Dos),4 GHz,1920 x 1080,Yok,8 GB,DDR4,Yok,512 GB,,2.1 GHz,9.499 TL
72,MSI,4.7,51,10,Oyun Bilgisayarlarý,2666 MHz,Var,2 - 4 kg,Yok,"15,6 inç",Yüksek Seviye Harici Ekran Kartý,GDDR6,5.Nesil,AMD Ryzen 7,Yok (Free Dos),4.2 GHz,1920 x 1080,Yok,16 GB,DDR4,Yok,1 TB,,3.3 GHz,17.896 TL
73,Acer,4.5,89,"9,8",Notebook,Belirtilmemiþ,Var,1 - 2 kg,Yok,"15,6 inç",Dahili Ekran Kartý,Onboard,Yok,Intel Celeron,Yok (Free Dos),4 GHz,1920 x 1080,Yok,4 GB,DDR4,Yok,256 GB,4 - 6 Saat,1.10 GHz,3.499 TL
74,I-Life,4.3,48,10,Notebook,1600 MHz,Var,2 - 4 kg,Yok,"15,6 inç",Dahili Ekran Kartý,Onboard,6.Nesil,Intel Core i5,Windows 10 Home,3.1 GHz,1920 x 1080,Yok,4 GB,DDR3,Yok,256 GB,,2.7 GHz,4.299 TL
75,HP,4.8,9,"9,9",Notebook,2400 MHz,Var,1 - 2 kg,Yok,"15,6 inç",Dahili Ekran Kartý,Onboard,5.Nesil,AMD Ryzen 3,Windows 10 Home,3.8 GHz,1920 x 1080,Yok,4 GB,DDR4,Yok,256 GB,,2.6 GHz,5.499 TL
76,Asus,4.9,42,"9,8",Oyun Bilgisayarlarý,3200 MHz,Var,2 - 4 kg,Yok,"15,6 inç",Yüksek Seviye Harici Ekran Kartý,GDDR6,Ryzen,AMD Ryzen 7,Yok (Free Dos),4.2 GHz,1920 x 1080,Yok,16 GB,DDR4,Yok,512 GB,,4.2 GHz,17.189 TL
77,MSI,4.7,55,09,Oyun Bilgisayarlarý,3200 MHz,Var,2 - 4 kg,Yok,"17,3 inç",Harici Ekran Kartý,GDDR6,11.Nesil,Intel Core i7,Windows 11 Home,4.6 GHz,1920 x 1080,Yok,16 GB,DDR4,Yok,1 TB,,2.3 GHz,31.610 TL
78,MSI,4.8,33,10,Notebook,3200 MHz,Var,1 - 2 kg,Yok,"15,6 inç",Harici Ekran Kartý,GDDR6,11.Nesil,Intel Core i7,Yok (Free Dos),4.1 GHz,1920 x 1080,Yok,16 GB,DDR4,Yok,512 GB,,2.3 GHz,22.989 TL
79,HP,4.6,7,"9,2",Notebook,2400 MHz,Belirtilmemiþ,1 - 2 kg,Yok,"15,6 inç",Dahili Ekran Kartý,Belirtilmemiþ,1.Nesil,Intel Celeron,Windows 10 Home,1.1 GHz,1366 x 768,Yok,4 GB,DDR4,Yok,256 GB,,1.1 GHz,4.121 TL
80,Lenovo,4.6,30,"9,8",Notebook,3200 MHz,Var,1 - 2 kg,Yok,14 inç,Dahili Ekran Kartý,Onboard,11.Nesil,Intel Core i3,Windows 11 Home,4.1 GHz,1920 x 1080,Yok,4 GB,DDR4,Yok,256 GB,6 Saat ve Üstü,4.1 GHz,5.899 TL
81,Casper,,,10,Notebook,2666 MHz,Var,2 - 4 kg,Yok,"15,6 inç",Dahili Ekran Kartý,GDDR4,10. Nesil,Core i5 10210U,Windows 10 Home,4.2 GHz,1920 x 1080,Yok,8 GB,DDR4,512 GB,240 GB,,1.6 GHz,7.749 TL
82,Lenovo,4.7,44,"9,9",Notebook,3200 MHz,Var,2 kg ve Altý,Yok,"15,6 inç",Dahili Ekran Kartý,Onboard,Ryzen,AMD Ryzen 5,Yok (Free Dos),4 GHz,1920 x 1080,Yok,8 GB,DDR4,Yok,512 GB,,2.1 GHz,8.999 TL
83,Casper,4.4,139,10,Notebook,3200 MHz,Var,2 - 4 kg,Yok,"15,6 inç",Dahili Ekran Kartý,GDDR5,11.Nesil,Intel Core i7,Yok (Free Dos),4.7 GHz,1920 x 1080,Yok,16 GB,DDR4,Yok,500 GB,,2.8 GHz,10.949 TL
84,MSI,4.8,16,"9,7",Oyun Bilgisayarlarý,3200 MHz,Var,2 - 4 kg,Yok,"17,3 inç",Yüksek Seviye Harici Ekran Kartý,GDDR6,Ryzen,AMD Ryzen 7,Yok (Free Dos),4.4 GHz,1920 x 1080,Yok,16 GB,DDR4,Yok,512 GB,,3.2 GHz,23.999 TL
85,Huawei,4.7,15,10,Notebook,Belirtilmemiþ,Var,1 - 2 kg,Yok,14 inç,Dahili Ekran Kartý,GDDR4,5.Nesil,AMD Ryzen 5,Windows 11 Home,5 GHz,2160 x 1440,Var,16 GB,DDR4,512 GB,512 GB,6 Saat ve Üstü,5 GHz,12.269 TL
86,Lenovo,4.6,12,"9,9",Notebook,2400 MHz,Var,1 - 2 kg,Yok,"15,6 inç",Dahili Ekran Kartý,Onboard,Yok,AMD Athlon Gold,Yok (Free Dos),3.3 GHz,1366 x 768,Yok,8 GB,DDR4,Yok,256 GB,3 Saat ve Altý,2.40 GHz,5.214 TL
87,Acer,4.8,4,"9,6",Oyun Bilgisayarlarý,Belirtilmemiþ,Var,2 - 4 kg,Yok,"15,6 inç",Harici Ekran Kartý,GDDR6,11.Nesil,Intel Core i5,Yok (Free Dos),4.5 GHz,1920 x 1080,Yok,16 GB,DDR4,Yok,512 GB,3 Saat ve Altý,2.70 GHz,15.999 TL
88,MSI,4.7,56,10,Notebook,3200 MHz,Var,1 - 2 kg,Yok,"15,6 inç",Dahili Ekran Kartý,Onboard,11.Nesil,Intel Core i5,Yok (Free Dos),4.5 GHz,1920 x 1080,Yok,8 GB,DDR4,Yok,512 GB,,2.5 GHz,10.593 TL
89,Hometech,4.0,160,10,Notebook,Belirtilmemiþ,Var,1 - 2 kg,Yok,"15,6 inç",Dahili Ekran Kartý,Onboard,5.Nesil,Intel Core i5,Windows 10 Home,Yok,1920 x 1080,Yok,8 GB,DDR3,Yok,256 GB,4 - 6 Saat,2.7 GHz,5.189 TL
90,Asus,4.9,36,"9,9",Oyun Bilgisayarlarý,3200 MHz,Var,2 - 4 kg,Yok,"15,6 inç",Yüksek Seviye Harici Ekran Kartý,GDDR6,Ryzen,AMD Ryzen 5,Yok (Free Dos),4 GHz,1920 x 1080,Yok,8 GB,DDR4,Yok,512 GB,,4 GHz,13.499 TL
91,Lenovo,4.7,64,10,Notebook,3200 MHz,Var,1 - 2 kg,Yok,14 inç,Dahili Ekran Kartý,Onboard,Ryzen,AMD Ryzen 5,Windows 10 Home,4 GHz,1920 x 1080,Yok,8 GB,DDR4,Yok,512 GB,4 - 6 Saat,2.1 GHz,7.999 TL
92,Asus,4.7,22,"9,8",Notebook,2400 MHz,Belirtilmemiþ,2 kg ve Altý,Yok,"15,6 inç",Dahili Ekran Kartý,Belirtilmemiþ,10.Nesil,Intel Celeron,Yok (Free Dos),2.8 GHz,1920 x 1080,Yok,4 GB,DDR4,Yok,128 GB,4 - 6 Saat,1.1 GHz,3.599 TL
93,Lenovo,4.7,32,10,Oyun Bilgisayarlarý,3200 MHz,Var,2 - 4 kg,Yok,"15,6 inç",Yüksek Seviye Harici Ekran Kartý,GDDR6,11.Nesil,Intel Core i5,Yok (Free Dos),4.4 GHz,1920 x 1080,Yok,16 GB,DDR4,Yok,512 GB,6 Saat ve Üstü,3.1 GHz,16.499 TL
94,HP,4.3,107,"9,8",Notebook,2933 MHz,Var,1 - 2 kg,Yok,"15,6 inç",Dahili Ekran Kartý,Onboard,4.Nesil,Intel Celeron,Yok (Free Dos),2.8 GHz,1366 x 768,Yok,4 GB,DDR4,128 GB,128 GB,,2.8 GHz,4.094 TL
95,Asus,5.0,9,"9,7",Notebook,4800 MHz,Var,2 - 4 kg,Yok,"15,6 inç",Harici Ekran Kartý,GDDR6,6.Nesil,AMD Ryzen 7,Yok (Free Dos),4.7 GHz,1920 x 1080,Yok,16 GB,DDR5,Yok,512 GB,,3.2 GHz,19.499 TL
96,Lenovo,,,"9,6",Notebook,Belirtilmemiþ,Var,2 - 4 kg,Yok,"15,6 inç",Dahili Ekran Kartý,Onboard,Yok,Intel Celeron,Yok (Free Dos),Yok,1366 x 768,Yok,4 GB,DDR4,Yok,256 GB,3 Saat ve Altý,1.8 GHz,4.127 TL
97,Asus,4.5,33,"9,8",Ultrabook,3200 MHz,Var,1 - 2 kg,Yok,"13,3 inç",Dahili Ekran Kartý,Onboard,10.Nesil,Intel Core i5,Yok (Free Dos),3.7 GHz,1920 x 1080,Yok,8 GB,LPDDR4X,Yok,512 GB,,1.1 GHz,9.589 TL
98,Lenovo,4.5,317,"9,9",Notebook,2400 MHz,Var,1 - 2 kg,Yok,14 inç,Dahili Ekran Kartý,Onboard,4.Nesil,Intel Celeron,Windows 10 Home,2.8 GHz,1366 x 768,Yok,4 GB,DDR4,Yok,128 GB,,1.10 GHz,3.849 TL
99,Huawei,4.8,121,"9,7",Notebook,2400 MHz,Var,2 kg ve Altý,Yok,"15,6 inç",Dahili Ekran Kartý,Onboard,10.Nesil,Intel Core i5,Windows 10 Home,4.2 GHz,1920 x 1080,Var,8 GB,DDR4,Yok,256 GB,6 Saat ve Üstü,1.60 GHz,8.990 TL
100,HP,4.5,2,10,Oyun Bilgisayarlarý,3200 MHz,Var,2 - 4 kg,Yok,"16,1 inç",Yüksek Seviye Harici Ekran Kartý,GDDR6,5.Nesil,AMD Ryzen 7,Yok (Free Dos),4.4 GHz,1920 x 1080,Yok,32 GB,DDR4,Yok,1 TB,,3.2 GHz,22.699 TL
101,Asus,5.0,11,10,Notebook,2666 MHz,Var,1 - 2 kg,Yok,"15,6 inç",Dahili Ekran Kartý,Onboard,10.Nesil,Intel Core i7,Yok (Free Dos),3.9 GHz,1920 x 1080,Yok,8 GB,DDR4,Yok,512 GB,,1.3 GHz,9.998 TL
102,Lenovo,4.5,34,"9,9",Notebook,2933 MHz,Var,1 - 2 kg,Yok,"15,6 inç",Dahili Ekran Kartý,Onboard,11.Nesil,Intel Core i5,Yok (Free Dos),4.2 GHz,1920 x 1080,Yok,8 GB,DDR4,Yok,512 GB,6 Saat ve Üstü,2.4 GHz,9.999 TL
103,Asus,4.7,63,"9,9",Oyun Bilgisayarlarý,2933 MHz,Var,2 - 4 kg,Yok,"15,6 inç",Yüksek Seviye Harici Ekran Kartý,GDDR6,11.Nesil,Intel Core i5,Yok (Free Dos),4.5 GHz,1920 x 1080,Yok,8 GB,DDR4,Yok,512 GB,,2.7 GHz,15.999 TL
104,Monster,4.7,12,"9,9",Notebook,3200 MHz,Var,2 - 4 kg,Yok,"15,6 inç",Dahili Ekran Kartý,Belirtilmemiþ,11.Nesil,Intel Core i5,Yok (Free Dos),4.2 GHz,1921 x 1080,Var,8 GB,DDR4,Yok,500 GB,,2.2 GHz,9.799 TL
105,Apple,4.9,125,"9,9",Notebook,Belirtilmemiþ,Var,1 - 2 kg,Belirtilmemiþ,13 inç,Belirtilmemiþ,Belirtilmemiþ,Yok,Apple M1,macOS,Yok,2560 x 1600,Var,8 GB,Belirtilmemiþ,Yok,256 GB,,Belirtilmemiþ,21.999 TL
106,Huawei,4.6,8,"9,4",Notebook,Belirtilmemiþ,Var,1 - 2 kg,Yok,"15,6 inç",Dahili Ekran Kartý,GDDR4,11.Nesil,Intel Core i5,Windows 11 Home,2.4 GHz,1920 x 1080,Yok,8 GB,DDR4,512 GB,512 GB,6 Saat ve Üstü,2.40 GHz,14.039 TL
107,Casper,4.2,14,10,Oyun Bilgisayarlarý,2933 MHz,Var,2 - 4 kg,Yok,"15,6 inç",Yüksek Seviye Harici Ekran Kartý,GDDR6,10. Nesil,Intel Core i5,Yok (Free Dos),4.5 GHz,1920 x 1080,Yok,16 GB,DDR4,500 GB,500 GB,,2.5 GHz,13.448 TL
108,Asus,4.8,11,10,Notebook,2666 MHz,Var,1 - 2 kg,Yok,"15,6 inç",Dahili Ekran Kartý,Onboard,10.Nesil,Intel Core i3,Yok (Free Dos),4.1 GHz,1366 x 768,Yok,4 GB,DDR4,Yok,256 GB,6 Saat ve Üstü,2.1 GHz,5.399 TL
109,Lenovo,4.9,17,10,Notebook,3200 MHz,Var,1 - 2 kg,Yok,14 inç,Dahili Ekran Kartý,Onboard,Ryzen,AMD Ryzen 3,Yok (Free Dos),3.8 GHz,1920 x 1080,Var,8 GB,DDR4,Yok,256 GB,6 Saat ve Üstü,2.60 GHz,9.299 TL
110,Asus,,,"9,7",Notebook,3200 MHz,Var,2 - 4 kg,Yok,"15,6 inç",Harici Ekran Kartý,GDDR6,11.Nesil,Intel Core i5,Yok (Free Dos),4.5 GHz,1920 x 1080,Yok,16 GB,DDR4,Yok,512 GB,,2.7 GHz,15.899 TL
111,Casper,4.6,225,10,Oyun Bilgisayarlarý,3200 MHz,Var,2 - 4 kg,Yok,"15,6 inç",Yüksek Seviye Harici Ekran Kartý,GDDR6,11.Nesil,Intel Core i7,Yok (Free Dos),4.6 GHz,1920 x 1080,Yok,16 GB,DDR4,Yok,1 TB,,2.30 GHz,23.998 TL
112,MSI,5.0,7,"9,8",Oyun Bilgisayarlarý,3200 MHz,Var,2 - 4 kg,Yok,"15,6 inç",Harici Ekran Kartý,GDDR6,12.Nesil,Intel Core i7,Windows 11 Home,4.7 GHz,1920 x 1080,Yok,32 GB,DDR4,Yok,1 TB,,3.5 GHz,41.499 TL
113,MSI,4.9,22,"9,7",Notebook,3200 MHz,Var,1 - 2 kg,Yok,"15,6 inç",Yüksek Seviye Harici Ekran Kartý,GDDR6,5.Nesil,AMD Ryzen 7,Yok (Free Dos),4.4 GHz,1920 x 1080,Yok,16 GB,DDR4,Yok,1 TB,,3.2 GHz,25.599 TL
114,Dell,4.6,53,10,Oyun Bilgisayarlarý,3200 MHz,Var,2 - 4 kg,Yok,"15,6 inç",Yüksek Seviye Harici Ekran Kartý,GDDR6,5.Nesil,AMD Ryzen 5,Windows 11 Home,4.2 GHz,1920 x 1080,Yok,8 GB,DDR4,Yok,512 GB,,3.3 GHz,14.499 TL
115,Lenovo,4.4,71,10,Oyun Bilgisayarlarý,3200 MHz,Var,2 - 4 kg,Yok,"15,6 inç",Yüksek Seviye Harici Ekran Kartý,GDDR6,5.Nesil,AMD Ryzen 7,Yok (Free Dos),4.4 GHz,1920 x 1080,Yok,16 GB,DDR4,Yok,512 GB,6 Saat ve Üstü,3.2 GHz,18.498 TL
116,Lenovo,4.8,29,10,Oyun Bilgisayarlarý,3200 MHz,Var,2 - 4 kg,Yok,"15,6 inç",Harici Ekran Kartý,GDDR6,11.Nesil,Intel Core i5,Yok (Free Dos),4.4 GHz,1920 x 1080,Belirtilmemiþ,16 GB,DDR4,1 TB,256 GB,6 Saat ve Üstü,3.1 GHz,18.599 TL
117,Asus,4.4,12,"9,7",Notebook,4800 MHz,Var,1 - 2 kg,Yok,"15,6 inç",Harici Ekran Kartý,GDDR6,6.Nesil,AMD Ryzen 7,Yok (Free Dos),4.7 GHz,1920 x 1080,Yok,16 GB,DDR5,Yok,512 GB,,3.2 GHz,19.299 TL
118,Asus,5.0,5,10,Oyun Bilgisayarlarý,3200 MHz,Var,2 - 4 kg,Yok,"15,6 inç",Yüksek Seviye Harici Ekran Kartý,GDDR6,11.Nesil,Intel Core i5,Yok (Free Dos),4.5 GHz,1920 x 1080,Belirtilmemiþ,16 GB,DDR4,Yok,512 GB,,2.7 GHz,16.586 TL
119,Lenovo,4.7,17,"9,2",Notebook,3200 MHz,Var,1 - 2 kg,Yok,14 inç,Dahili Ekran Kartý,Onboard,11.Nesil,Intel Core i7,Windows 10 Home,4.7 GHz,1920 x 1080,Yok,16 GB,DDR4,Yok,1 TB,6 Saat ve Üstü,2.8 GHz,18.325 TL
120,MSI,5.0,3,"9,9",Oyun Bilgisayarlarý,3200 MHz,Var,2 - 4 kg,Yok,"17,3 inç",Yüksek Seviye Harici Ekran Kartý,GDDR6,11.Nesil,Intel Core i7,Yok (Free Dos),4.6 GHz,1920 x 1080,Yok,16 GB,DDR4,Yok,512 GB,,2.3 GHz,32.349 TL
121,MSI,5.0,8,"9,8",Oyun Bilgisayarlarý,3200 MHz,Var,2 - 4 kg,Yok,"15,6 inç",Harici Ekran Kartý,GDDR6,Ryzen,AMD Ryzen 7,Yok (Free Dos),4.4 GHz,1920 x 1080,Yok,16 GB,DDR4,Yok,1 TB,,3.2 GHz,31.190 TL
122,Lenovo,4.3,18,"9,6",Notebook,2400 MHz,Var,1 - 2 kg,Yok,14 inç,Dahili Ekran Kartý,Onboard,Yok,Intel Celeron,Windows 11 Home,2.8 GHz,1366 x 768,Yok,4 GB,DDR4,128 GB,128 GB,6 Saat ve Üstü,1.1 GHz,3.919 TL
123,Huawei,4.5,2,10,Notebook,3733 MHz,Var,1 - 2 kg,Yok,"15,6 inç",Dahili Ekran Kartý,Belirtilmemiþ,11.Nesil,Intel Core i3,Windows 11 Home,4.1 GHz,1920 x 1080,Var,8 GB,DDR4,Yok,256 GB,,3 GHz,7.398 TL
124,Asus,4.6,24,"9,8",Notebook,2666 MHz,Var,1 - 2 kg,Yok,"15,6 inç",Dahili Ekran Kartý,Onboard,10.Nesil,Intel Core i5,Windows 11 Home,3.6 GHz,1920 x 1080,Yok,8 GB,DDR4,Yok,256 GB,,1 GHz,9.166 TL
125,Lenovo,5.0,5,9,Ýkisi Bir Arada,3200 MHz,Var,1 - 2 kg,Var,14 inç,Dahili Ekran Kartý,Onboard,11.Nesil,Intel Core i3,Windows 10 Home,4.1 GHz,1920 x 1080,Var,4 GB,DDR4,Yok,256 GB,4 - 6 Saat,3 GHz,8.379 TL
126,Dell,5.0,1,"9,9",Notebook,3200 MHz,Var,1 - 2 kg,Yok,"15,6 inç",Dahili Ekran Kartý,Onboard,11.Nesil,Intel Core i7,Windows 11 Pro,5 GHz,1920 x 1080,Var,32 GB,DDR4,Yok,1 TB,6 Saat ve Üstü,3.4 GHz,22.999 TL
127,MSI,5.0,1,"9,7",Oyun Bilgisayarlarý,3200 MHz,Var,2 - 4 kg,Yok,"17,3 inç",Yüksek Seviye Harici Ekran Kartý,GDDR6,12.Nesil,Intel Core i7,Yok (Free Dos),4.7 GHz,1920 x 1080,Yok,16 GB,DDR4,Yok,1 TB,,3.5 GHz,26.999 TL
128,MSI,5.0,6,10,Oyun Bilgisayarlarý,3200 MHz,Var,2 - 4 kg,Yok,"15,6 inç",Yüksek Seviye Harici Ekran Kartý,GDDR6,12.Nesil,Intel Core i7,Yok (Free Dos),4.7 GHz,1920 x 1080,Yok,16 GB,DDR4,Yok,1 TB,,3.5 GHz,36.999 TL
129,Lenovo,4.8,13,"9,8",Notebook,3200 MHz,Var,1 - 2 kg,Yok,"15,6 inç",Dahili Ekran Kartý,Onboard,Ryzen,AMD Ryzen 7,Endless OS,4.1 GHz,1920 x 1080,Var,8 GB,DDR4,256 GB,256 GB,6 Saat ve Üstü,2.00 GHz,13.999 TL
130,Lenovo,5.0,7,"9,9",Oyun Bilgisayarlarý,3200 MHz,Var,2 - 4 kg,Yok,"15,6 inç",Harici Ekran Kartý,GDDR6,Ryzen,AMD Ryzen 5,Windows 11 Home,4.2 GHz,1920 x 1080,Yok,8 GB,DDR4,Yok,512 GB,6 Saat ve Üstü,3.3 GHz,21.340 TL
131,Monster,4.7,98,"9,9",Oyun Bilgisayarlarý,3200 MHz,Var,2 - 4 kg,Yok,"15,6 inç",Harici Ekran Kartý,GDDR6,11.Nesil,Intel Core i5,Yok (Free Dos),4.5 GHz,1920 x 1080,Yok,8 GB,DDR4,Yok,500 GB,3 Saat ve Altý,2.70 GHz,14.503 TL
132,Asus,,,"9,9",Notebook,2666 MHz,Var,2 - 4 kg,Yok,"15,6 inç",Dahili Ekran Kartý,Onboard,10.Nesil,Intel Core i3,Yok (Free Dos),4.1 GHz,1920 x 1080,Yok,12 GB,DDR4,Yok,256 GB,,2.1 GHz,6.399 TL
133,HP,5.0,4,"9,7",Notebook,3200 MHz,Var,2 - 4 kg,Yok,"16,1 inç",Harici Ekran Kartý,GDDR6,5.Nesil,AMD Ryzen 5,Yok (Free Dos),4.2 GHz,1920 x 1080,Yok,8 GB,DDR4,Yok,512 GB,,3.3 GHz,14.799 TL
134,Acer,4.5,8,,Notebook,3200 MHz,Var,1 - 2 kg,Yok,14 inç,Yüksek Seviye Harici Ekran Kartý,GDDR6,5.Nesil,AMD Ryzen 7,Yok (Free Dos),4.4 GHz,1920 x 1080,Var,16 GB,LPDDR4X,Yok,512 GB,,1.9 GHz,15.698 TL
135,Asus,,,10,Oyun Bilgisayarlarý,6400 MHz,Var,1 - 2 kg,Var,"13,4 inç",Yüksek Seviye Harici Ekran Kartý,GDDR6,6.Nesil,AMD Ryzen 7,Yok (Free Dos),4.7 GHz,1920 x 1200,Var,16 GB,LPDDR5,Yok,1 TB,3 Saat ve Altý,3.2 GHz,20.999 TL
136,Asus,4.9,11,"9,1",Notebook,3200 MHz,Var,1 - 2 kg,Yok,"15,6 inç",Dahili Ekran Kartý,Onboard,10. Nesil,Intel Core i3,Windows 10 Home,4.1 GHz,1366 x 768,Yok,4 GB,DDR4,Yok,256 GB,6 Saat ve Üstü,2.1 GHz,5.606 TL
137,HP,5.0,2,10,Oyun Bilgisayarlarý,2933 MHz,Var,2 - 4 kg,Yok,"15,6 inç",Dahili Ekran Kartý,GDDR4,10.Nesil,Intel Core i7,Yok (Free Dos),5 GHz,1920 x 1080,Yok,16 GB,DDR4,16 GB,1 TB,,2.2 GHz,26.798 TL
138,Acer,5.0,2,,Notebook,4267 MHz,Var,1 - 2 kg,Yok,"15,6 inç",Dahili Ekran Kartý,Onboard,11.Nesil,Intel Core i5,Windows 11 Home,4.2 GHz,1920 x 1080,Yok,8 GB,DDR4,Yok,256 GB,,2.4 GHz,8.999 TL
139,Asus,5.0,2,"9,9",Notebook,3733 MHz,Var,1 - 2 kg,Yok,14 inç,Dahili Ekran Kartý,Onboard,10.Nesil,Intel Core i5,Windows 10 Home,2.4 GHz,1920 x 1080,Yok,8 GB,LPDDR4,Yok,256 GB,,2.4 GHz,10.399 TL
140,Monster,5.0,4,"9,9",Notebook,3200 MHz,Var,2 - 4 kg,Yok,"15,6 inç",Dahili Ekran Kartý,Belirtilmemiþ,11.Nesil,Intel Core i7,Yok (Free Dos),4.7 GHz,1921 x 1080,Var,8 GB,DDR4,Yok,500 GB,,2.5 GHz,11.759 TL
141,Lenovo,,,"9,4",Notebook,3200 MHz,Var,1 - 2 kg,Yok,"15,6 inç",Harici Ekran Kartý,GDDR5,11.Nesil,Intel Core i5,Yok (Free Dos),4.2 GHz,1920 x 1080,Yok,8 GB,DDR4,Yok,512 GB,,2.4 GHz,11.639 TL
142,Acer,4.3,3,10,Notebook,Belirtilmemiþ,Var,1 - 2 kg,Yok,14 inç,Belirtilmemiþ,Belirtilmemiþ,3.Nesil,Intel Celeron,Windows 11 Home,Yok,1920 x 1080,Var,4 GB,DDR4,Yok,256 GB,6 Saat ve Üstü,1.1 GHz,4.599 TL
143,MSI,4.9,14,"9,8",Oyun Bilgisayarlarý,3200 MHz,Var,2 - 4 kg,Yok,"15,6 inç",Harici Ekran Kartý,GDDR6,12.Nesil,Intel Core i7,Yok (Free Dos),4.8 GHz,1920 x 1080,Yok,16 GB,DDR4,Yok,1 TB,,3.6 GHz,32.999 TL
144,MSI,4.9,14,"9,8",Oyun Bilgisayarlarý,3200 MHz,Var,2 - 4 kg,Yok,"15,6 inç",Harici Ekran Kartý,GDDR6,12.Nesil,Intel Core i7,Yok (Free Dos),4.8 GHz,1920 x 1080,Yok,16 GB,DDR4,Yok,1 TB,,3.6 GHz,32.999 TL
145,HP,4.3,24,"9,9",Notebook,2666 MHz,Var,2 kg ve Altý,Yok,"15,6 inç",Dahili Ekran Kartý,GDDR4,11.Nesil,Intel Core i7,Yok (Free Dos),4.7 GHz,1920 x 1080,Yok,8 GB,DDR4,Yok,256 GB,,3.1 GHz,10.985 TL
146,Asus,,,10,Notebook,Belirtilmemiþ,Var,1 - 2 kg,Yok,"15,6 inç",Dahili Ekran Kartý,Onboard,10. Nesil,Intel Core i3,Windows 11 Home,2.1 GHz,1920 x 1080,Yok,8 GB,Belirtilmemiþ,256 GB,256 GB,4 - 6 Saat,2.1 GHz,6.579 TL
147,Asus,4.7,259,,Oyun Bilgisayarlarý,2933 MHz,Var,2 - 4 kg,Yok,"15,6 inç",Harici Ekran Kartý,GDDR6,10.Nesil,Intel Core i5,Yok (Free Dos),4.5 GHz,1920 x 1080,Yok,8 GB,DDR4,Yok,512 GB,,2.5 GHz,16.574 TL
148,Acer,,,"9,6",Notebook,Belirtilmemiþ,Var,1 - 2 kg,Yok,"15,6 inç",Dahili Ekran Kartý,Belirtilmemiþ,10. Nesil,Intel Core i3,Yok (Free Dos),3.4 GHz,1920 x 1080,Yok,8 GB,DDR4,Yok,256 GB,3 Saat ve Altý,1.2 GHz,5.399 TL
149,Apple,4.9,233,"9,7",Notebook,Belirtilmemiþ,Var,1 - 2 kg,Belirtilmemiþ,13 inç,Belirtilmemiþ,Belirtilmemiþ,Yok,Apple M1,macOS,Yok,2560 x 1600,Var,8 GB,Belirtilmemiþ,Yok,256 GB,,Belirtilmemiþ,20.650 TL
150,Monster,4.7,218,"9,9",Oyun Bilgisayarlarý,3200 MHz,Var,2 - 4 kg,Yok,"15,6 inç",Harici Ekran Kartý,GDDR6,11.Nesil,Intel Core i5,Yok (Free Dos),4.5 GHz,1920 x 1080,Yok,16 GB,DDR4,Yok,500 GB,,2.70 GHz,18.521 TL
151,Monster,4.7,95,"9,9",Oyun Bilgisayarlarý,3200 MHz,Var,2 - 4 kg,Yok,"17,3 inç",Harici Ekran Kartý,GDDR6,11.Nesil,Intel Core i7,Yok (Free Dos),4.5 GHz,1920 x 1080,Yok,16 GB,DDR4,Yok,500 GB,,2.3 GHz,21.559 TL
152,Asus,4.3,3,,Notebook,3200 MHz,Var,1 - 2 kg,Yok,14 inç,Yüksek Seviye Harici Ekran Kartý,GDDR6,Ryzen,AMD Ryzen 9,Yok (Free Dos),4.6 GHz,2880 x 1800,Yok,16 GB,DDR4,Yok,1 TB,,4.6 GHz,22.498 TL
153,Asus,5.0,1,,Oyun Bilgisayarlarý,4800 MHz,Var,2 - 4 kg,Yok,"15,6 inç",Yüksek Seviye Harici Ekran Kartý,GDDR6,Ryzen,AMD Ryzen 7,Yok (Free Dos),4.7 GHz,1920 x 1080,Yok,16 GB,DDR5,Yok,512 GB,,4.7 GHz,26.998 TL
154,HP,5.0,5,10,Oyun Bilgisayarlarý,2933 MHz,Var,2 - 4 kg,Yok,"15,6 inç",Dahili Ekran Kartý,GDDR4,10.Nesil,Intel Core i7,Yok (Free Dos),5 GHz,1920 x 1080,Yok,16 GB,DDR4,Yok,512 GB,,2.2 GHz,25.438 TL
155,Asus,5.0,1,,Ýkisi Bir Arada,Belirtilmemiþ,Var,1 - 2 kg,Var,"13,3 inç",Dahili Ekran Kartý,Onboard,6.Nesil,Intel Pentium,Windows 11 Home,3.3 GHz,1920 x 1080,Yok,8 GB,LPDDR4X,Yok,256 GB,,1.1 GHz,11.999 TL
156,Monster,4.7,269,"9,9",Oyun Bilgisayarlarý,3200 MHz,Var,2 - 4 kg,Yok,"15,6 inç",Harici Ekran Kartý,GDDR6,11.Nesil,Intel Core i5,Yok (Free Dos),4.5 GHz,1920 x 1080,Yok,8 GB,DDR4,Yok,500 GB,3 Saat ve Altý,2.70 GHz,17.835 TL
157,Dell,4.9,7,"9,9",Notebook,2666 MHz,Var,1 - 2 kg,Yok,"15,6 inç",Dahili Ekran Kartý,Onboard,11.Nesil,Intel Core i7,Windows 10 Pro,4.7 GHz,1920 x 1080,Yok,16 GB,DDR4,Yok,512 GB,,2.80 GHz,17.499 TL
158,MSI,4.8,30,"9,7",Oyun Bilgisayarlarý,3200 MHz,Var,2 - 4 kg,Yok,"17,3 inç",Yüksek Seviye Harici Ekran Kartý,GDDR6,11.Nesil,Intel Core i7,Yok (Free Dos),4.6 GHz,1920 x 1080,Yok,8 GB,DDR4,Yok,512 GB,,2.3 GHz,20.449 TL
159,Lenovo,4.3,3,"9,9",Notebook,3200 MHz,Var,1 - 2 kg,Yok,"15,6 inç",Dahili Ekran Kartý,Onboard,Ryzen,AMD Ryzen 7,Yok (Free Dos),4.3 GHz,1920 x 1080,Var,8 GB,DDR4,Yok,512 GB,4 - 6 Saat,1.80 GHz,11.999 TL
160,Lenovo,5.0,5,09,Oyun Bilgisayarlarý,3200 MHz,Var,2 - 4 kg,Yok,"15,6 inç",Yüksek Seviye Harici Ekran Kartý,GDDR6,11.Nesil,Intel Core i5,Yok (Free Dos),4.4 GHz,1920 x 1080,Yok,16 GB,DDR4,Yok,512 GB,,3.1 GHz,15.998 TL
161,Lenovo,,,"9,9",Notebook,Belirtilmemiþ,Var,1 - 2 kg,Yok,"15,6 inç",Belirtilmemiþ,GDDR4,Yok,Intel Core i5,Windows 11 Home,4.2 GHz,1920 x 1080,Yok,8 GB,DDR4,Belirtilmemiþ,512 GB,,2.4 GHz,10.000 TL
162,Huawei,5.0,49,"9,7",Notebook,Belirtilmemiþ,Var,1 - 2 kg,Yok,14 inç,Dahili Ekran Kartý,Belirtilmemiþ,10.Nesil,Core i5 10210U,Windows 10 Home,4.2 GHz,1921 x 1080,Belirtilmemiþ,8 GB,DDR4,512 GB,512 GB,6 Saat ve Üstü,1.60 GHz,9.699 TL
163,Lenovo,4.5,44,"9,8",Notebook,2666 MHz,Var,2 kg ve Altý,Yok,"15,6 inç",Harici Ekran Kartý,GDDR5,10.Nesil,Intel Core i5,Windows 10 Home,,1920 x 1080,Yok,8 GB,DDR4,Yok,256 GB,6 Saat ve Üstü,1.60 GHz,9.580 TL
164,Acer,4.4,33,"9,8",Notebook,Belirtilmemiþ,Var,1 - 2 kg,Yok,"15,6 inç",Dahili Ekran Kartý,Onboard,Yok,Intel Core i3,Yok (Free Dos),3.4 GHz,1920 x 1080,Yok,8 GB,DDR4,Yok,256 GB,6 Saat ve Üstü,1.2 GHz,5.899 TL
165,Apple,5.0,75,"9,8",Notebook,Belirtilmemiþ,Var,1 - 2 kg,Belirtilmemiþ,13 inç,Belirtilmemiþ,Belirtilmemiþ,Yok,Apple M1,macOS,Yok,2560 x 1600,Var,8 GB,Belirtilmemiþ,Yok,256 GB,,Belirtilmemiþ,22.772 TL
166,Asus,5.0,6,,Oyun Bilgisayarlarý,3200 MHz,Var,2 - 4 kg,Yok,"17,3 inç",Yüksek Seviye Harici Ekran Kartý,GDDR6,11.Nesil,Intel Core i7,Yok (Free Dos),4.6 GHz,3840 x 2160,Yok,16 GB,DDR4,Yok,1 TB,,2.3 GHz,35.998 TL
167,Apple,4.8,39,"9,5",Notebook,Belirtilmemiþ,Var,1 - 2 kg,Belirtilmemiþ,13 inç,Belirtilmemiþ,Belirtilmemiþ,Yok,Apple M1,macOS,Yok,2560 x 1600,Var,8 GB,Belirtilmemiþ,Yok,512 GB,,Belirtilmemiþ,24.000 TL
168,Asus,5.0,4,"9,8",Oyun Bilgisayarlarý,2933 MHz,Var,2 - 4 kg,Yok,"15,6 inç",Yüksek Seviye Harici Ekran Kartý,GDDR6,10.Nesil,Intel Core i5,Yok (Free Dos),4.5 GHz,1920 x 1080,Yok,16 GB,DDR4,1 TB,256 GB,,2.50 GHz,14.488 TL
169,Asus,,,"9,8",Notebook,Belirtilmemiþ,Belirtilmemiþ,1 - 2 kg,Yok,"15,6 inç",Dahili Ekran Kartý,Belirtilmemiþ,11.Nesil,Intel Core i5,Yok (Free Dos),4.2 GHz,1920 x 1080,Belirtilmemiþ,8 GB,DDR4,Yok,256 GB,,2.4 GHz,9.299 TL
170,MSI,5.0,1,"9,7",Oyun Bilgisayarlarý,3200 MHz,Belirtilmemiþ,2 - 4 kg,Belirtilmemiþ,"17,3 inç",Harici Ekran Kartý,GDDR6,12.Nesil,Intel Core i7,Yok (Free Dos),4.7 GHz,1920 x 1080,Belirtilmemiþ,16 GB,DDR4,Yok,1 TB,,3.5 GHz,37.929 TL
171,Monster,4.7,22,"9,9",Oyun Bilgisayarlarý,3200 MHz,Var,2 - 4 kg,Yok,"17,3 inç",Harici Ekran Kartý,GDDR6,11.Nesil,Intel Core i7,Yok (Free Dos),4.5 GHz,2560 x 1440,Yok,16 GB,DDR4,Yok,500 GB,3 Saat ve Altý,2.3 GHz,27.537 TL
172,Apple,4.9,84,"9,3",Notebook,Belirtilmemiþ,Var,1 - 2 kg,Belirtilmemiþ,13 inç,Belirtilmemiþ,Belirtilmemiþ,Yok,Apple M1,macOS,Yok,2560 x 1600,Var,8 GB,Belirtilmemiþ,Yok,512 GB,,Belirtilmemiþ,22.499 TL
173,Dell,4.6,14,10,Notebook,3200 MHz,Var,1 - 2 kg,Yok,14 inç,Dahili Ekran Kartý,Onboard,11.Nesil,Intel Core i3,Windows 10 Home,4.1 GHz,1920 x 1080,Yok,4 GB,DDR4,1 TB,256 GB,,3 GHz,6.619 TL
174,MSI,5.0,3,"9,7",Notebook,4800 MHz,Var,2 - 4 kg,Belirtilmemiþ,"15,6 inç",Harici Ekran Kartý,GDDR6,12.Nesil,Intel Core i7,Windows 11 Home,4.7 GHz,1920 x 1080,Belirtilmemiþ,32 GB,DDR5,Yok,1 TB,,3.5 GHz,55.799 TL
175,Asus,,,10,Notebook,Belirtilmemiþ,Var,1 - 2 kg,Yok,"15,6 inç",Dahili Ekran Kartý,Belirtilmemiþ,10. Nesil,Intel Core i3,Windows 11 Home,4.1 GHz,1366 x 768,Yok,4 GB,DDR4,256 GB,256 GB,6 Saat ve Üstü,2.1 GHz,6.998 TL
176,Technopc,3.9,45,,Notebook,1600 MHz,Var,1 - 2 kg,Yok,14 inç,Dahili Ekran Kartý,Onboard,3.Nesil,Intel Pentium,Yok (Free Dos),2.6 GHz,1920 x 1080,Yok,4 GB,DDR4,Yok,128 GB,4 - 6 Saat,1.6 GHz,5.947 TL
177,HP,5.0,4,10,Oyun Bilgisayarlarý,3200 MHz,Var,1 - 2 kg,Yok,"15,6 inç",Yüksek Seviye Harici Ekran Kartý,GDDR6,5.Nesil,AMD Ryzen 5,Yok (Free Dos),4.2 GHz,1920 x 1080,Belirtilmemiþ,8 GB,DDR4,Yok,512 GB,3 Saat ve Altý,3.3 GHz,14.699 TL
178,Dell,,,,Notebook,2666 MHz,Var,1 - 2 kg,Yok,14 inç,Harici Ekran Kartý,GDDR5,11.Nesil,Intel Core i5,Yok (Free Dos),4.2 GHz,1920 x 1080,Belirtilmemiþ,16 GB,DDR4,Yok,512 GB,,2.4 GHz,11.750 TL
179,Asus,5.0,26,"9,8",Notebook,Belirtilmemiþ,Var,2 kg ve Altý,Yok,"15,6 inç",Yüksek Seviye Harici Ekran Kartý,GDDR6,11.Nesil,Intel Core i5,Yok (Free Dos),4.4 GHz,1920 x 1080,Yok,16 GB,DDR4,Belirtilmemiþ,512 GB,4 - 6 Saat,2.4 GHz,16.699 TL
180,HP,5.0,4,"9,7",Oyun Bilgisayarlarý,4800 MHz,Var,2 - 4 kg,Yok,"16,1 inç",Yüksek Seviye Harici Ekran Kartý,GDDR6,12.Nesil,Intel Core i7,Yok (Free Dos),4.7 GHz,1920 x 1080,Yok,16 GB,DDR5,Yok,1 TB,,3.5 GHz,25.998 TL
181,Apple,4.8,16,"9,7",Notebook,Belirtilmemiþ,Var,1 - 2 kg,Yok,13 inç,Belirtilmemiþ,Belirtilmemiþ,Yok,Apple M1,macOS,Yok,2560 x 1600,Var,16 GB,Belirtilmemiþ,Yok,256 GB,,Belirtilmemiþ,23.999 TL
182,Asus,4.5,26,"9,8",Notebook,2666 MHz,Var,2 - 4 kg,Yok,"15,6 inç",Dahili Ekran Kartý,Onboard,Yok,Intel Celeron,Yok (Free Dos),2.8 GHz,1920 x 1080,Yok,4 GB,DDR4,Yok,256 GB,4 - 6 Saat,1.1 GHz,4.267 TL
183,Casper,5.0,2,,Oyun Bilgisayarlarý,3200 MHz,Var,2 - 4 kg,Yok,16 inç,Yüksek Seviye Harici Ekran Kartý,GDDR6,11.Nesil,Intel Core i9,Windows 11 Pro,5 GHz,2560 x 1600,Yok,32 GB,DDR4,Yok,1 TB,,2.60 GHz,48.749 TL
184,Casper,4.3,61,"9,7",Notebook,1600 MHz,Var,2 kg ve Altý,Yok,14 inç,Dahili Ekran Kartý,Onboard,Yok,Intel Core i3,Windows 11 Home,,1366 x 768,Yok,4 GB,DDR4,Yok,120 GB,4 - 6 Saat,2.00 GHz,4.529 TL
185,Lenovo,4.5,6,"9,9",Notebook,3200 MHz,Var,1 - 2 kg,Yok,"15,6 inç",Dahili Ekran Kartý,Onboard,11.Nesil,Intel Core i5,Windows 10 Pro,4.2 GHz,1920 x 1080,Yok,8 GB,DDR4,Yok,256 GB,,2.4 GHz,11.778 TL
186,Lenovo,4.6,26,"9,6",Notebook,2400 MHz,Var,1 - 2 kg,Belirtilmemiþ,"15,6 inç",Dahili Ekran Kartý,Onboard,Ryzen,AMD Ryzen 7,Windows 10 Home,4 GHz,1920 x 1080,Belirtilmemiþ,8 GB,DDR4,512 GB,512 GB,6 Saat ve Üstü,2.3 GHz,9.549 TL
187,HP,,,"9,9",Notebook,2933 MHz,Var,1 - 2 kg,Yok,"15,6 inç",Dahili Ekran Kartý,Onboard,Ryzen,AMD Ryzen 5,Windows 10 Home,4 GHz,1920 x 1080,Yok,16 GB,DDR4,Yok,512 GB,4 - 6 Saat,2.1 GHz,9.999 TL
188,Lenovo,,,"9,5",Notebook,3200 MHz,Var,1 - 2 kg,Yok,"15,6 inç",Dahili Ekran Kartý,Onboard,10.Nesil,Intel Core i5,Windows 11 Home,4.2 GHz,1920 x 1080,Yok,12 GB,DDR4,Yok,512 GB,,1.6 GHz,11.874 TL
189,HP,4.7,30,"9,9",Notebook,2666 MHz,Var,2 kg ve Altý,Yok,"15,6 inç",Dahili Ekran Kartý,Onboard,Ryzen,AMD Ryzen 5,Yok (Free Dos),3.7 GHz,1920 x 1080,Yok,8 GB,DDR4,Yok,256 GB,,2.1 GHz,8.099 TL
190,Lenovo,4.8,4,"9,8",Ýkisi Bir Arada,3200 MHz,Var,1 - 2 kg,Var,14 inç,Harici Ekran Kartý,GDDR6,11.Nesil,Intel Core i7,Windows 10 Home,4.7 GHz,1920 x 1080,Var,16 GB,DDR4,Yok,1 TB,6 Saat ve Üstü,2.80 GHz,20.498 TL
191,Apple,4.9,107,"9,8",Notebook,Belirtilmemiþ,Var,1 - 2 kg,Belirtilmemiþ,13 inç,Belirtilmemiþ,Belirtilmemiþ,Yok,Apple M1,macOS,Yok,2560 x 1600,Var,8 GB,Belirtilmemiþ,Yok,256 GB,,Belirtilmemiþ,21.988 TL
192,Lenovo,4.0,3,"9,8",Notebook,Belirtilmemiþ,Var,2 kg ve Altý,Yok,"15,6 inç",Dahili Ekran Kartý,GDDR5,10.Nesil,Intel Core i5,Windows 10 Home,,1920 x 1080,Yok,8 GB,DDR4,Yok,256 GB,6 Saat ve Üstü,1.6 GHz,9.025 TL
193,MSI,4.3,26,"9,8",Notebook,Belirtilmemiþ,Var,1 - 2 kg,Yok,14 inç,Dahili Ekran Kartý,Onboard,11.Nesil,Intel Core i7,Windows 10 Home,4.8 GHz,1920 x 1080,Yok,16 GB,LPDDR4,Yok,1 TB,,3 GHz,24.999 TL
194,Lenovo,4.7,7,"9,9",Notebook,3200 MHz,Var,2 kg ve Altý,Yok,"15,6 inç",Dahili Ekran Kartý,Onboard,11.Nesil,Intel Core i5,Windows 10 Home,4.2 GHz,1920 x 1080,Yok,8 GB,DDR4,Yok,512 GB,3 Saat ve Altý,2.40 GHz,10.499 TL
195,HP,4.6,220,"9,9",Notebook,2666 MHz,Var,2 kg ve Altý,Yok,"15,6 inç",Dahili Ekran Kartý,Onboard,10.Nesil,Intel Core i5,Windows 10 Home,Yok,1366 x 768,Yok,4 GB,DDR4,Belirtilmemiþ,256 GB,6 Saat ve Üstü,1.6 GHz,8.137 TL
196,HP,4.7,11,"9,8",Notebook,2666 MHz,Var,1 - 2 kg,Yok,"15,6 inç",Dahili Ekran Kartý,Onboard,10.Nesil,Intel Core i5,Windows 10 Home,4.2 GHz,1366 x 768,Yok,8 GB,DDR4,Yok,256 GB,6 Saat ve Üstü,1.60 GHz,8.822 TL
197,Lenovo,5.0,7,"9,7",Oyun Bilgisayarlarý,Belirtilmemiþ,Var,2 - 4 kg,Yok,"15,6 inç",Harici Ekran Kartý,GDDR6,10.Nesil,Intel Core i7,Windows 10 Home,5 GHz,1920 x 1080,Yok,16 GB,DDR4,Belirtilmemiþ,1 TB,4 - 6 Saat,2.6 GHz,26.999 TL
198,Lenovo,5.0,3,,Ýkisi Bir Arada,3200 MHz,Var,1 - 2 kg,Var,14 inç,Dahili Ekran Kartý,Onboard,11.Nesil,Intel Core i5,Windows 11 Home,4.2 GHz,1920 x 1080,Var,8 GB,DDR4,Yok,512 GB,6 Saat ve Üstü,2.4 GHz,15.498 TL
199,Monster,4.8,85,"9,9",Oyun Bilgisayarlarý,3200 MHz,Var,2 - 4 kg,Yok,"17,3 inç",Harici Ekran Kartý,GDDR6,11.Nesil,Intel Core i5,Yok (Free Dos),4.5 GHz,1920 x 1080,Yok,16 GB,DDR4,Yok,500 GB,,2.70 GHz,18.717 TL
200,Lenovo,,,"9,7",Notebook,2666 MHz,Var,1 - 2 kg,Yok,"15,6 inç",Harici Ekran Kartý,GDDR5,11.Nesil,Intel Core i7,Yok (Free Dos),4.7 GHz,1920 x 1080,Var,32 GB,DDR4,Yok,1 TB,4 - 6 Saat,2.4 GHz,23.679 TL
201,Huawei,4.7,689,10,Notebook,3200 MHz,Var,2 - 4 kg,Yok,"16,1 inç",Dahili Ekran Kartý,Onboard,Ryzen,AMD Ryzen 5,Windows 10 Home,4 GHz,1920 x 1080,Var,8 GB,DDR4,Yok,512 GB,6 Saat ve Üstü,3 GHz,14.552 TL
202,Monster,4.8,21,"9,9",Oyun Bilgisayarlarý,3200 MHz,Var,2 - 4 kg,Yok,"15,6 inç",Harici Ekran Kartý,GDDR6,11.Nesil,Intel Core i5,Windows 11 Home,4.5 GHz,1920 x 1080,Yok,16 GB,DDR4,Yok,500 GB,3 Saat ve Altý,2.70 GHz,17.599 TL
203,Acer,4.9,14,"9,8",Notebook,4267 MHz,Var,1 - 2 kg,Yok,14 inç,Dahili Ekran Kartý,Onboard,11.Nesil,Intel Core i5,Windows 10 Home,4.2 GHz,1920 x 1080,Var,8 GB,LPDDR4X,Yok,512 GB,,2.4 GHz,9.299 TL
204,Hometech,4.1,16,10,Notebook,2400 MHz,Var,1 - 2 kg,Yok,"14,1 inç",Dahili Ekran Kartý,Onboard,Yok,Intel Celeron,Windows 10 Home,2.8 GHz,1366 x 768,Yok,4 GB,DDR4,Yok,128 GB,3 Saat ve Altý,1.10 GHz,3.199 TL
205,HP,4.8,13,"9,7",Notebook,3200 MHz,Var,2 - 4 kg,Yok,"15,6 inç",Harici Ekran Kartý,GDDR6,5.Nesil,AMD Ryzen 7,Windows 10 Home,4.4 GHz,1920 x 1080,Belirtilmemiþ,16 GB,DDR4,Yok,512 GB,,1.60 GHz,26.499 TL
206,Acer,4.9,14,,Notebook,4267 MHz,Var,1 - 2 kg,Yok,14 inç,Dahili Ekran Kartý,Onboard,11.Nesil,Intel Core i7,Windows 10 Home,4.7 GHz,1920 x 1080,Var,16 GB,DDR4,Yok,512 GB,,2.80 GHz,13.998 TL
207,Monster,4.8,99,"9,9",Oyun Bilgisayarlarý,3200 MHz,Var,2 - 4 kg,Yok,"15,6 inç",Harici Ekran Kartý,GDDR6,11.Nesil,Intel Core i7,Yok (Free Dos),4.6 GHz,1920 x 1080,Yok,16 GB,DDR4,Yok,500 GB,,2.3 GHz,21.559 TL
208,Monster,4.6,132,"9,9",Oyun Bilgisayarlarý,3200 MHz,Var,2 - 4 kg,Yok,"17,3 inç",Harici Ekran Kartý,GDDR6,11.Nesil,Intel Core i7,Yok (Free Dos),4.5 GHz,1920 x 1080,Yok,16 GB,DDR4,Yok,500 GB,3 Saat ve Altý,2.3 GHz,26.067 TL
209,Monster,4.6,32,"9,9",Oyun Bilgisayarlarý,3200 MHz,Var,2 - 4 kg,Yok,"17,3 inç",Harici Ekran Kartý,GDDR6,11.Nesil,Intel Core i5,Yok (Free Dos),4.5 GHz,1920 x 1080,Yok,8 GB,DDR4,Yok,500 GB,3 Saat ve Altý,2.70 GHz,15.483 TL
210,Asus,4.4,50,10,Oyun Bilgisayarlarý,3200 MHz,Var,2 - 4 kg,Yok,"15,6 inç",Yüksek Seviye Harici Ekran Kartý,GDDR6,11.Nesil,Intel Core i7,Yok (Free Dos),4.8 GHz,1920 x 1080,Yok,16 GB,DDR4,Yok,512 GB,,3.3 GHz,25.999 TL
211,Casper,4.4,11,"9,5",Notebook,2133 MHz,Var,1 - 2 kg,Yok,14 inç,Dahili Ekran Kartý,Onboard,Yok,Intel Celeron,Windows 11 Home,2.6 GHz,1366 x 768,Yok,4 GB,DDR4,Yok,120 GB,4 - 6 Saat,1.1 GHz,3.950 TL
212,Acer,4.8,6,10,Oyun Bilgisayarlarý,3200 MHz,Var,2 - 4 kg,Yok,"15,6 inç",Yüksek Seviye Harici Ekran Kartý,GDDR6,5.Nesil,AMD Ryzen 5,Yok (Free Dos),4 GHz,1920 x 1080,Var,8 GB,DDR4,Yok,256 GB,,2.1 GHz,10.599 TL
213,MSI,,,"9,8",Notebook,Belirtilmemiþ,Belirtilmemiþ,2 - 4 kg,Belirtilmemiþ,"17,3 inç",Belirtilmemiþ,Belirtilmemiþ,11.Nesil,Intel Core i7,Windows 11 Home,3.2 GHz,1920 x 1080,Belirtilmemiþ,Belirtilmemiþ,Belirtilmemiþ,512 GB,512 GB,,Belirtilmemiþ,28.499 TL
214,HP,5.0,3,"9,6",Ultrabook,3200 MHz,Var,1 - 2 kg,Yok,"13,3 inç",Dahili Ekran Kartý,Onboard,11.Nesil,Intel Core i5,Windows 10 Home,4.2 GHz,1920 x 1080,Belirtilmemiþ,8 GB,DDR4,Yok,256 GB,6 Saat ve Üstü,2.4 GHz,10.799 TL
215,Acer,4.5,2,"9,6",Notebook,Belirtilmemiþ,Var,1 - 2 kg,Yok,"15,6 inç",Dahili Ekran Kartý,Belirtilmemiþ,Ryzen,AMD Ryzen 3,Yok (Free Dos),2.6 GHz,1920 x 1080,Yok,8 GB,DDR4,256 GB,256 GB,,Belirtilmemiþ,5.989 TL
216,HP,5.0,3,"9,6",Ultrabook,3200 MHz,Var,1 - 2 kg,Yok,"13,3 inç",Dahili Ekran Kartý,Onboard,11.Nesil,Intel Core i5,Windows 10 Home,4.2 GHz,1920 x 1080,Belirtilmemiþ,8 GB,DDR4,Yok,256 GB,6 Saat ve Üstü,2.4 GHz,10.799 TL
217,Lenovo,4.4,5,10,Notebook,3200 MHz,Var,1 - 2 kg,Yok,14 inç,Dahili Ekran Kartý,Belirtilmemiþ,Ryzen,AMD Ryzen 7,Windows 10 Home,4.4 GHz,2880 x 1800,Yok,16 GB,DDR4,Yok,1 TB,4 - 6 Saat,3.2 GHz,29.999 TL
218,Asus,5.0,1,,Notebook,2400 MHz,Var,1 - 2 kg,Yok,14 inç,Dahili Ekran Kartý,Onboard,10.Nesil,Intel Core i3,Yok (Free Dos),4.1 GHz,1920 x 1080,Yok,4 GB,DDR4,Yok,256 GB,,2.1 GHz,5.998 TL
219,HONOR,,,,Notebook,Belirtilmemiþ,Var,1 - 2 kg,Yok,14 inç,Dahili Ekran Kartý,Belirtilmemiþ,Ryzen,AMD Ryzen 5,Windows 10 Home,4.0 GHz,1920 x 1080,Var,8 GB,DDR4,Yok,512 GB,6 Saat ve Üstü,2.1 GHz,9.499 TL
220,Lenovo,4.8,4,10,Notebook,3200 MHz,Var,1 - 2 kg,Yok,"15,6 inç",Dahili Ekran Kartý,Belirtilmemiþ,Ryzen,AMD Ryzen 5,Yok (Free Dos),4 GHz,1920 x 1080,Belirtilmemiþ,8 GB,DDR4,Yok,512 GB,6 Saat ve Üstü,2.1 GHz,13.499 TL
221,Lenovo,4.6,9,"9,4",Notebook,3200 MHz,Var,1 - 2 kg,Yok,14 inç,Harici Ekran Kartý,GDDR5,11.Nesil,Intel Core i7,Yok (Free Dos),4.7 GHz,1920 x 1080,Yok,16 GB,DDR4,Yok,512 GB,3 Saat ve Altý,2.80 GHz,19.990 TL
222,HP,5.0,1,10,Oyun Bilgisayarlarý,3200 MHz,Var,2 - 4 kg,Yok,"15,6 inç",Harici Ekran Kartý,GDDR6,Ryzen,AMD Ryzen 7,Yok (Free Dos),4.4 GHz,1920 x 1080,Yok,16 GB,DDR4,Yok,512 GB,,3.2 GHz,16.899 TL
223,Asus,4.7,10,"9,8",Notebook,2666 MHz,Var,2 - 4 kg,Yok,"15,6 inç",Dahili Ekran Kartý,Onboard,10.Nesil,Intel Core i3,Windows 10 Home,4.1 GHz,1366 x 768,Yok,8 GB,DDR4,Yok,256 GB,4 - 6 Saat,2.1 GHz,6.957 TL
224,HP,4.0,2,10,Notebook,2666 MHz,Var,2 kg ve Altý,Yok,"15,6 inç",Dahili Ekran Kartý,Onboard,11.Nesil,Intel Core i3,Yok (Free Dos),4.1 GHz,1920 x 1080,Yok,8 GB,DDR4,Yok,256 GB,,3 GHz,7.298 TL
225,HONOR,4.5,4,"9,6",Notebook,Belirtilmemiþ,Var,1 - 2 kg,Yok,14 inç,Belirtilmemiþ,Belirtilmemiþ,5.Nesil,Core i5 10210U,Windows 10 Home,4.2 GHz,1920 x 1080,Var,8 GB,DDR4,Yok,512 GB,6 Saat ve Üstü,1.6 GHz,8.425 TL
226,Lenovo,,,"9,9",Notebook,3200 MHz,Var,1 - 2 kg,Yok,14 inç,Harici Ekran Kartý,GDDR5,11.Nesil,Intel Core i5,Yok (Free Dos),4.2 GHz,1920 x 1080,Yok,16 GB,DDR4,Yok,256 GB,3 Saat ve Altý,2.40 GHz,10.734 TL
227,MSI,1.0,1,"9,7",Oyun Bilgisayarlarý,3200 MHz,Var,2 - 4 kg,Yok,"15,6 inç",Harici Ekran Kartý,GDDR6,12.Nesil,Intel Core i5,Yok (Free Dos),4.5 GHz,1920 x 1080,Yok,8 GB,DDR4,Yok,512 GB,,3.5 GHz,16.498 TL
228,MSI,5.0,28,"9,4",Notebook,3200 MHz,Var,1 - 2 kg,Yok,"15,6 inç",Dahili Ekran Kartý,Onboard,Ryzen,AMD Ryzen 5,Yok (Free Dos),4 GHz,1920 x 1080,Yok,8 GB,DDR4,Yok,256 GB,,2.1 GHz,12.870 TL
229,HP,4.5,2,"9,9",Notebook,2666 MHz,Var,2 kg ve Altý,Yok,"15,6 inç",Dahili Ekran Kartý,Onboard,11.Nesil,Intel Core i5,Windows 10 Home,4.2 GHz,1920 x 1080,Yok,16 GB,DDR4,Yok,512 GB,,2.4 GHz,12.810 TL
230,Monster,4.6,29,"9,9",Oyun Bilgisayarlarý,3200 MHz,Var,2 - 4 kg,Yok,"17,3 inç",Harici Ekran Kartý,GDDR6,11.Nesil,Intel Core i7,Yok (Free Dos),4.5 GHz,2560 x 1440,Yok,16 GB,DDR4,Yok,500 GB,3 Saat ve Altý,2.3 GHz,34.887 TL
231,Lenovo,4.5,8,"9,8",Notebook,4266 MHz,Var,1 - 2 kg,Var,14 inç,Dahili Ekran Kartý,Belirtilmemiþ,7.Nesil,Intel Core i7,Windows 10 Home,4.8 GHz,3840 x 2160,Belirtilmemiþ,16 GB,LPDDR4,1 TB,1 TB,6 Saat ve Üstü,3 GHz,33.000 TL
232,Asus,5.0,2,"9,8",Notebook,2666 MHz,Var,2 - 4 kg,Yok,"15,6 inç",Dahili Ekran Kartý,Onboard,10. Nesil,Intel Core i5,Windows 11 Home,3.6 GHz,1920 x 1080,Yok,16 GB,DDR4,Yok,256 GB,,1 GHz,10.499 TL
233,HP,,,"9,4",Notebook,2400 MHz,Var,2 kg ve Altý,Yok,"15,6 inç",Dahili Ekran Kartý,Onboard,Ryzen,AMD Ryzen 5,Yok (Free Dos),3.7 GHz,1920 x 1080,Yok,16 GB,DDR4,Yok,256 GB,,2.1 GHz,9.400 TL
234,Dell,5.0,1,,Oyun Bilgisayarlarý,4800 MHz,Var,2 - 4 kg,Yok,"15,6 inç",Harici Ekran Kartý,GDDR6,12.Nesil,Intel Core i7,Ubuntu,4.7 GHz,1920 x 1080,Yok,16 GB,DDR5,Yok,512 GB,,3.5 GHz,24.848 TL
235,Asus,5.0,3,,Ultrabook,Belirtilmemiþ,Var,1 - 2 kg,Yok,"13,3 inç",Dahili Ekran Kartý,Belirtilmemiþ,11.Nesil,Intel Core i5,Windows 10 Home,1.3 GHz,1920 x 1080,Belirtilmemiþ,8 GB,Belirtilmemiþ,Yok,512 GB,4 - 6 Saat,Belirtilmemiþ,15.399 TL
236,Dell,,,"9,8",Notebook,3200 MHz,Var,1 - 2 kg,Yok,"15,6 inç",Dahili Ekran Kartý,Onboard,11.Nesil,Intel Core i5,Linux,4.2 GHz,1920 x 1080,Belirtilmemiþ,16 GB,DDR4,1 TB,512 GB,,2.40 GHz,12.259 TL
237,Lenovo,4.0,1,"9,9",Notebook,3200 MHz,Var,1 - 2 kg,Yok,"15,6 inç",Dahili Ekran Kartý,Onboard,11.Nesil,Intel Core i3,Yok (Free Dos),4.1 GHz,1920 x 1080,Yok,8 GB,DDR4,Yok,512 GB,,3 GHz,7.989 TL
238,HP,4.7,86,9,Notebook,3200 MHz,Var,1 - 2 kg,Yok,"15,6 inç",Harici Ekran Kartý,GDDR5,11.Nesil,Intel Core i5,Windows 11 Home,4.2 GHz,1920 x 1080,Yok,8 GB,DDR4,Yok,512 GB,,2.40 GHz,13.199 TL
239,Lenovo,5.0,4,,Oyun Bilgisayarlarý,3200 MHz,Var,2 - 4 kg,Yok,16 inç,Harici Ekran Kartý,GDDR6,Ryzen,AMD Ryzen 7,Yok (Free Dos),4.4 GHz,2560 x 1600,Belirtilmemiþ,16 GB,DDR4,Yok,1 TB,3 Saat ve Altý,3.2 GHz,37.800 TL
240,HP,4.2,5,"9,8",Notebook,2666 MHz,Var,1 - 2 kg,Yok,"15,6 inç",Dahili Ekran Kartý,Onboard,10.Nesil,Intel Core i5,Windows 10 Home,4.2 GHz,1366 x 768,Yok,16 GB,DDR4,Yok,1 TB,6 Saat ve Üstü,1.60 GHz,11.332 TL
241,Lenovo,4.8,4,"9,7",Ultrabook,3200 MHz,Var,1 - 2 kg,Yok,"15,6 inç",Harici Ekran Kartý,GDDR5,11.Nesil,Intel Core i7,Yok (Free Dos),4.7 GHz,1920 x 1080,Var,16 GB,DDR4,Yok,512 GB,,2.8 GHz,22.650 TL
242,HP,4.7,15,"9,8",Notebook,2666 MHz,Var,1 - 2 kg,Yok,"15,6 inç",Dahili Ekran Kartý,Onboard,10.Nesil,Intel Core i5,Windows 10 Home,4.2 GHz,1366 x 768,Yok,16 GB,DDR4,Yok,512 GB,6 Saat ve Üstü,1.60 GHz,10.524 TL
243,Asus,5.0,1,"9,9",Notebook,Belirtilmemiþ,Var,1 - 2 kg,Belirtilmemiþ,"15,6 inç",Dahili Ekran Kartý,Onboard,10.Nesil,Intel Core i5,Windows 10 Home,4.2 GHz,1920 x 1080,Belirtilmemiþ,8 GB,DDR4,Yok,256 GB,4 - 6 Saat,1.6 GHz,9.599 TL
244,Asus,5.0,1,,Notebook,4800 MHz,Var,2 - 4 kg,Yok,"15,6 inç",Yüksek Seviye Harici Ekran Kartý,GDDR6,6.Nesil,AMD Ryzen 7,Yok (Free Dos),4.7 GHz,2560 x 1440,Yok,16 GB,DDR5,Yok,1 TB,,3.2 GHz,34.199 TL
245,Lenovo,4.3,7,"9,6",Oyun Bilgisayarlarý,3200 MHz,Var,2 - 4 kg,Yok,"15,6 inç",Yüksek Seviye Harici Ekran Kartý,GDDR6,11.Nesil,Intel Core i7,Yok (Free Dos),4.8 GHz,1920 x 1080,Yok,16 GB,DDR4,Yok,512 GB,6 Saat ve Üstü,3.3 GHz,17.749 TL
246,Asus,,,09,Notebook,3200 MHz,Var,2 - 4 kg,Yok,"15,6 inç",Harici Ekran Kartý,GDDR6,4.Nesil,AMD Ryzen 5,Yok (Free Dos),4.0 GHz,1920 x 1080,Yok,16 GB,DDR4,Yok,1 TB,6 Saat ve Üstü,3 GHz,16.999 TL
247,Lenovo,4.5,2,"9,8",Notebook,3200 MHz,Var,1 - 2 kg,Yok,14 inç,Dahili Ekran Kartý,Onboard,11.Nesil,Intel Core i5,Windows 10 Home,4.2 GHz,1920 x 1080,Yok,12 GB,DDR4,Yok,512 GB,,2.4 GHz,10.477 TL
248,Monster,4.8,27,"9,9",Oyun Bilgisayarlarý,3200 MHz,Var,2 - 4 kg,Yok,"15,6 inç",Harici Ekran Kartý,GDDR6,11.Nesil,Intel Core i7,Windows 11 Home,4.6 GHz,1920 x 1080,Yok,16 GB,DDR4,Yok,500 GB,3 Saat ve Altý,2.3 GHz,23.029 TL
249,Acer,4.6,19,10,Notebook,2400 MHz,Var,1 - 2 kg,Yok,"15,6 inç",Dahili Ekran Kartý,Onboard,3.Nesil,AMD Ryzen 5,Linux,3.7 GHz,1920 x 1080,Yok,8 GB,DDR4,Yok,512 GB,,2.1 GHz,6.199 TL
250,Lenovo,5.0,3,"9,2",Oyun Bilgisayarlarý,2933 MHz,Var,2 - 4 kg,Yok,"15,6 inç",Yüksek Seviye Harici Ekran Kartý,GDDR4,10.Nesil,4600H,Windows 10 Home,2.6 GHz,1920 x 1080,Yok,16 GB,DDR4,1 TB,256 GB,4 - 6 Saat,1.8 GHz,21.041 TL
251,Acer,4.6,31,"9,8",Notebook,3200 MHz,Var,2 kg ve Altý,Var,14 inç,Dahili Ekran Kartý,Onboard,11.Nesil,Intel Core i7,Windows 10 Home,4.7 GHz,1920 x 1080,Var,16 GB,DDR4,Yok,512 GB,,2.80 GHz,16.023 TL
252,Asus,4.6,23,10,Notebook,Belirtilmemiþ,Var,1 - 2 kg,Yok,"15,6 inç",Dahili Ekran Kartý,Onboard,10.Nesil,Intel Core i3,Yok (Free Dos),4.1 GHz,1920 x 1080,Yok,4 GB,DDR4,Yok,256 GB,,2.1 GHz,5.860 TL
253,Asus,4.9,7,,Oyun Bilgisayarlarý,3200 MHz,Var,2 - 4 kg,Yok,"15,6 inç",Yüksek Seviye Harici Ekran Kartý,GDDR6,Ryzen,AMD Ryzen 9,Yok (Free Dos),4.6 GHz,2560 x 1440,Yok,16 GB,DDR4,Yok,1 TB,,3.3 GHz,36.998 TL
254,Monster,4.9,15,"9,9",Oyun Bilgisayarlarý,3200 MHz,Var,2 - 4 kg,Yok,"17,3 inç",Harici Ekran Kartý,GDDR6,11.Nesil,Intel Core i7,Windows 11 Home,4.5 GHz,1920 x 1080,Yok,16 GB,DDR4,Yok,500 GB,3 Saat ve Altý,2.3 GHz,23.029 TL
255,Asus,,,"9,9",Notebook,2666 MHz,Var,1 - 2 kg,Yok,"15,6 inç",Dahili Ekran Kartý,Onboard,10.Nesil,Intel Core i3,Yok (Free Dos),4.1 GHz,1366 x 768,Yok,4 GB,DDR4,Yok,256 GB,,2.1 GHz,5.600 TL
256,Monster,4.8,5,"9,9",Notebook,3200 MHz,Var,2 - 4 kg,Yok,"15,6 inç",Dahili Ekran Kartý,Belirtilmemiþ,11.Nesil,Intel Core i7,Windows 11 Home,4.7 GHz,1921 x 1080,Var,16 GB,DDR4,Yok,1 TB,,2.5 GHz,15.875 TL
257,MSI,4.5,11,10,Ultrabook,3200 MHz,Var,Belirtilmemiþ,Yok,"15,6 inç",Harici Ekran Kartý,GDDR6,11.Nesil,Intel Core i5,Yok (Free Dos),Yok,1920 x 1080,Var,8 GB,DDR4,Yok,512 GB,,Belirtilmemiþ,16.558 TL
258,Apple,,,,Notebook,Belirtilmemiþ,Var,1 - 2 kg,Belirtilmemiþ,13 inç,Belirtilmemiþ,Belirtilmemiþ,Yok,Apple M2,macOS,Yok,2560 x 1600,Belirtilmemiþ,8 GB,Belirtilmemiþ,Yok,256 GB,,Belirtilmemiþ,25.999 TL
259,Dell,5.0,4,"9,8",Notebook,3200 MHz,Var,1 - 2 kg,Yok,"15,6 inç",Dahili Ekran Kartý,Onboard,11.Nesil,Intel Core i5,Linux,4.2 GHz,1920 x 1080,Yok,8 GB,DDR4,Yok,256 GB,,2.40 GHz,15.030 TL
260,Lenovo,3.0,1,"9,8",Notebook,3200 MHz,Var,1 - 2 kg,Yok,14 inç,Dahili Ekran Kartý,Onboard,11.Nesil,Intel Core i3,Yok (Free Dos),4.1 GHz,1920 x 1080,Yok,8 GB,DDR4,Yok,256 GB,6 Saat ve Üstü,3 GHz,7.299 TL
261,MSI,4.5,12,9,Notebook,3200 MHz,Var,1 - 2 kg,Yok,14 inç,Harici Ekran Kartý,GDDR5,11.Nesil,Intel Core i5,Yok (Free Dos),4.2 GHz,1920 x 1080,Yok,8 GB,DDR4,Yok,256 GB,,2.4 GHz,11.990 TL
262,Casper,4.5,12,10,Oyun Bilgisayarlarý,3200 MHz,Var,2 - 4 kg,Yok,"15,6 inç",Yüksek Seviye Harici Ekran Kartý,GDDR6,11.Nesil,Intel Core i7,Yok (Free Dos),4.6 GHz,1920 x 1080,Yok,16 GB,DDR4,Yok,500 GB,,1.9 GHz,18.298 TL
263,Asus,4.5,2,,Notebook,4800 MHz,Var,1 - 2 kg,Yok,"15,6 inç",Yüksek Seviye Harici Ekran Kartý,GDDR6,6.Nesil,AMD Ryzen 7,Yok (Free Dos),4.7 GHz,2560 x 1440,Yok,16 GB,DDR5,Yok,512 GB,,3.2 GHz,34.199 TL
264,Asus,4.0,1,"9,8",Notebook,2666 MHz,Var,2 kg ve Altý,Yok,"15,6 inç",Harici Ekran Kartý,GDDR5,11.Nesil,Intel Core i5,Yok (Free Dos),4.2 GHz,1920 x 1080,Yok,16 GB,DDR4,Yok,256 GB,4 - 6 Saat,2.4 GHz,12.060 TL
265,Asus,,,"9,8",Notebook,2666 MHz,Var,1 - 2 kg,Yok,"15,6 inç",Dahili Ekran Kartý,Onboard,10. Nesil,Intel Core i7,Windows 11 Pro,3.9 GHz,1920 x 1080,Yok,16 GB,DDR4,Yok,512 GB,,1.3 GHz,13.702 TL
266,Dell,,,10,Notebook,2666 MHz,Var,1 - 2 kg,Yok,"15,6 inç",Dahili Ekran Kartý,Onboard,11.Nesil,Intel Core I5,Ubuntu,4.2 GHz,1920 x 1080,Var,8 GB,DDR4,Yok,256 GB,3 Saat ve Altý,Belirtilmemiþ,10.440 TL
267,HP,,,"9,9",Oyun Bilgisayarlarý,4800 MHz,Var,2 - 4 kg,Yok,"16,1 inç",Yüksek Seviye Harici Ekran Kartý,GDDR6,12.Nesil,Intel Core i7,Yok (Free Dos),4.7 GHz,2560 x 1440,Yok,16 GB,DDR5,Yok,1 TB,6 Saat ve Üstü,3.5 GHz,37.499 TL
268,Lenovo,4.7,32,"9,8",Notebook,3200 MHz,Var,1 - 2 kg,Yok,14 inç,Dahili Ekran Kartý,Onboard,11.Nesil,Intel Core i3,Yok (Free Dos),4.1 GHz,1920 x 1080,Var,4 GB,DDR4,Yok,256 GB,6 Saat ve Üstü,3 GHz,6.499 TL
269,MSI,5.0,1,10,Oyun Bilgisayarlarý,3200 MHz,Var,2 - 4 kg,Yok,"15,6 inç",Yüksek Seviye Harici Ekran Kartý,GDDR6,Ryzen,AMD Ryzen 5,Yok (Free Dos),4.2 GHz,1920 x 1080,Yok,8 GB,DDR4,Yok,Belirtilmemiþ,,3.3 GHz,14.690 TL
270,HP,,,,Notebook,3200 MHz,Var,1 - 2 kg,Yok,"13,3 inç",Dahili Ekran Kartý,Onboard,Ryzen,AMD Ryzen 7,Windows 11 Home,4.4 GHz,1920 x 1080,Var,8 GB,DDR4,512 GB,512 GB,,4.4 GHz,13.288 TL
271,Lenovo,4.0,1,"9,8",Notebook,3200 MHz,Var,1 - 2 kg,Yok,"15,6 inç",Dahili Ekran Kartý,Onboard,11.Nesil,Intel Core i3,Windows 11 Home,4.1 GHz,1920 x 1080,Yok,4 GB,DDR3,Yok,256 GB,,4.2 GHz,7.099 TL
272,Asus,4.1,12,"9,8",Notebook,2400 MHz,Var,1 - 2 kg,Yok,14 inç,Dahili Ekran Kartý,Belirtilmemiþ,11.Nesil,Intel Core i5,Windows 11 Home,4.2 GHz,1920 x 1080,Yok,8 GB,DDR4,256 GB,256 GB,,2.4 GHz,8.599 TL
273,Lenovo,5.0,1,"9,8",Oyun Bilgisayarlarý,2933 MHz,Var,2 kg ve Altý,Yok,"15,6 inç",Harici Ekran Kartý,GDDR5,10.Nesil,Intel Core i5,Windows 10 Pro,4.5 GHz,1920 x 1080,Yok,16 GB,DDR4,1 TB,512 GB,,2.5 GHz,16.132 TL
274,Hometech,,,"9,7",Notebook,Belirtilmemiþ,Var,1 - 2 kg,Yok,"14,1 inç",Dahili Ekran Kartý,Belirtilmemiþ,3.Nesil,Intel Celeron,Windows 10 Home,2.1 GHz,1366 x 768,Yok,4 GB,Belirtilmemiþ,Yok,128 GB,4 - 6 Saat,1.1 GHz,3.199 TL
275,Dell,5.0,2,"9,8",Notebook,3200 MHz,Var,1 - 2 kg,Yok,"15,6 inç",Dahili Ekran Kartý,Onboard,11.Nesil,Intel Core i5,Linux,4.2 GHz,1920 x 1080,Belirtilmemiþ,16 GB,DDR4,1 TB,256 GB,,2.40 GHz,11.671 TL
276,Asus,4.8,4,,Oyun Bilgisayarlarý,3200 MHz,Var,2 - 4 kg,Yok,"17,3 inç",Yüksek Seviye Harici Ekran Kartý,GDDR6,Ryzen,AMD Ryzen 9,Yok (Free Dos),4.6 GHz,2560 x 1440,Yok,32 GB,DDR4,Yok,2 TB,,3.3 GHz,61.498 TL
277,Asus,4.9,8,10,Oyun Bilgisayarlarý,4800 MHz,Var,2 - 4 kg,Yok,"15,6 inç",Yüksek Seviye Harici Ekran Kartý,GDDR6,6.Nesil,AMD Ryzen 7,Yok (Free Dos),4.7 GHz,1920 x 1080,Belirtilmemiþ,16 GB,DDR5,Yok,512 GB,,3.2 GHz,19.299 TL
278,I-Life,3.8,58,"9,7",Notebook,1600 MHz,Var,2 - 4 kg,Yok,"15,6 inç",Dahili Ekran Kartý,Onboard,6.Nesil,Intel Core i5,Windows 10 Home,3.1 GHz,1920 x 1080,Yok,4 GB,DDR3,Yok,256 GB,,2.7 GHz,5.799 TL
279,Dell,4.6,367,09,Notebook,2666 MHz,Var,1 - 2 kg,Yok,"15,6 inç",Dahili Ekran Kartý,Onboard,11.Nesil,Intel Core i3,Windows 10 Home,4.1 GHz,1920 x 1080,Yok,8 GB,DDR4,Yok,256 GB,,1.70 GHz,8.859 TL
280,Apple,4.9,48,"9,8",Notebook,Belirtilmemiþ,Var,1 - 2 kg,Yok,13 inç,Belirtilmemiþ,Belirtilmemiþ,Yok,Apple M1,macOS,Yok,2560 x 1600,Var,16 GB,Belirtilmemiþ,Yok,512 GB,,Belirtilmemiþ,36.800 TL
281,Asus,,,,Notebook,3200 MHz,Var,1 - 2 kg,Yok,"15,6 inç",Yüksek Seviye Harici Ekran Kartý,GDDR6,Ryzen,AMD Ryzen 5,Yok (Free Dos),4.2 GHz,1920 x 1080,Yok,16 GB,DDR4,Yok,512 GB,,4.2 GHz,17.998 TL
282,HP,4.8,4,"9,8",Ultrabook,3200 MHz,Var,1 - 2 kg,Yok,"15,6 inç",Harici Ekran Kartý,GDDR5,11.Nesil,Intel Core i5,Windows 10 Home,4.2 GHz,1920 x 1080,Var,8 GB,DDR4,Yok,512 GB,,1.2 GHz,13.399 TL
283,Monster,4.6,16,"9,9",Oyun Bilgisayarlarý,3200 MHz,Var,2 - 4 kg,Yok,"15,6 inç",Harici Ekran Kartý,GDDR6,11.Nesil,Intel Core i7,Windows 11 Home,4.6 GHz,1920 x 1080,Yok,16 GB,DDR4,Yok,500 GB,3 Saat ve Altý,2.3 GHz,20.873 TL
284,Monster,4.7,20,"9,9",Oyun Bilgisayarlarý,3200 MHz,Var,2 - 4 kg,Yok,"15,6 inç",Harici Ekran Kartý,GDDR6,11.Nesil,Intel Core i5,Windows 11 Home,4.5 GHz,1920 x 1080,Yok,16 GB,DDR4,Yok,500 GB,3 Saat ve Altý,2.70 GHz,19.991 TL
285,Lenovo,4.0,1,"9,8",Oyun Bilgisayarlarý,3200 MHz,Var,2 - 4 kg,Yok,"15,6 inç",Harici Ekran Kartý,DDR5,11.Nesil,Intel Core i7,Windows 11 Home,4.8 GHz,1920 x 1080,Yok,16 GB,DDR4,1 TB,250 GB,4 - 6 Saat,3.3 GHz,21.299 TL
286,MSI,5.0,4,"9,8",Oyun Bilgisayarlarý,3200 MHz,Var,2 - 4 kg,Yok,"17,3 inç",Yüksek Seviye Harici Ekran Kartý,GDDR6,12.Nesil,Intel Core i7,Windows 11 Home,4.7 GHz,2560 x 1440,Yok,32 GB,DDR5,Yok,1 TB,,3.5 GHz,63.299 TL
287,HP,4.5,8,"9,9",Notebook,2666 MHz,Var,1 - 2 kg,Yok,"15,6 inç",Dahili Ekran Kartý,Belirtilmemiþ,11.Nesil,Intel Core i3,Yok (Free Dos),3 GHz,1920 x 1080,Yok,8 GB,DDR4,Yok,256 GB,4 - 6 Saat,3 GHz,7.484 TL
288,Asus,,,"9,6",Notebook,3200 MHz,Var,1 - 2 kg,Yok,"15,6 inç",Dahili Ekran Kartý,Onboard,10. Nesil,Intel Core i5,Windows 11 Home,3.6 GHz,1920 x 1080,Yok,16 GB,DDR4,Yok,512 GB,,1 GHz,11.449 TL
289,HP,5.0,1,"9,6",Notebook,3200 MHz,Var,1 - 2 kg,Yok,"15,6 inç",Dahili Ekran Kartý,Onboard,11.Nesil,Intel Core i5,Windows 10 Home,4.2 GHz,1920 x 1080,Yok,16 GB,DDR4,Yok,512 GB,6 Saat ve Üstü,2.4 GHz,13.665 TL
290,Lenovo,4.3,6,,Ýkisi Bir Arada,2133 MHz,Var,2 kg ve Altý,Var,"15,6 inç",Belirtilmemiþ,DDR5,8.Nesil,Intel Core i5,Chrome OS,1.6 GHz,3840 x 2160,Yok,8 GB,DDR4,128 GB,128 GB,6 Saat ve Üstü,1.60 GHz,8.711 TL
291,HP,,,"9,1",Notebook,3200 MHz,Var,1 - 2 kg,Yok,14 inç,Harici Ekran Kartý,GDDR6,11.Nesil,Intel Core i7,Windows 10 Home,4.7 GHz,1920 x 1080,Yok,32 GB,DDR4,Yok,2 TB,6 Saat ve Üstü,2.80 GHz,24.597 TL
292,Fujitsu,4.5,15,"9,9",Notebook,3200 MHz,Var,1 - 2 kg,Yok,"15,6 inç",Dahili Ekran Kartý,Belirtilmemiþ,10.Nesil,Intel Core i5,Yok (Free Dos),3.6 GHz,1920 x 1080,Yok,8 GB,DDR4,Yok,256 GB,4 - 6 Saat,1 GHz,8.400 TL
293,HONOR,4.9,7,"9,1",Notebook,2400 MHz,Var,1 - 2 kg,Yok,"15,6 inç",Dahili Ekran Kartý,Onboard,Ryzen,AMD Ryzen 5,Windows 10 Home,Yok,1920 x 1080,Var,8 GB,DDR4,256 GB,256 GB,4 - 6 Saat,2.1 GHz,8.050 TL
294,MSI,4.6,5,"9,7",Oyun Bilgisayarlarý,4800 MHz,Var,2 - 4 kg,Yok,"17,3 inç",Harici Ekran Kartý,GDDR6,12.Nesil,Intel Core i7,Windows 11 Home,4.7 GHz,1920 x 1080,Yok,32 GB,DDR5,Yok,2 TB,,3.5 GHz,67.799 TL
295,HP,4.7,6,"9,8",Notebook,2666 MHz,Var,2 - 4 kg,Yok,"15,6 inç",Harici Ekran Kartý,GDDR5,11.Nesil,Intel Core i5,Windows 10 Pro,4.2 GHz,1920 x 1080,Yok,16 GB,DDR4,Yok,512 GB,,2.4 GHz,15.500 TL
296,I-Life,4.1,56,"9,9",Notebook,1866 MHz,Var,2 - 4 kg,Yok,"15,6 inç",Dahili Ekran Kartý,Onboard,7.Nesil,Intel Core i7,Windows 10 Home,3.6 GHz,1920 x 1080,Yok,8 GB,DDR3,Yok,256 GB,,1.3 GHz,6.174 TL
297,Asus,4.5,4,"9,9",Oyun Bilgisayarlarý,Belirtilmemiþ,Var,1 - 2 kg,Yok,"15,6 inç",Harici Ekran Kartý,GDDR6,11.Nesil,Intel Core i7,Yok (Free Dos),4.8 GHz,1920 x 1080,Yok,16 GB,DDR4,512 GB,512 GB,,3.3 GHz,23.656 TL
298,Asus,4.8,58,,Notebook,3200 MHz,Var,1 - 2 kg,Yok,"15,6 inç",Dahili Ekran Kartý,Onboard,11.Nesil,Intel Core i5,Yok (Free Dos),4.2 GHz,1920 x 1080,Yok,8 GB,DDR4,Yok,512 GB,,2.4 GHz,10.800 TL
299,Casper,4.2,106,"9,6",Notebook,1600 MHz,Var,2 kg ve Altý,Yok,14 inç,Dahili Ekran Kartý,Onboard,Yok,Intel Core i3,Yok (Free Dos),,1366 x 768,Yok,4 GB,DDR3,Yok,240 GB,4 - 6 Saat,2.00 GHz,5.195 TL
300,Dell,5.0,2,"9,9",Notebook,2666 MHz,Var,1 - 2 kg,Yok,"15,6 inç",Dahili Ekran Kartý,Onboard,11.Nesil,Intel Core i5,Windows 10 Pro,4.2 GHz,1920 x 1080,Yok,16 GB,DDR4,Yok,512 GB,,2.40 GHz,15.799 TL
301,Asus,,,"9,8",Notebook,3200 MHz,Var,1 - 2 kg,Yok,"15,6 inç",Dahili Ekran Kartý,Onboard,Ryzen,AMD Ryzen 5,Yok (Free Dos),4 GHz,1920 x 1080,Yok,16 GB,DDR4,Yok,512 GB,,2.1 GHz,11.499 TL
302,Dell,5.0,1,"9,9",Notebook,3200 MHz,Var,2 - 4 kg,Yok,14 inç,Harici Ekran Kartý,GDDR4,11.Nesil,Intel Core i5,Windows 10 Pro,4.6 GHz,1920 x 1080,Belirtilmemiþ,16 GB,DDR4,Yok,512 GB,,3.2 GHz,16.799 TL
303,Lenovo,,,"9,7",Notebook,3200 MHz,Var,1 - 2 kg,Yok,"15,6 inç",Harici Ekran Kartý,GDDR6,11.Nesil,Intel Core i5,Yok (Free Dos),4.2 GHz,1920 x 1080,Var,16 GB,DDR4,Yok,1 TB,4 - 6 Saat,2.4 GHz,17.835 TL
304,Asus,5.0,3,"9,9",Notebook,2666 MHz,Var,2 - 4 kg,Yok,"15,6 inç",Dahili Ekran Kartý,Onboard,10.Nesil,Intel Core i3,Yok (Free Dos),4.1 GHz,1920 x 1080,Yok,4 GB,DDR4,Yok,256 GB,,2.1 GHz,5.799 TL
305,Lenovo,,,"9,9",Notebook,2400 MHz,Var,1 - 2 kg,Yok,"15,6 inç",Dahili Ekran Kartý,Onboard,Yok,AMD Athlon Gold,Windows 10 Home,3.3 GHz,1366 x 768,Yok,8 GB,DDR4,Yok,256 GB,,2.4 GHz,5.886 TL
306,Asus,,,"9,9",Oyun Bilgisayarlarý,2933 MHz,Var,1 - 2 kg,Yok,14 inç,Yüksek Seviye Harici Ekran Kartý,GDDR6,Ryzen,AMD Ryzen 7,Yok (Free Dos),2.8 GHz,1920 x 1080,Var,24 GB,DDR4,Yok,512 GB,4 - 6 Saat,2.80 GHz,16.649 TL
307,Lenovo,,,"9,9",Notebook,2666 MHz,Var,1 - 2 kg,Yok,"15,6 inç",Dahili Ekran Kartý,Onboard,10.Nesil,Intel Core i5,Yok (Free Dos),4.2 GHz,1920 x 1080,Yok,32 GB,DDR4,Yok,512 GB,3 Saat ve Altý,1.60 GHz,13.428 TL
308,Asus,5.0,3,10,Notebook,3200 MHz,Var,1 - 2 kg,Yok,14 inç,Dahili Ekran Kartý,Onboard,11.Nesil,Intel Core i5,Yok (Free Dos),4.2 GHz,1920 x 1080,Yok,8 GB,DDR4,Yok,256 GB,,2.4 GHz,8.449 TL
309,Acer,4.4,32,"9,7",Notebook,Belirtilmemiþ,Var,1 - 2 kg,Belirtilmemiþ,"15,6 inç",Belirtilmemiþ,Belirtilmemiþ,Yok,Intel Celeron,Yok (Free Dos),Yok,1921 x 1080,Yok,4 GB,DDR4,Belirtilmemiþ,256 GB,,1.1 GHz,4.559 TL
310,Lenovo,5.0,28,"9,7",Ultrabook,3200 MHz,Var,1 - 2 kg,Yok,14 inç,Harici Ekran Kartý,GDDR4,11.Nesil,Intel Core i5,Windows 10 Home,4.2 GHz,1920 x 1080,Var,8 GB,DDR4,512 GB,512 GB,,2.4 GHz,13.999 TL
311,Lenovo,4.3,95,"9,9",Notebook,2666 MHz,Var,2 - 4 kg,Yok,14 inç,Dahili Ekran Kartý,Onboard,Ryzen,AMD Ryzen 3,Yok (Free Dos),3.5 GHz,1920 x 1080,Yok,4 GB,DDR4,1 TB,Yok,3 Saat ve Altý,2.60 GHz,5.999 TL
312,Dell,5.0,1,"9,9",Notebook,2933 MHz,Var,2 - 4 kg,Yok,"15,6 inç",Dahili Ekran Kartý,Onboard,Ryzen,AMD Ryzen 7,Windows 10 Pro,4 GHz,1920 x 1080,Yok,16 GB,DDR4,Yok,16 GB,,2.3 GHz,12.599 TL
313,HONOR,4.9,14,"9,9",Notebook,Belirtilmemiþ,Var,1 - 2 kg,Yok,"15,6 inç",Dahili Ekran Kartý,Belirtilmemiþ,10. Nesil Intel® Core™ i3-10110U iþlemci,Intel Core i3,Windows 10 Home,4.1 GHz,1920 x 1080,Var,8 GB,DDR4,256 GB,256 GB,4 - 6 Saat,2.1 GHz,7.195 TL
314,Lenovo,1.0,1,"9,9",Notebook,4266 MHz,Var,1 - 2 kg,Yok,14 inç,Dahili Ekran Kartý,Onboard,11.Nesil,Intel Core i7,Windows 10 Pro,4.7 GHz,1920 x 1200,Var,16 GB,LPDDR4X,Yok,1 TB,4 - 6 Saat,2.8 GHz,44.999 TL
315,Asus,,,09,Notebook,3200 MHz,Var,2 - 4 kg,Yok,"15,6 inç",Harici Ekran Kartý,GDDR6,4.Nesil,AMD Ryzen 5,Yok (Free Dos),4.0 GHz,1920 x 1080,Yok,16 GB,DDR4,Yok,512 GB,6 Saat ve Üstü,3 GHz,15.200 TL
316,Asus,,,"9,8",Notebook,2400 MHz,Belirtilmemiþ,1 - 2 kg,Yok,"15,6 inç",Belirtilmemiþ,Belirtilmemiþ,Ryzen,AMD Ryzen 3,Yok (Free Dos),3.5 GHz,1366 x 768,Yok,8 GB,DDR4,Belirtilmemiþ,256 GB,,2.1 GHz,5.599 TL
317,Asus,,,"9,8",Notebook,Belirtilmemiþ,Belirtilmemiþ,1 - 2 kg,Belirtilmemiþ,"15,6 inç",Dahili Ekran Kartý,Belirtilmemiþ,11.Nesil,Intel Core i5,Yok (Free Dos),4.2 GHz,1920 x 1080,Belirtilmemiþ,4 GB,DDR4,Yok,256 GB,,2.4 GHz,8.799 TL
318,Asus,4.5,80,10,Notebook,2400 MHz,Var,2 - 4 kg,Yok,"15,6 inç",Harici Ekran Kartý,GDDR5,9.Nesil,Intel Core i5,Yok (Free Dos),4.1 GHz,1920 x 1080,Yok,8 GB,DDR4,Yok,512 GB,,2.4 GHz,12.499 TL
319,Apple,5.0,8,"9,8",Notebook,Belirtilmemiþ,Var,Belirtilmemiþ,Var,16 inç,Belirtilmemiþ,Belirtilmemiþ,Yok,Apple M1 Pro Çip,macOS,Yok,Belirtilmemiþ,Belirtilmemiþ,16 GB,Belirtilmemiþ,Yok,512 GB,,Belirtilmemiþ,47.970 TL
320,Monster,4.5,40,"9,9",Oyun Bilgisayarlarý,3200 MHz,Var,2 - 4 kg,Yok,"17,3 inç",Yüksek Seviye Harici Ekran Kartý,GDDR6,11.Nesil,Intel Core i7,Yok (Free Dos),4.6 GHz,1922 x 1080,Yok,16 GB,DDR4,Yok,1 TB,3 Saat ve Altý,2.3 GHz,29.987 TL
321,Casper,4.6,22,,Notebook,3200 MHz,Var,1 - 2 kg,Yok,"15,6 inç",Dahili Ekran Kartý,Onboard,11.Nesil,Intel Core i5,Windows 11 Home,4.2 GHz,1920 x 1080,Yok,4 GB,DDR4,Yok,250 GB,,2.40 GHz,9.598 TL
322,HP,4.9,7,"9,8",Notebook,2666 MHz,Var,1 - 2 kg,Yok,"15,6 inç",Dahili Ekran Kartý,Onboard,10.Nesil,Intel Core i5,Windows 10 Home,4.2 GHz,1366 x 768,Yok,12 GB,DDR4,Yok,256 GB,6 Saat ve Üstü,1.60 GHz,9.260 TL
323,Asus,5.0,7,"9,9",Notebook,Belirtilmemiþ,Var,1 - 2 kg,Yok,"15,6 inç",Harici Ekran Kartý,GDDR5,10.Nesil,Intel Core i5,Windows 10 Home,3.6 GHz,1920 x 1080,Yok,8 GB,DDR4,Yok,256 GB,,1.2 GHz,9.699 TL
324,Lenovo,4.9,24,10,Notebook,3200 MHz,Var,1 - 2 kg,Yok,14 inç,Dahili Ekran Kartý,Belirtilmemiþ,11.Nesil,Intel Core i3,Yok (Free Dos),4.1 GHz,1920 x 1080,Yok,4 GB,DDR4,Yok,256 GB,,1.70 GHz,6.320 TL
325,Asus,4.2,42,"9,8",Notebook,3200 MHz,Var,1 - 2 kg,Yok,"15,6 inç",Harici Ekran Kartý,GDDR5,11.Nesil,Intel Core i5,Yok (Free Dos),4.2 GHz,1920 x 1080,Yok,8 GB,DDR4,Yok,256 GB,,2.4 GHz,11.439 TL
326,Lenovo,5.0,2,"9,9",Notebook,3200 MHz,Var,2 kg ve Altý,Yok,"15,6 inç",Dahili Ekran Kartý,Onboard,11.Nesil,Intel Core i5,Yok (Free Dos),4.2 GHz,1920 x 1080,Var,16 GB,DDR4,Yok,256 GB,,2.4 GHz,15.199 TL
327,Asus,5.0,1,"9,7",Notebook,3200 MHz,Var,1 - 2 kg,Yok,"15,6 inç",Harici Ekran Kartý,GDDR5,11.Nesil,Intel Core i7,Windows 10 Home,4.7 GHz,1920 x 1080,Yok,16 GB,DDR4,Yok,1 TB,4 - 6 Saat,2.80 GHz,23.999 TL
328,HP,4.0,1,"9,9",Notebook,3200 MHz,Var,1 - 2 kg,Yok,14 inç,Dahili Ekran Kartý,Onboard,11.Nesil,Intel Core i5,Windows 10 Pro,4.2 GHz,1920 x 1080,Yok,16 GB,DDR4,Yok,512 GB,4 - 6 Saat,1.3 GHz,14.399 TL
329,Lenovo,4.0,1,10,Notebook,2400 MHz,Var,1 - 2 kg,Yok,14 inç,Dahili Ekran Kartý,Onboard,Yok,AMD Athlon,Windows 10 Home,2.8 GHz,1366 x 768,Yok,4 GB,DDR4,128 GB,128 GB,6 Saat ve Üstü,1.4 GHz,4.599 TL
330,MSI,,,"9,7",Notebook,4800 MHz,Var,2 - 4 kg,Var,16 inç,Yüksek Seviye Harici Ekran Kartý,GDDR6,12.Nesil,Intel Core i7,Windows 11 Pro,4.7 GHz,2560 x 1600,Var,16 GB,DDR5,Yok,1 TB,,3.5 GHz,50.329 TL
331,Dell,5.0,1,"9,9",Notebook,2666 MHz,Var,1 - 2 kg,Yok,"15,6 inç",Dahili Ekran Kartý,GDDR5,11.Nesil,Intel Core i5,Linux,4.2 GHz,1920 x 1080,Belirtilmemiþ,8 GB,DDR4,1 TB,256 GB,4 - 6 Saat,2.40 GHz,10.378 TL
332,Dell,,,"9,1",Notebook,3200 MHz,Var,1 - 2 kg,Yok,"15,6 inç",Dahili Ekran Kartý,Onboard,11.Nesil,Intel Core i7,Windows 10 Pro,4.8 GHz,1920 x 1080,Var,32 GB,DDR4,Yok,512 GB,,3 GHz,33.599 TL
333,Asus,5.0,6,10,Oyun Bilgisayarlarý,3200 MHz,Var,2 - 4 kg,Yok,"15,6 inç",Yüksek Seviye Harici Ekran Kartý,GDDR6,11.Nesil,Intel Core i5,Yok (Free Dos),4.5 GHz,1920 x 1080,Belirtilmemiþ,16 GB,DDR4,Yok,512 GB,,2.7 GHz,18.999 TL
334,Apple,4.8,24,10,Notebook,Belirtilmemiþ,Var,Belirtilmemiþ,Var,14 inç,Belirtilmemiþ,Belirtilmemiþ,Yok,Apple M1 Pro Çip,macOS,Yok,Belirtilmemiþ,Belirtilmemiþ,16 GB,Belirtilmemiþ,Yok,512 GB,,Belirtilmemiþ,39.998 TL
335,Asus,5.0,1,10,Notebook,2400 MHz,Var,1 - 2 kg,Yok,"15,6 inç",Dahili Ekran Kartý,Onboard,10. Nesil Intel® Core™ i3-10110U iþlemci,Intel Core i3,Windows 11 Home,2.1 GHz,1366 x 768,Yok,4 GB,DDR4,256 GB,256 GB,4 - 6 Saat,2.1 GHz,6.199 TL
336,HP,5.0,1,"9,7",Ýkisi Bir Arada,3200 MHz,Var,2 - 4 kg,Var,"15,6 inç",Dahili Ekran Kartý,Onboard,Ryzen,AMD Ryzen 7,Windows 10 Home,4.3 GHz,1920 x 1080,Var,16 GB,DDR4,Yok,512 GB,6 Saat ve Üstü,1.80 GHz,18.999 TL
337,Asus,4.8,13,,Oyun Bilgisayarlarý,3200 MHz,Var,1 - 2 kg,Yok,14 inç,Yüksek Seviye Harici Ekran Kartý,GDDR6,Ryzen,AMD Ryzen 7,Yok (Free Dos),4.3 GHz,1920 x 1080,Yok,16 GB,DDR4,Yok,512 GB,,3 GHz,18.998 TL
338,Lenovo,,,"9,7",Notebook,3200 MHz,Var,1 - 2 kg,Yok,"15,6 inç",Dahili Ekran Kartý,Onboard,5.Nesil,AMD Ryzen 5,Yok (Free Dos),4.0 GHz,1920 x 1080,Var,8 GB,DDR4,Yok,256 GB,4 - 6 Saat,2.1 GHz,11.570 TL
339,Asus,,,,Notebook,3200 MHz,Var,2 - 4 kg,Yok,"17,3 inç",Yüksek Seviye Harici Ekran Kartý,GDDR6,5.Nesil,AMD Ryzen 7,Yok (Free Dos),4.4 GHz,2560 x 1440,Yok,16 GB,DDR4,Yok,1 TB,,3.2 GHz,42.999 TL
340,MSI,4.6,19,"9,8",Notebook,3200 MHz,Var,1 - 2 kg,Yok,14 inç,Dahili Ekran Kartý,Onboard,11.Nesil,Intel Core i5,Yok (Free Dos),4.5 GHz,1920 x 1080,Yok,8 GB,DDR4,Yok,256 GB,,2.5 GHz,10.899 TL
341,Casper,4.5,2,10,Notebook,2666 MHz,Var,2 kg ve Altý,Yok,"15,6 inç",Dahili Ekran Kartý,Onboard,10.Nesil,Intel Core i5,Windows 11 Home,4.2 GHz,1920 x 1080,Yok,8 GB,DDR4,Yok,240 GB,6 Saat ve Üstü,1.6 GHz,7.497 TL
342,HP,,,"9,6",Notebook,3200 MHz,Var,1 - 2 kg,Yok,"15,6 inç",Harici Ekran Kartý,GDDR5,11.Nesil,Intel Core i5,Windows 11 Pro,4.2 GHz,1920 x 1080,Yok,16 GB,DDR4,Yok,512 GB,,2.40 GHz,18.500 TL
343,Apple,5.0,34,10,Notebook,Belirtilmemiþ,Var,1 - 2 kg,Belirtilmemiþ,13 inç,Belirtilmemiþ,Belirtilmemiþ,Yok,Apple M1,macOS,Yok,2560 x 1600,Var,8 GB,Belirtilmemiþ,Yok,512 GB,,Belirtilmemiþ,26.399 TL
344,Lenovo,5.0,5,10,Notebook,2933 MHz,Var,1 - 2 kg,Yok,"15,6 inç",Yüksek Seviye Harici Ekran Kartý,GDDR6,10.Nesil,Intel Core i5,Yok (Free Dos),4.5 GHz,1920 x 1080,Var,16 GB,DDR4,Belirtilmemiþ,512 GB,4 - 6 Saat,2.5 GHz,17.473 TL
345,Asus,,,"9,9",Notebook,2666 MHz,Var,2 - 4 kg,Yok,"15,6 inç",Dahili Ekran Kartý,Onboard,10.Nesil,Intel Core i3,Yok (Free Dos),4.1 GHz,1920 x 1080,Yok,20 GB,DDR4,Yok,256 GB,,2.1 GHz,6.799 TL
346,Dell,5.0,1,"9,8",Notebook,3200 MHz,Var,1 - 2 kg,Yok,"15,6 inç",Dahili Ekran Kartý,Onboard,11.Nesil,Intel Core i5,Linux,4.2 GHz,1920 x 1080,Belirtilmemiþ,16 GB,DDR4,Yok,512 GB,,2.40 GHz,12.225 TL
347,Lenovo,,,"9,6",Notebook,3200 MHz,Var,1 - 2 kg,Yok,14 inç,Harici Ekran Kartý,GDDR5,11.Nesil,Intel Core i5,Yok (Free Dos),4.2 GHz,1920 x 1080,Belirtilmemiþ,8 GB,DDR4,Yok,256 GB,3 Saat ve Altý,2.40 GHz,9.799 TL
348,Apple,,,,Notebook,Belirtilmemiþ,Var,1 - 2 kg,Belirtilmemiþ,13 inç,Belirtilmemiþ,Belirtilmemiþ,Yok,Apple M2,macOS,Yok,2560 x 1600,Belirtilmemiþ,8 GB,Belirtilmemiþ,Yok,256 GB,,Belirtilmemiþ,25.999 TL
349,Dell,4.0,1,"9,1",Notebook,3200 MHz,Var,1 - 2 kg,Yok,"15,6 inç",Yüksek Seviye Harici Ekran Kartý,GDDR6,11.Nesil,Intel Core i7,Windows 10 Pro,4.6 GHz,1920 x 1080,Yok,32 GB,DDR4,Yok,1 TB,4 - 6 Saat,2.20 GHz,29.653 TL
350,Dell,5.0,2,"9,9",Notebook,3200 MHz,Var,1 - 2 kg,Yok,"15,6 inç",Dahili Ekran Kartý,Onboard,11.Nesil,Intel Core i5,Windows 10 Pro,4.2 GHz,1920 x 1080,Belirtilmemiþ,16 GB,DDR4,Yok,256 GB,,2.40 GHz,11.999 TL
351,Asus,4.5,18,"9,1",Notebook,2666 MHz,Var,1 - 2 kg,Yok,"15,6 inç",Dahili Ekran Kartý,Onboard,Yok,Intel Celeron,Windows 11 Home,2.8 GHz,1366 x 768,Yok,4 GB,DDR4,Yok,128 GB,,1.1 GHz,4.499 TL
352,Asus,4.4,27,"9,9",Notebook,2400 MHz,Var,1 - 2 kg,Yok,"15,6 inç",Dahili Ekran Kartý,Belirtilmemiþ,Yok,Intel Celeron,Yok (Free Dos),2.8 GHz,1366 x 768,Yok,4 GB,DDR4,Yok,256 GB,,1.1 GHz,3.849 TL
353,ÝXtech,2.5,2,"9,4",Notebook,2400 MHz,Var,1 - 2 kg,Belirtilmemiþ,"14,1 inç",Belirtilmemiþ,Belirtilmemiþ,3.Nesil,Intel Celeron,Windows 10 Pro,1.9 GHz,1920 x 1200,Yok,6 GB,DDR3,64 GB,Yok,4 - 6 Saat,2.4 GHz,2.999 TL
354,Lenovo,4.2,6,10,Ýkisi Bir Arada,3200 MHz,Var,1 - 2 kg,Var,14 inç,Dahili Ekran Kartý,Onboard,11.Nesil,Intel Core i5,Windows 10 Pro,4.2 GHz,1920 x 1080,Var,8 GB,DDR4,Yok,256 GB,,2.4 GHz,16.399 TL
355,MSI,5.0,5,"9,8",Notebook,Belirtilmemiþ,Var,1 - 2 kg,Var,"13,4 inç",Harici Ekran Kartý,Onboard,11.Nesil,Intel Core i7,Windows 10 Pro,5 GHz,1920 x 1200,Var,16 GB,LPDDR4,Yok,512 GB,,2.9 GHz,24.996 TL
356,HP,,,"9,4",Notebook,3200 MHz,Var,1 - 2 kg,Yok,14 inç,Dahili Ekran Kartý,Onboard,11.Nesil,Intel Core i7,Windows 10 Pro,4.7 GHz,1920 x 1080,Var,16 GB,DDR4,Yok,512 GB,4 - 6 Saat,2.8 GHz,23.500 TL
357,Monster,5.0,2,"9,9",Notebook,3200 MHz,Var,2 - 4 kg,Yok,"15,6 inç",Dahili Ekran Kartý,Belirtilmemiþ,11.Nesil,Intel Core i5,Windows 11 Home,4.2 GHz,1921 x 1080,Var,16 GB,DDR4,Yok,1 TB,,2.2 GHz,13.033 TL
358,Asus,5.0,1,"9,7",Notebook,3200 MHz,Var,1 - 2 kg,Yok,14 inç,Dahili Ekran Kartý,Onboard,10. Nesil,Intel Core i7,Yok (Free Dos),3.9 GHz,1920 x 1080,Yok,8 GB,DDR4,Yok,512 GB,4 - 6 Saat,1.3 GHz,11.499 TL
359,Asus,5.0,1,"9,9",Notebook,2400 MHz,Var,2 - 4 kg,Yok,"15,6 inç",Dahili Ekran Kartý,Onboard,Ryzen,AMD Ryzen 3,Yok (Free Dos),3.5 GHz,1366 x 768,Yok,12 GB,DDR4,Yok,256 GB,,2.6 GHz,6.199 TL
360,Dell,,,"9,9",Notebook,2666 MHz,Var,1 - 2 kg,Yok,"15,6 inç",Dahili Ekran Kartý,Onboard,11.Nesil,Intel Core i5,Yok (Free Dos),4.2 GHz,1920 x 1080,Yok,16 GB,DDR4,Yok,512 GB,,2.4 GHz,13.995 TL
361,Lenovo,4.7,307,"9,6",Notebook,2400 MHz,Var,2 kg ve Altý,Yok,"15,6 inç",Dahili Ekran Kartý,Onboard,3.Nesil,AMD Ryzen 7,Yok (Free Dos),4 GHz,1920 x 1080,Yok,8 GB,DDR4,Yok,512 GB,,2.3 GHz,9.999 TL
362,Lenovo,4.2,6,"9,9",Notebook,2666 MHz,Var,1 - 2 kg,Yok,"15,6 inç",Dahili Ekran Kartý,Onboard,11.Nesil,Intel Core i5,Yok (Free Dos),4.2 GHz,1920 x 1080,Yok,8 GB,DDR4,Yok,256 GB,,2.40 GHz,10.399 TL
363,HP,4.3,3,"9,2",Notebook,3200 MHz,Var,2 - 4 kg,Yok,14 inç,Dahili Ekran Kartý,Belirtilmemiþ,Ryzen,AMD Ryzen 3,Windows 10 Home,3.8 GHz,1366 x 768,Yok,4 GB,DDR4,Yok,256 GB,6 Saat ve Üstü,2.6 GHz,5.635 TL
364,Lenovo,4.5,2,10,Ýkisi Bir Arada,Belirtilmemiþ,Belirtilmemiþ,2 - 4 kg,Yok,"15,6 inç",Dahili Ekran Kartý,GDDR4,4.Nesil,Intel Celeron,Windows 11 Home,1.1 GHz,1920 x 1080,Yok,4 GB,DDR4,Yok,128 GB,,1.1 GHz,4.213 TL
365,Monster,4.6,89,"9,9",Oyun Bilgisayarlarý,3200 MHz,Var,2 - 4 kg,Yok,"17,3 inç",Harici Ekran Kartý,GDDR6,11.Nesil,Intel Core i5,Yok (Free Dos),4.5 GHz,1920 x 1080,Yok,16 GB,DDR4,Yok,500 GB,,2.70 GHz,16.169 TL
366,Asus,4.5,11,"9,9",Notebook,1066 MHz,Var,1 - 2 kg,Yok,"15,6 inç",Dahili Ekran Kartý,Onboard,7.Nesil,Intel Core i3,Yok (Free Dos),2.3 GHz,1366 x 768,Yok,8 GB,DDR4,256 GB,256 GB,,2.3 GHz,6.899 TL
367,HP,4.2,63,"9,8",Notebook,2666 MHz,Var,2 - 4 kg,Yok,"15,6 inç",Dahili Ekran Kartý,Onboard,11.Nesil,Intel Core i3,Windows 10 Home,3.4 GHz,1366 x 768,Yok,4 GB,DDR4,Yok,256 GB,4 - 6 Saat,1.2 GHz,7.990 TL
368,Dell,4.4,64,"9,5",Notebook,2666 MHz,Var,2 - 4 kg,Yok,"15,6 inç",Dahili Ekran Kartý,Onboard,11.Nesil,Intel Core i3,Ubuntu,4.1 GHz,1920 x 1080,Yok,8 GB,DDR4,Yok,256 GB,,1.70 GHz,9.799 TL
369,Asus,,,9,Notebook,2666 MHz,Var,1 - 2 kg,Yok,"15,6 inç",Dahili Ekran Kartý,Onboard,10.Nesil,Intel Core i7,Yok (Free Dos),3.9 GHz,1920 x 1080,Yok,12 GB,DDR4,Belirtilmemiþ,512 GB,,1.3 GHz,12.649 TL
370,Asus,,,"9,7",Notebook,3200 MHz,Var,1 - 2 kg,Var,"13,3 inç",Dahili Ekran Kartý,Onboard,11.Nesil,Intel Core i7,Windows 10 Home,4.7 GHz,1920 x 1080,Yok,16 GB,LPDDR4X,Yok,1 TB,4 - 6 Saat,2.8 GHz,28.999 TL
371,Dell,5.0,1,"9,5",Notebook,2933 MHz,Var,2 - 4 kg,Yok,"15,6 inç",Yüksek Seviye Harici Ekran Kartý,GDDR6,10.Nesil,Intel Core i5,Ubuntu,4.1 GHz,1920 x 1080,Var,16 GB,DDR4,Yok,512 GB,,2.4 GHz,16.799 TL
372,HP,5.0,2,,Oyun Bilgisayarlarý,2933 MHz,Var,2 - 4 kg,Yok,"15,6 inç",Dahili Ekran Kartý,GDDR4,10.Nesil,Intel Core i7,Yok (Free Dos),5 GHz,1920 x 1080,Yok,32 GB,DDR4,Yok,1 TB,,2.2 GHz,30.239 TL
373,HP,5.0,1,"9,9",Notebook,2933 MHz,Var,1 - 2 kg,Yok,"15,6 inç",Dahili Ekran Kartý,Onboard,4.Nesil,Intel Celeron,Yok (Free Dos),2.8 GHz,1366 x 768,Yok,4 GB,DDR4,Yok,128 GB,,2.8 GHz,3.990 TL
374,Lenovo,4.8,67,"9,5",Notebook,3200 MHz,Var,1 - 2 kg,Yok,"15,6 inç",Dahili Ekran Kartý,Onboard,11.Nesil,Intel Core i5,Yok (Free Dos),4.2 GHz,1920 x 1080,Yok,8 GB,DDR4,Yok,512 GB,6 Saat ve Üstü,3 GHz,11.350 TL
375,MSI,5.0,1,"9,9",Oyun Bilgisayarlarý,4800 MHz,Yok,2 - 4 kg,Yok,"15,6 inç",Harici Ekran Kartý,GDDR6,12.Nesil,Intel Core i7,Windows 11 Home,4.7 GHz,2560 x 1440,Yok,32 GB,DDR5,Yok,1 TB,,3.5 GHz,56.646 TL
376,HP,,,10,Notebook,2666 MHz,Var,2 kg ve Altý,Yok,"15,6 inç",Dahili Ekran Kartý,Onboard,11.Nesil,Intel Core i3,Yok (Free Dos),4.1 GHz,1366 x 768,Yok,16 GB,DDR4,Yok,256 GB,,3 GHz,8.698 TL
377,Asus,,,,Oyun Bilgisayarlarý,4800 MHz,Var,2 - 4 kg,Yok,"17,3 inç",Yüksek Seviye Harici Ekran Kartý,GDDR6,12.Nesil,Intel Core i9,Windows 11 Home,5 GHz,2560 x 1440,Yok,32 GB,DDR5,Yok,2 TB,,2.5 GHz,93.199 TL
378,Dell,,,"9,9",Notebook,2666 MHz,Var,1 - 2 kg,Yok,"15,6 inç",Dahili Ekran Kartý,Onboard,11.Nesil,Intel Core i5,Windows 10 Pro,4.2 GHz,1920 x 1080,Var,16 GB,DDR4,Yok,512 GB,,2.4 GHz,13.299 TL
379,Lenovo,,,"9,1",Notebook,2666 MHz,Var,1 - 2 kg,Yok,"15,6 inç",Harici Ekran Kartý,GDDR5,10.Nesil,Intel Core i5,Windows 10 Pro,4.2 GHz,1920 x 1080,Yok,8 GB,DDR4,1 TB,256 GB,,1.6 GHz,18.717 TL
380,Asus,4.6,7,9,Notebook,2400 MHz,Var,2 - 4 kg,Yok,"15,6 inç",Dahili Ekran Kartý,Belirtilmemiþ,11.Nesil,Intel Celeron,Windows 11 Home,1.1 GHz,1366 x 768,Yok,4 GB,DDR4,Yok,128 GB,3 Saat ve Altý,1.1 GHz,4.274 TL
381,Lenovo,4.8,10,"9,9",Oyun Bilgisayarlarý,3200 MHz,Var,2 - 4 kg,Yok,16 inç,Yüksek Seviye Harici Ekran Kartý,GDDR6,11.Nesil,Intel Core i7,Yok (Free Dos),4.6 GHz,2560 x 1600,Yok,16 GB,DDR4,Yok,1 TB,6 Saat ve Üstü,2.3 GHz,26.998 TL
382,HP,4.0,2,"9,7",Oyun Bilgisayarlarý,2933 MHz,Var,2 - 4 kg,Yok,"16,1 inç",Harici Ekran Kartý,GDDR6,11.Nesil,Intel Core i5,Yok (Free Dos),4.5 GHz,1920 x 1080,Yok,8 GB,DDR4,Yok,512 GB,,2.70 GHz,14.249 TL
383,MSI,5.0,1,"9,7",Notebook,4800 MHz,Var,2 - 4 kg,Var,17 inç,Yüksek Seviye Harici Ekran Kartý,GDDR6,12.Nesil,Intel Core i9,Windows 11 Pro,5 GHz,2560 x 1600,Var,64 GB,DDR5,Yok,2 TB,,3.8 GHz,112.999 TL
384,Lenovo,5.0,1,"9,7",Notebook,3200 MHz,Var,1 - 2 kg,Yok,"15,6 inç",Harici Ekran Kartý,GDDR6,11.Nesil,Intel Core i5,Yok (Free Dos),4.2 GHz,1920 x 1080,Var,16 GB,DDR4,1 TB,512 GB,4 - 6 Saat,2.4 GHz,17.724 TL
385,Asus,4.0,2,10,Notebook,2666 MHz,Var,2 kg ve Altý,Yok,"15,6 inç",Dahili Ekran Kartý,Onboard,Yok,Intel Celeron,Yok (Free Dos),2.8 GHz,1920 x 1080,Yok,4 GB,DDR4,Yok,256 GB,,1.1 GHz,3.968 TL
386,Lenovo,4.7,130,10,Notebook,2400 MHz,Var,2 kg ve Altý,Yok,"15,6 inç",Dahili Ekran Kartý,Onboard,Ryzen,AMD Ryzen 3,Yok (Free Dos),3.5 GHz,1920 x 1080,Yok,8 GB,DDR4,Yok,256 GB,4 - 6 Saat,2.6 GHz,6.826 TL
387,Dell,,,"9,9",Notebook,2666 MHz,Belirtilmemiþ,1 - 2 kg,Yok,14 inç,Harici Ekran Kartý,Onboard,11.Nesil,Intel Core i5,Yok (Free Dos),2.4 GHz,1920 x 1080,Yok,8 GB,DDR4,1 TB,Yok,,2.4 GHz,11.500 TL
388,HP,4.7,9,"9,4",Notebook,2400 MHz,Belirtilmemiþ,2 - 4 kg,Yok,14 inç,Dahili Ekran Kartý,Belirtilmemiþ,3.Nesil,Intel Core i3,Yok (Free Dos),,1366 x 768,Belirtilmemiþ,4 GB,DDR4,Yok,126 GB,3 Saat ve Altý,3.4 GHz,6.327 TL
389,Monster,3.5,2,"9,9",Oyun Bilgisayarlarý,3200 MHz,Var,2 - 4 kg,Yok,"15,6 inç",Harici Ekran Kartý,GDDR6,11.Nesil,Intel Core i7,Windows 11 Home,4.5 GHz,2560 x 1440,Yok,16 GB,DDR4,Yok,1 TB,3 Saat ve Altý,2.3 GHz,34.985 TL
390,MSI,4.4,19,"9,8",Oyun Bilgisayarlarý,3200 MHz,Var,2 - 4 kg,Yok,"17,3 inç",Harici Ekran Kartý,GDDR6,11.Nesil,Intel Core i7,Yok (Free Dos),4.6 GHz,1920 x 1080,Yok,16 GB,DDR4,Yok,512 GB,,2.3 GHz,37.299 TL
391,Dell,,,"9,8",Notebook,3200 MHz,Var,1 - 2 kg,Yok,14 inç,Dahili Ekran Kartý,Onboard,11.Nesil,Intel Core i7,Yok (Free Dos),4.7 GHz,1920 x 1080,Var,32 GB,DDR4,Yok,512 GB,,2.80 GHz,29.999 TL
392,HP,4.6,5,"9,4",Notebook,3200 MHz,Var,1 - 2 kg,Yok,"15,6 inç",Dahili Ekran Kartý,Belirtilmemiþ,Ryzen,AMD Ryzen 3,Windows 10 Home,3.8 GHz,1920 x 1080,Yok,8 GB,DDR4,Yok,256 GB,3 Saat ve Altý,2.6 GHz,10.799 TL
393,Lenovo,,,"9,8",Notebook,3200 MHz,Var,2 - 4 kg,Yok,"15,6 inç",Harici Ekran Kartý,GDDR6,11.Nesil,Intel Core i5,Windows 11 Home,4.4 GHz,1920 x 1080,Belirtilmemiþ,8 GB,DDR4,Belirtilmemiþ,512 GB,6 Saat ve Üstü,3.1 GHz,16.299 TL
394,Asus,,,,Ultrabook,4266 MHz,Var,1 - 2 kg,Yok,"13,3 inç",Dahili Ekran Kartý,Onboard,11.Nesil,Intel Core i7,Windows 11 Home,4.7 GHz,1920 x 1080,Belirtilmemiþ,8 GB,LPDDR4X,Yok,512 GB,6 Saat ve Üstü,2.8 GHz,21.024 TL
395,Asus,5.0,1,"9,7",Notebook,2666 MHz,Var,2 kg ve Altý,Yok,13 inç,Dahili Ekran Kartý,Belirtilmemiþ,11.Nesil,Intel Core i7,Windows 10 Home,4.7 GHz,1920 x 1080,Belirtilmemiþ,16 GB,DDR4,1 TB,1 TB,6 Saat ve Üstü,2.80 GHz,27.999 TL
396,Apple,,,10,Notebook,Belirtilmemiþ,Var,1 - 2 kg,Belirtilmemiþ,13 inç,Belirtilmemiþ,Belirtilmemiþ,Yok,Apple M2,macOS,Yok,2560 x 1600,Belirtilmemiþ,8 GB,Belirtilmemiþ,Yok,256 GB,,Belirtilmemiþ,27.998 TL
397,Dell,,,"9,8",Notebook,2666 MHz,Var,2 - 4 kg,Yok,"15,6 inç",Dahili Ekran Kartý,GDDR5,11.Nesil,Intel Core i3,Windows 10 Pro,3 GHz,1366 x 768,Yok,16 GB,DDR4,Yok,512 GB,,1.7 GHz,10.150 TL
398,Lenovo,,,"9,1",Notebook,3200 MHz,Var,1 - 2 kg,Yok,"15,6 inç",Dahili Ekran Kartý,Onboard,11.Nesil,Intel Core i7,Yok (Free Dos),4.7 GHz,1920 x 1080,Yok,16 GB,DDR4,Yok,256 GB,6 Saat ve Üstü,2.8 GHz,14.993 TL
399,HP,,,10,Notebook,3200 MHz,Var,1 - 2 kg,Yok,"15,6 inç",Dahili Ekran Kartý,Onboard,11.Nesil,Intel Core i5,Yok (Free Dos),4.2 GHz,1920 x 1080,Yok,16 GB,DDR4,Yok,512 GB,,2.4 GHz,15.739 TL
400,Monster,4.8,31,"9,9",Oyun Bilgisayarlarý,3200 MHz,Var,2 - 4 kg,Yok,"17,3 inç",Harici Ekran Kartý,GDDR6,11.Nesil,Intel Core i7,Windows 11 Home,4.5 GHz,1920 x 1080,Yok,16 GB,DDR4,Yok,500 GB,3 Saat ve Altý,2.3 GHz,21.559 TL
401,Lenovo,5.0,4,10,Notebook,2666 MHz,Var,2 kg ve Altý,Yok,"15,6 inç",Dahili Ekran Kartý,Onboard,10.Nesil,Intel Core i5,Yok (Free Dos),4.2 GHz,1920 x 1080,Yok,8 GB,DDR4,Yok,512 GB,4 - 6 Saat,1.60 GHz,14.499 TL
402,MSI,4.3,6,"9,8",Oyun Bilgisayarlarý,3200 MHz,Var,1 - 2 kg,Yok,"15,6 inç",Yüksek Seviye Harici Ekran Kartý,Onboard,11.Nesil,Intel Core i7,Windows 10 Home,4.7 GHz,1920 x 1080,Yok,16 GB,DDR4,Yok,1 TB,,2.8 GHz,28.499 TL
403,I-Life,4.6,10,,Notebook,Belirtilmemiþ,Var,2 - 4 kg,Yok,"15,6 inç",Dahili Ekran Kartý,Belirtilmemiþ,7.Nesil,Intel Core i7,Windows 10 Home,Yok,1920 x 1080,Yok,8 GB,DDR4,256 GB,256 GB,,3.6 GHz,6.999 TL
404,MSI,4.1,12,"9,9",Ýkisi Bir Arada,Belirtilmemiþ,Var,1 - 2 kg,Var,"13,4 inç",Dahili Ekran Kartý,Onboard,11.Nesil,Intel Core i7,Windows 10 Pro,4.8 GHz,1920 x 1200,Var,32 GB,LPDDR4,Yok,1 TB,,3 GHz,34.307 TL
405,MSI,,,"9,8",Notebook,Belirtilmemiþ,Var,2 - 4 kg,Yok,"15,6 inç",Harici Ekran Kartý,GDDR6,12.Nesil,Intel Core i7,Windows 11 Home,4.7 GHz,1920 x 1080,Yok,16 GB,DDR4,Yok,512 GB,,3.5 GHz,30.499 TL
406,MSI,5.0,2,"9,7",Notebook,4800 MHz,Var,2 - 4 kg,Var,"16,1 inç",Harici Ekran Kartý,GDDR6,12.Nesil,Intel Core i7,Windows 11 Pro,4.8 GHz,2560 x 1440,Var,32 GB,LPDDR5,Yok,1 TB,,3.6 GHz,50.109 TL
407,Huawei,2.5,2,"9,8",Notebook,3200 MHz,Var,1 - 2 kg,Yok,"15,6 inç",Dahili Ekran Kartý,Onboard,11.Nesil,Intel Core i7,Windows 11 Home,4.7 GHz,1920 x 1080,Var,16 GB,DDR4,Yok,1 TB,,2.80 GHz,15.585 TL
408,Asus,,,10,Notebook,2666 MHz,Var,1 - 2 kg,Yok,"15,6 inç",Dahili Ekran Kartý,Belirtilmemiþ,Yok,Intel Celeron,Yok (Free Dos),2.8 GHz,1366 x 768,Yok,8 GB,DDR4,Yok,256 GB,,1.1 GHz,4.899 TL
409,Dell,,,"9,7",Notebook,4267 MHz,Var,1 - 2 kg,Var,"13,3 inç",Dahili Ekran Kartý,Onboard,11.Nesil,Intel Core i7,Windows 10 Pro,4.7 GHz,3840 x 2160,Var,16 GB,LPDDR4X,Yok,512 GB,,2.8 GHz,33.499 TL
410,HP,5.0,1,"9,9",Notebook,2400 MHz,Var,2 kg ve Altý,Yok,"15,6 inç",Dahili Ekran Kartý,Onboard,Ryzen,AMD Ryzen 5,Yok (Free Dos),3.7 GHz,1920 x 1080,Yok,12 GB,DDR4,Yok,256 GB,,2.1 GHz,8.999 TL
411,Asus,5.0,4,"9,9",Notebook,2400 MHz,Var,2 - 4 kg,Yok,"15,6 inç",Dahili Ekran Kartý,Onboard,4.Nesil,Intel Celeron,Yok (Free Dos),2.8 GHz,1366 x 768,Yok,4 GB,DDR4,Belirtilmemiþ,256 GB,,1.10 GHz,3.999 TL
412,Asus,4.9,133,"9,7",Notebook,2133 MHz,Var,2 kg ve Altý,Yok,"13,3 inç",Harici Ekran Kartý,GDDR5,10.Nesil,Intel Core i7,Windows 10 Home,4.9 GHz,1920 x 1080,Yok,16 GB,DDR4,Yok,512 GB,,1.8 GHz,21.999 TL
413,Lenovo,,,"9,1",Notebook,3200 MHz,Var,1 - 2 kg,Yok,14 inç,Harici Ekran Kartý,GDDR6,11.Nesil,Intel Core i7,Windows 11 Pro,4.7 GHz,1920 x 1080,Var,32 GB,DDR4,Yok,1 TB,6 Saat ve Üstü,2.8 GHz,28.082 TL
414,Dell,,,"9,1",Notebook,2666 MHz,Var,1 - 2 kg,Yok,"15,6 inç",Harici Ekran Kartý,GDDR5,11.Nesil,Intel Core i5,Windows 11 Pro,4.2 GHz,1920 x 1080,Var,32 GB,DDR4,Yok,512 GB,,2.4 GHz,16.757 TL
415,HP,4.8,4,10,Oyun Bilgisayarlarý,3200 MHz,Var,1 - 2 kg,Yok,"15,6 inç",Yüksek Seviye Harici Ekran Kartý,GDDR6,5.Nesil,AMD Ryzen 7,Yok (Free Dos),4.4 GHz,1920 x 1080,Belirtilmemiþ,16 GB,DDR4,Yok,512 GB,3 Saat ve Altý,3.2 GHz,17.699 TL
416,Lenovo,4.5,24,10,Notebook,Belirtilmemiþ,Var,1 - 2 kg,Yok,"15,6 inç",Dahili Ekran Kartý,Belirtilmemiþ,Ryzen,AMD Ryzen 5,Yok (Free Dos),4 GHz,1920 x 1080,Yok,8 GB,DDR4,Yok,256 GB,4 - 6 Saat,2.30 GHz,11.298 TL
417,Asus,4.3,36,"9,4",Notebook,2400 MHz,Var,1 - 2 kg,Yok,14 inç,Dahili Ekran Kartý,Onboard,8.Nesil,Intel Core i7,Yok (Free Dos),4.6 GHz,1920 x 1080,Yok,8 GB,DDR4,Yok,512 GB,,1.8 GHz,15.119 TL
418,Lenovo,,,"9,8",Notebook,3200 MHz,Var,1 - 2 kg,Yok,"15,6 inç",Dahili Ekran Kartý,Onboard,11.Nesil,Intel Core i5,Windows 10 Pro,4.2 GHz,1920 x 1080,Var,8 GB,DDR4,Yok,256 GB,6 Saat ve Üstü,2.40 GHz,11.750 TL
419,Lenovo,,,"9,9",Notebook,3200 MHz,Var,1 - 2 kg,Yok,14 inç,Harici Ekran Kartý,GDDR5,11.Nesil,Intel Core i5,Windows 11 Pro,4.2 GHz,1920 x 1080,Yok,16 GB,DDR4,Yok,512 GB,3 Saat ve Altý,2.40 GHz,13.999 TL
420,Lenovo,,,"9,6",Notebook,2666 MHz,Var,2 kg ve Altý,Yok,"15,6 inç",Dahili Ekran Kartý,Onboard,Ryzen,AMD Ryzen 3,Windows 10 Home,3.5 GHz,1920 x 1080,Yok,20 GB,DDR4,Yok,1 TB,3 Saat ve Altý,2.6 GHz,12.999 TL
421,Lenovo,,,"9,9",Notebook,3200 MHz,Belirtilmemiþ,2 kg ve Altý,Yok,"15,6 inç",Dahili Ekran Kartý,Onboard,11.Nesil,Intel Core i5,Windows 11 Home,4.2 GHz,1920 x 1080,Yok,12 GB,DDR4,Yok,512 GB,4 - 6 Saat,2.4 GHz,12.997 TL
422,Asus,,,,Ultrabook,3200 MHz,Var,2 kg ve Altý,Yok,"15,6 inç",Dahili Ekran Kartý,Onboard,11.Nesil,Intel Core i5,Yok (Free Dos),4.2 GHz,1920 x 1080,Var,8 GB,DDR4,Yok,512 GB,6 Saat ve Üstü,2.4 GHz,12.276 TL
423,Lenovo,,,"9,7",Notebook,3200 MHz,Var,1 - 2 kg,Yok,14 inç,Dahili Ekran Kartý,Onboard,11.Nesil,Intel Core i7,Windows 10 Pro,4.7 GHz,1920 x 1080,Yok,16 GB,DDR4,Yok,512 GB,4 - 6 Saat,2.8 GHz,22.421 TL
424,Asus,,,"9,6",Notebook,2666 MHz,Var,1 - 2 kg,Yok,"15,6 inç",Dahili Ekran Kartý,Onboard,Intel Core i7-1065G7,Intel Core i7,Windows 11 Pro,3.9 GHz,1920 x 1080,Yok,40 GB,DDR4,2 TB,2 TB,,1.3 GHz,19.602 TL
425,Asus,1.0,1,"9,9",Notebook,2666 MHz,Var,1 - 2 kg,Yok,"15,6 inç",Dahili Ekran Kartý,Onboard,10.Nesil,Intel Core i5,Windows 11 Home,3.6 GHz,1920 x 1080,Yok,8 GB,DDR4,Yok,512 GB,,1 GHz,10.189 TL
426,Lenovo,,,"9,8",Notebook,3200 MHz,Var,1 - 2 kg,Yok,"15,6 inç",Dahili Ekran Kartý,Onboard,11.Nesil,Intel Core i5,Windows 10 Home,4.2 GHz,1920 x 1080,Var,36 GB,DDR4,Yok,1 TB,6 Saat ve Üstü,2.40 GHz,14.450 TL
427,Lenovo,,,"9,9",Notebook,3200 MHz,Var,1 - 2 kg,Yok,14 inç,Dahili Ekran Kartý,Onboard,11.Nesil,Intel Core i5,Yok (Free Dos),4.2 GHz,1920 x 1080,Yok,16 GB,DDR4,Yok,512 GB,4 - 6 Saat,2.4 GHz,15.999 TL
428,Thomson,,,,Notebook,Belirtilmemiþ,Var,1 - 2 kg,Var,"13,3 inç",Dahili Ekran Kartý,Belirtilmemiþ,10. Nesil,Intel Celeron,Windows 10 Home,2.8 GHz,1920 x 1080,Yok,4 GB,DDR4,128 GB,128 GB,3 Saat ve Altý,1.10 GHz,5.999 TL
429,Lenovo,,,"9,9",Notebook,3200 MHz,Var,1 - 2 kg,Yok,14 inç,Dahili Ekran Kartý,Onboard,11.Nesil,Intel Core i5,Windows 10 Pro,4.2 GHz,1920 x 1080,Yok,8 GB,DDR4,Yok,256 GB,4 - 6 Saat,2.4 GHz,15.543 TL
430,Dell,1.0,1,"9,8",Notebook,2933 MHz,Var,2 - 4 kg,Yok,"15,6 inç",Dahili Ekran Kartý,Onboard,10.Nesil,Intel Core i7,Windows 10 Home,4.9 GHz,1920 x 1080,Yok,32 GB,DDR4,500 GB,32 GB,,1.80 GHz,19.046 TL
431,Asus,5.0,1,"9,7",Notebook,3200 MHz,Var,1 - 2 kg,Yok,14 inç,Dahili Ekran Kartý,Onboard,10. Nesil,Intel Core i7,Yok (Free Dos),3.9 GHz,1920 x 1080,Yok,16 GB,DDR4,Yok,256 GB,,1.3 GHz,11.999 TL
432,Lenovo,,,10,Notebook,2666 MHz,Var,2 kg ve Altý,Yok,14 inç,Harici Ekran Kartý,GDDR5,11.Nesil,Intel Core i7,Yok (Free Dos),4.7 GHz,1920 x 1080,Var,48 GB,DDR4,Yok,1 TB,,2.8 GHz,38.398 TL
433,Lenovo,,,"9,9",Notebook,3200 MHz,Var,1 - 2 kg,Yok,14 inç,Harici Ekran Kartý,GDDR5,11.Nesil,Intel Core i5,Yok (Free Dos),4.2 GHz,1920 x 1080,Var,16 GB,DDR4,Yok,256 GB,,2.4 GHz,16.199 TL
434,Asus,,,"9,6",Notebook,2666 MHz,Var,1 - 2 kg,Yok,"15,6 inç",Dahili Ekran Kartý,Onboard,Intel Core i7-1065G7,Intel Core i7,Windows 10 Pro,3.9 GHz,1920 x 1080,Yok,16 GB,DDR4,1 TB,256 GB,,1.3 GHz,14.855 TL
435,Dell,,,10,Notebook,2666 MHz,Var,2 - 4 kg,Yok,"15,6 inç",Yüksek Seviye Harici Ekran Kartý,GDDR6,11.Nesil,Intel Core i7,Yok (Free Dos),4.6 GHz,1920 x 1080,Yok,64 GB,DDR4,Yok,2 TB,,2.3 GHz,40.568 TL
436,Lenovo,,,,Notebook,3200 MHz,Var,1 - 2 kg,Yok,"15,6 inç",Dahili Ekran Kartý,Onboard,11.Nesil,Intel Core i7,Windows 10 Pro,4.2 GHz,1920 x 1080,Yok,8 GB,DDR4,Yok,256 GB,,2.4 GHz,15.990 TL
437,Lenovo,,,"9,9",Notebook,3200 MHz,Belirtilmemiþ,2 kg ve Altý,Yok,"15,6 inç",Dahili Ekran Kartý,Onboard,11.Nesil,Intel Core i5,Windows 11 Home,4.2 GHz,1920 x 1080,Yok,12 GB,DDR4,Yok,256 GB,4 - 6 Saat,2.4 GHz,12.332 TL
438,Dell,5.0,1,"9,8",Notebook,3200 MHz,Var,Belirtilmemiþ,Belirtilmemiþ,"15,6 inç",Yüksek Seviye Harici Ekran Kartý,GDDR6,11.Nesil,Intel Core i9,Ubuntu,5 GHz,3840 x 2160,Belirtilmemiþ,16 GB,DDR4,Yok,512 GB,,2.60 GHz,44.999 TL
439,Lenovo,,,"9,8",Notebook,2666 MHz,Var,2 - 4 kg,Yok,14 inç,Dahili Ekran Kartý,Onboard,Ryzen,AMD Ryzen 3,Windows 10 Pro,3.5 GHz,1920 x 1080,Yok,12 GB,DDR4,Yok,512 GB,3 Saat ve Altý,2.60 GHz,8.600 TL
440,Acer,5.0,1,"9,7",Notebook,3200 MHz,Var,1 - 2 kg,Yok,"15,6 inç",Harici Ekran Kartý,Onboard,10. Nesil,Intel Core i5,Windows 10 Home,3.6 GHz,1920 x 1080,Yok,12 GB,DDR4,Yok,256 GB,4 - 6 Saat,1 GHz,10.499 TL
441,Lenovo,,,"9,1",Notebook,3200 MHz,Var,2 kg ve Altý,Yok,"15,6 inç",Dahili Ekran Kartý,Onboard,11.Nesil,Intel Core i5,Windows 10 Home,4.2 GHz,1920 x 1080,Yok,8 GB,DDR4,Yok,256 GB,,2.4 GHz,9.450 TL
442,Asus,4.0,1,"9,7",Notebook,2666 MHz,Var,1 - 2 kg,Yok,"15,6 inç",Dahili Ekran Kartý,Onboard,10.Nesil,Intel Core i3,Yok (Free Dos),4.1 GHz,1920 x 1080,Yok,8 GB,DDR4,Yok,256 GB,,2.1 GHz,6.333 TL
443,Apple,,,10,Notebook,Belirtilmemiþ,Var,1 - 2 kg,Yok,"13,3 inç",Dahili Ekran Kartý,Belirtilmemiþ,M1,Apple M1,macOS,Yok,2560 x 1600,Var,16 GB,Belirtilmemiþ,Yok,256 GB,,Belirtilmemiþ,28.999 TL
444,Hometech,4.0,1,10,Notebook,2400 MHz,Var,1 - 2 kg,Yok,"14,1 inç",Dahili Ekran Kartý,Onboard,Yok,Intel Celeron,Windows 10 Home,2.8 GHz,1366 x 768,Yok,4 GB,DDR4,Yok,128 GB,3 Saat ve Altý,1.1 GHz,3.199 TL
445,Dell,5.0,1,"9,7",Notebook,3200 MHz,Var,2 - 4 kg,Yok,"15,6 inç",Harici Ekran Kartý,GDDR6,7.Nesil,AMD Ryzen 7,Windows 10 Home,4.2 GHz,1920 x 1080,Yok,16 GB,DDR4,Yok,512 GB,4 - 6 Saat,2.93 GHz,17.585 TL
446,HP,,,"9,6",Notebook,3200 MHz,Var,1 - 2 kg,Yok,"13,3 inç",Dahili Ekran Kartý,Onboard,11.Nesil,Intel Core i5,Windows 10 Home,4.2 GHz,1920 x 1080,Var,32 GB,DDR4,Yok,512 GB,,2.4 GHz,13.422 TL
447,Dell,,,"9,1",Notebook,2666 MHz,Var,1 - 2 kg,Yok,14 inç,Harici Ekran Kartý,GDDR5,11.Nesil,Intel Core i7,Ubuntu,4.7 GHz,1920 x 1080,Yok,32 GB,DDR4,Yok,512 GB,,2.80 GHz,20.873 TL
448,Dell,,,"9,1",Notebook,3200 MHz,Var,1 - 2 kg,Yok,16 inç,Dahili Ekran Kartý,Onboard,12.Nesil,Intel Core i7,Windows 11 Pro,4.7 GHz,1920 x 1200,Var,16 GB,DDR4,Yok,1 TB,,3.4 GHz,27.987 TL
449,Lenovo,,,"9,1",Notebook,3200 MHz,Var,1 - 2 kg,Yok,"15,6 inç",Dahili Ekran Kartý,Onboard,5.Nesil,AMD Ryzen 7,Yok (Free Dos),4.3 GHz,1920 x 1080,Yok,20 GB,DDR4,Yok,512 GB,6 Saat ve Üstü,1.80 GHz,12.935 TL
450,HP,,,"9,1",Notebook,3200 MHz,Var,1 - 2 kg,Yok,"15,6 inç",Yüksek Seviye Harici Ekran Kartý,GDDR5,11.Nesil,Intel Core i7,Windows 10 Pro,4.7 GHz,1920 x 1080,Yok,32 GB,DDR4,Yok,1 TB,,2.80 GHz,24.577 TL
451,Dell,,,"9,1",Notebook,3200 MHz,Var,1 - 2 kg,Yok,"15,6 inç",Harici Ekran Kartý,GDDR5,11.Nesil,Intel Core i7,Windows 10 Pro,4.7 GHz,1920 x 1080,Yok,16 GB,DDR4,Yok,1 TB,,2.9 GHz,19.501 TL
452,Acer,,,"9,1",Notebook,3200 MHz,Var,1 - 2 kg,Yok,"17,3 inç",Yüksek Seviye Harici Ekran Kartý,Onboard,10.Nesil,Intel Core i7,Windows 10 Pro,5 GHz,1920 x 1080,Yok,32 GB,DDR4,Yok,1 TB,,2.6 GHz,26.067 TL
453,Dell,,,"9,1",Notebook,3200 MHz,Var,1 - 2 kg,Yok,"15,6 inç",Dahili Ekran Kartý,Onboard,11.Nesil,Intel Core i7,Yok (Free Dos),5 GHz,1920 x 1080,Var,64 GB,DDR4,Yok,1 TB,6 Saat ve Üstü,3.4 GHz,25.358 TL
454,HP,5.0,6,"9,8",Oyun Bilgisayarlarý,2933 MHz,Var,2 - 4 kg,Yok,"15,6 inç",Yüksek Seviye Harici Ekran Kartý,GDDR6,10.Nesil,Intel Core i7,Windows 10 Home,5 GHz,1920 x 1080,Yok,16 GB,DDR4,1 TB,256 GB,,2.60 GHz,18.999 TL
455,Lenovo,,,"9,9",Notebook,3200 MHz,Var,1 - 2 kg,Yok,14 inç,Dahili Ekran Kartý,Onboard,11.Nesil,Intel Core i5,Yok (Free Dos),4.2 GHz,1920 x 1080,Yok,12 GB,DDR4,Yok,256 GB,6 Saat ve Üstü,2.4 GHz,11.599 TL
456,Lenovo,,,"9,1",Notebook,3200 MHz,Var,1 - 2 kg,Yok,"15,6 inç",Dahili Ekran Kartý,Onboard,5.Nesil,AMD Ryzen 5,Windows 10 Home,4.0 GHz,1920 x 1080,Yok,12 GB,DDR4,Yok,256 GB,6 Saat ve Üstü,2.1 GHz,10.289 TL
457,Lenovo,,,"9,1",Notebook,3200 MHz,Var,1 - 2 kg,Yok,"15,6 inç",Dahili Ekran Kartý,Onboard,5.Nesil,AMD Ryzen 5,Windows 11 Pro,4.0 GHz,1920 x 1080,Yok,20 GB,DDR4,Yok,256 GB,6 Saat ve Üstü,2.1 GHz,11.269 TL
458,Acer,4.7,3,"9,8",Notebook,Belirtilmemiþ,Var,1 - 2 kg,Yok,"15,6 inç",Dahili Ekran Kartý,Onboard,Yok,AMD Ryzen 7,Yok (Free Dos),2.8 GHz,1920 x 1080,Yok,8 GB,DDR4,Yok,512 GB,4 - 6 Saat,2.30 GHz,7.999 TL
459,Lenovo,5.0,7,"9,9",Notebook,2666 MHz,Var,1 - 2 kg,Yok,14 inç,Harici Ekran Kartý,GDDR5,11.Nesil,Intel Core i5,Windows 10 Pro,4.2 GHz,1920 x 1080,Var,16 GB,DDR4,Yok,256 GB,4 - 6 Saat,2.4 GHz,17.496 TL
460,Lenovo,5.0,2,10,Notebook,3200 MHz,Var,2 - 4 kg,Yok,16 inç,Harici Ekran Kartý,GDDR6,Ryzen,AMD Ryzen 7,Windows 10 Pro,4.4 GHz,2560 x 1600,Var,16 GB,DDR4,Belirtilmemiþ,512 GB,3 Saat ve Altý,3.2 GHz,30.689 TL
461,Dell,4.6,5,10,Notebook,2666 MHz,Var,1 - 2 kg,Yok,"15,6 inç",Dahili Ekran Kartý,Onboard,11.Nesil,Intel Core i5,Ubuntu,4.2 GHz,1920 x 1080,Belirtilmemiþ,8 GB,DDR4,Yok,512 GB,,2.4 GHz,11.199 TL
462,HP,5.0,1,"9,8",Notebook,2933 MHz,Var,2 - 4 kg,Yok,"15,6 inç",Dahili Ekran Kartý,Onboard,11.Nesil,Intel Core i7,Windows 10 Pro,4.7 GHz,1920 x 1080,Yok,16 GB,DDR4,Yok,512 GB,,2.80 GHz,17.376 TL
463,HP,4.8,97,,Notebook,3200 MHz,Var,1 - 2 kg,Yok,"15,6 inç",Dahili Ekran Kartý,Onboard,11.Nesil,Intel Core i5,Windows 10 Home,4.2 GHz,1920 x 1080,Yok,8 GB,DDR4,Yok,512 GB,6 Saat ve Üstü,2.40 GHz,11.500 TL
464,Asus,5.0,8,,Ýkisi Bir Arada,5200 MHz,Var,1 - 2 kg,Var,"13,4 inç",Yüksek Seviye Harici Ekran Kartý,GDDR6,12.Nesil,Intel Core i9,Windows 11 Home,5 GHz,1920 x 1200,Yok,16 GB,LPDDR5,Yok,1 TB,,2.5 GHz,43.248 TL
465,MSI,4.5,4,10,Notebook,Belirtilmemiþ,Var,1 - 2 kg,Yok,14 inç,Yüksek Seviye Harici Ekran Kartý,GDDR6,11.Nesil,Intel Core i7,Windows 10 Home,4.8 GHz,1920 x 1080,Yok,16 GB,LPDDR4,Yok,512 GB,,3 GHz,25.495 TL
466,Lenovo,3.0,1,"9,9",Notebook,3200 MHz,Var,2 kg ve Altý,Yok,"14,1 inç",Dahili Ekran Kartý,Onboard,11.Nesil,Intel Core i7,Windows 10 Home,4.7 GHz,1920 x 1080,Yok,32 GB,DDR4,Yok,512 GB,3 Saat ve Altý,2.80 GHz,22.827 TL
467,Lenovo,5.0,1,10,Notebook,2666 MHz,Var,2 kg ve Altý,Yok,"17,3 inç",Harici Ekran Kartý,GDDR5,11.Nesil,Intel Core i7,Yok (Free Dos),4.7 GHz,1920 x 1080,Yok,24 GB,DDR4,Yok,1 TB,,2.8 GHz,23.548 TL
468,Lenovo,,,"9,9",Notebook,3200 MHz,Var,1 - 2 kg,Yok,"15,6 inç",Dahili Ekran Kartý,Onboard,11.Nesil,Intel Core i7,Windows 10 Pro,4.7 GHz,1920 x 1080,Yok,36 GB,DDR4,Yok,2 TB,,2.8 GHz,23.199 TL
469,HP,,,"9,9",Oyun Bilgisayarlarý,4800 MHz,Var,2 - 4 kg,Yok,"16,1 inç",Harici Ekran Kartý,GDDR6,12.Nesil,Intel Core i5,Yok (Free Dos),4.5 GHz,1920 x 1080,Belirtilmemiþ,16 GB,DDR5,Yok,512 GB,6 Saat ve Üstü,3.3 GHz,22.399 TL
470,MSI,4.0,3,"9,7",Oyun Bilgisayarlarý,3200 MHz,Var,2 - 4 kg,Yok,"17,3 inç",Harici Ekran Kartý,GDDR6,12.Nesil,Intel Core i7,Yok (Free Dos),4.7 GHz,1920 x 1080,Yok,32 GB,DDR4,Yok,1 TB,,3.5 GHz,66.749 TL
471,MSI,,,"9,7",Notebook,3200 MHz,Var,2 - 4 kg,Yok,"15,6 inç",Yüksek Seviye Harici Ekran Kartý,GDDR6,11.Nesil,Intel Core i7,Windows 10 Pro,4.6 GHz,1920 x 1080,Var,16 GB,DDR4,Yok,1 TB,,2.3 GHz,45.949 TL
472,MSI,,,"9,7",Notebook,3200 MHz,Var,2 - 4 kg,Yok,"15,6 inç",Harici Ekran Kartý,GDDR6,12.Nesil,Intel Core i7,Windows 11 Home,4.8 GHz,1920 x 1080,Yok,16 GB,LPDDR4,Yok,512 GB,,3.6 GHz,33.689 TL
473,MSI,4.7,3,"9,7",Oyun Bilgisayarlarý,4800 MHz,Var,2 - 4 kg,Yok,"17,3 inç",Harici Ekran Kartý,GDDR6,12.Nesil,Intel Core i7,Windows 11 Home,4.7 GHz,1920 x 1080,Yok,32 GB,DDR5,Yok,2 TB,,3.5 GHz,94.109 TL
474,MSI,,,"9,6",Notebook,3200 MHz,Var,2 - 4 kg,Yok,"15,6 inç",Harici Ekran Kartý,GDDR6,12.Nesil,Intel Core i7,Windows 11 Home,4.7 GHz,1920 x 1080,Yok,8 GB,DDR4,Yok,512 GB,,3.5 GHz,31.999 TL
475,Asus,,,"9,8",Notebook,3200 MHz,Var,1 - 2 kg,Yok,14 inç,Dahili Ekran Kartý,Onboard,11.Nesil,Intel Core i5,Windows 11 Pro,4.2 GHz,1920 x 1080,Yok,16 GB,DDR4,Yok,512 GB,6 Saat ve Üstü,2.40 GHz,12.350 TL
476,Lenovo,,,"9,1",Notebook,3200 MHz,Var,2 kg ve Altý,Yok,14 inç,Dahili Ekran Kartý,Onboard,11.Nesil,Intel Core i3,Yok (Free Dos),4.1 GHz,1920 x 1080,Yok,12 GB,DDR4,Yok,512 GB,,3 GHz,9.230 TL
477,HP,,,"9,9",Notebook,2666 MHz,Var,1 - 2 kg,Yok,"15,6 inç",Dahili Ekran Kartý,Onboard,11.Nesil,Intel Core i3,Windows 10 Pro,4.1 GHz,1366 x 768,Yok,8 GB,DDR4,Yok,512 GB,,1.7 GHz,8.799 TL
478,Dell,,,"9,1",Notebook,2666 MHz,Var,1 - 2 kg,Yok,"15,6 inç",Harici Ekran Kartý,GDDR5,11.Nesil,Intel Core i7,Windows 10 Pro,4.7 GHz,1920 x 1080,Yok,16 GB,DDR4,1 TB,512 GB,,2.80 GHz,19.893 TL
479,Lenovo,5.0,1,"9,9",Notebook,3200 MHz,Var,1 - 2 kg,Yok,"15,6 inç",Dahili Ekran Kartý,Onboard,11.Nesil,Intel Core i7,Windows 11 Pro,4.7 GHz,1920 x 1080,Yok,16 GB,DDR4,Yok,1 TB,6 Saat ve Üstü,2.8 GHz,16.999 TL
480,Dell,,,"9,6",Notebook,2666 MHz,Var,2 kg ve Altý,Yok,"15,6 inç",Harici Ekran Kartý,GDDR5,11.Nesil,Intel Core i5,Windows 10 Pro,4.2 GHz,1920 x 1080,Yok,16 GB,DDR4,Yok,512 GB,,2.4 GHz,15.450 TL
481,Monster,4.8,8,"9,9",Oyun Bilgisayarlarý,3200 MHz,Var,2 - 4 kg,Yok,"17,3 inç",Harici Ekran Kartý,GDDR6,11.Nesil,Intel Core i5,Windows 11 Home,4.5 GHz,1920 x 1080,Yok,16 GB,DDR4,Yok,500 GB,3 Saat ve Altý,2.70 GHz,20.187 TL
482,Lenovo,,,"9,9",Notebook,3200 MHz,Var,1 - 2 kg,Yok,14 inç,Harici Ekran Kartý,GDDR5,11.Nesil,Intel Core i5,Windows 10 Pro,4.2 GHz,1920 x 1080,Yok,8 GB,DDR4,Yok,256 GB,,2.40 GHz,11.799 TL
483,HP,,,"9,9",Notebook,2666 MHz,Var,2 kg ve Altý,Yok,"15,6 inç",Dahili Ekran Kartý,Onboard,11.Nesil,Intel Core i5,Windows 10 Pro,4.2 GHz,1920 x 1080,Yok,8 GB,DDR4,Yok,256 GB,,2.4 GHz,15.199 TL
484,HP,,,"9,9",Notebook,2666 MHz,Var,2 kg ve Altý,Yok,"15,6 inç",Dahili Ekran Kartý,Onboard,11.Nesil,Intel Core i3,Windows 10 Home,4.1 GHz,1366 x 768,Yok,16 GB,DDR4,Yok,512 GB,,3 GHz,9.399 TL
485,Lenovo,,,"9,7",Notebook,3200 MHz,Var,1 - 2 kg,Yok,14 inç,Dahili Ekran Kartý,Belirtilmemiþ,11.Nesil,Intel Core i5,Windows 10 Pro,4.2 GHz,1920 x 1080,Var,8 GB,DDR4,Yok,256 GB,4 - 6 Saat,2.4 GHz,15.600 TL
486,Lenovo,5.0,2,"9,8",Notebook,3200 MHz,Var,1 - 2 kg,Yok,"15,6 inç",Harici Ekran Kartý,GDDR5,11.Nesil,Intel Core i5,Yok (Free Dos),4.2 GHz,1920 x 1080,Yok,8 GB,DDR4,1 TB,256 GB,,2.40 GHz,11.399 TL
487,Lenovo,5.0,3,10,Notebook,3200 MHz,Var,2 kg ve Altý,Yok,"15,6 inç",Dahili Ekran Kartý,Onboard,Ryzen,AMD Ryzen 3,Yok (Free Dos),3.8 GHz,1920 x 1080,Yok,4 GB,DDR4,Yok,256 GB,3 Saat ve Altý,2.6 GHz,9.995 TL
488,Hometech,3.6,7,10,Notebook,2400 MHz,Var,1 - 2 kg,Yok,"14,1 inç",Dahili Ekran Kartý,Onboard,Yok,Intel Celeron,Windows 10 Home,2.8 GHz,1366 x 768,Yok,4 GB,DDR4,Yok,128 GB,3 Saat ve Altý,1.10 GHz,3.599 TL
489,Lenovo,,,"9,2",Ultrabook,2133 MHz,Var,2 kg ve Altý,Yok,14 inç,Harici Ekran Kartý,GDDR5,8.Nesil,Intel Core i5,Windows 10 Home,,1920 x 1080,Yok,8 GB,DDR4,Yok,256 GB,6 Saat ve Üstü,3.4 GHz,12.600 TL
490,Dell,5.0,1,"9,8",Notebook,2666 MHz,Var,2 kg ve Altý,Yok,"15,6 inç",Dahili Ekran Kartý,Onboard,11.Nesil,Intel Core i5,Windows 10 Pro,4.2 GHz,1366 x 768,Var,8 GB,DDR4,Yok,256 GB,3 Saat ve Altý,2.4 GHz,16.750 TL
491,HP,,,"9,6",Notebook,3200 MHz,Var,1 - 2 kg,Yok,"15,6 inç",Dahili Ekran Kartý,Onboard,11.Nesil,Intel Core i5,Windows 10 Pro,4.2 GHz,1920 x 1080,Yok,16 GB,DDR4,Yok,1 TB,6 Saat ve Üstü,2.4 GHz,14.470 TL
492,HP,,,"9,9",Notebook,3200 MHz,Var,1 - 2 kg,Yok,"15,6 inç",Dahili Ekran Kartý,Onboard,Ryzen,AMD Ryzen 7,Windows 10 Home,4.3 GHz,1920 x 1080,Yok,16 GB,DDR4,Yok,512 GB,4 - 6 Saat,1.8 GHz,12.635 TL
493,Lenovo,,,"9,6",Oyun Bilgisayarlarý,3200 MHz,Var,1 - 2 kg,Yok,"15,6 inç",Yüksek Seviye Harici Ekran Kartý,GDDR6,11.Nesil,Intel Core i7,Windows 10 Pro,5 GHz,1920 x 1080,Yok,32 GB,DDR4,1 TB,2 TB,,3.4 GHz,32.499 TL
494,Thomson,,,,Ýkisi Bir Arada,Belirtilmemiþ,Var,1 - 2 kg,Var,"13,3 inç",Dahili Ekran Kartý,Onboard,Yok,Intel Celeron,Windows 10 Home,2.8 GHz,1920 x 1080,Yok,4 GB,DDR3,Belirtilmemiþ,Yok,4 - 6 Saat,1.10 GHz,5.672 TL
495,Asus,4.7,14,10,Notebook,2666 MHz,Var,2 kg ve Altý,Yok,14 inç,Dahili Ekran Kartý,Onboard,10.Nesil,Intel Core i3,Yok (Free Dos),3.4 GHz,1366 x 768,Yok,8 GB,DDR4,Yok,256 GB,,1.2 GHz,6.678 TL
496,HP,,,"9,6",Notebook,2666 MHz,Var,1 - 2 kg,Yok,"15,6 inç",Dahili Ekran Kartý,GDDR5,11.Nesil,Intel Core i5,Windows 10 Home,3.6 GHz,1920 x 1080,Yok,8 GB,DDR4,Yok,512 GB,,4.2 GHz,13.685 TL
497,Asus,,,"9,7",Notebook,2666 MHz,Var,1 - 2 kg,Yok,"15,6 inç",Dahili Ekran Kartý,GDDR5,10.Nesil,Intel Core i3,Yok (Free Dos),4.1 GHz,1920 x 1080,Yok,12 GB,DDR4,Yok,256 GB,,2.1 GHz,6.556 TL
498,Asus,,,"9,9",Oyun Bilgisayarlarý,3200 MHz,Var,2 - 4 kg,Yok,"15,6 inç",Yüksek Seviye Harici Ekran Kartý,GDDR6,11.Nesil,Intel Core i7,Windows 10 Home,4.8 GHz,1920 x 1080,Yok,16 GB,DDR4,Yok,512 GB,3 Saat ve Altý,3.3 GHz,22.999 TL
499,Fujitsu,,,"9,8",Notebook,3200 MHz,Var,2 - 4 kg,Yok,"15,6 inç",Dahili Ekran Kartý,Onboard,10.Nesil,Intel Core i5,Yok (Free Dos),3.6 GHz,1920 x 1080,Yok,16 GB,DDR4,Yok,512 GB,,1 GHz,9.956 TL
500,Lenovo,,,"9,9",Notebook,3200 MHz,Var,1 - 2 kg,Yok,"15,6 inç",Dahili Ekran Kartý,Onboard,Ryzen,AMD Ryzen 5,Yok (Free Dos),4 GHz,1920 x 1080,Var,16 GB,DDR4,Yok,500 GB,3 Saat ve Altý,2.3 GHz,12.533 TL
501,Dell,,,"9,1",Oyun Bilgisayarlarý,3200 MHz,Var,2 - 4 kg,Yok,"15,6 inç",Harici Ekran Kartý,GDDR6,Ryzen,AMD Ryzen 7,Windows 10 Home,4.4 GHz,1920 x 1080,Belirtilmemiþ,16 GB,DDR4,Yok,512 GB,,3.2 GHz,19.949 TL
502,Asus,,,"9,7",Notebook,3200 MHz,Var,1 - 2 kg,Yok,"15,6 inç",Dahili Ekran Kartý,Onboard,11.Nesil,Intel Core i7,Yok (Free Dos),4.7 GHz,1920 x 1080,Var,16 GB,DDR4,Yok,1 TB,6 Saat ve Üstü,2.9 GHz,18.207 TL
503,HP,4.0,2,"9,8",Notebook,2666 MHz,Var,2 kg ve Altý,Yok,"15,6 inç",Dahili Ekran Kartý,Onboard,11.Nesil,Intel Core i3,Windows 10 Home,4.1 GHz,1920 x 1080,Yok,8 GB,DDR4,Yok,512 GB,,3 GHz,9.680 TL
504,HP,,,"9,9",Notebook,2666 MHz,Var,2 kg ve Altý,Yok,"15,6 inç",Dahili Ekran Kartý,Onboard,11.Nesil,Intel Core i3,Windows 10 Home,4.1 GHz,1366 x 768,Yok,16 GB,DDR4,Yok,512 GB,,3 GHz,9.399 TL
505,HP,,,"9,9",Notebook,2666 MHz,Var,2 kg ve Altý,Yok,"15,6 inç",Dahili Ekran Kartý,Onboard,11.Nesil,Intel Core i5,Windows 10 Pro,4.2 GHz,1920 x 1080,Yok,8 GB,DDR4,Yok,256 GB,,2.4 GHz,15.199 TL
506,Lenovo,,,"9,9",Notebook,3200 MHz,Var,1 - 2 kg,Yok,14 inç,Harici Ekran Kartý,GDDR5,11.Nesil,Intel Core i5,Windows 10 Pro,4.2 GHz,1920 x 1080,Yok,8 GB,DDR4,Yok,256 GB,,2.40 GHz,11.799 TL
507,Hometech,3.6,7,10,Notebook,2400 MHz,Var,1 - 2 kg,Yok,"14,1 inç",Dahili Ekran Kartý,Onboard,Yok,Intel Celeron,Windows 10 Home,2.8 GHz,1366 x 768,Yok,4 GB,DDR4,Yok,128 GB,3 Saat ve Altý,1.10 GHz,3.599 TL
508,Apple,5.0,42,"9,4",Notebook,Belirtilmemiþ,Var,Belirtilmemiþ,Var,14 inç,Belirtilmemiþ,Belirtilmemiþ,Yok,Apple M1 Pro Çip,macOS,Yok,Belirtilmemiþ,Belirtilmemiþ,16 GB,Belirtilmemiþ,Yok,512 GB,,Belirtilmemiþ,41.990 TL
509,Lenovo,5.0,2,"9,8",Notebook,3200 MHz,Var,1 - 2 kg,Yok,"15,6 inç",Harici Ekran Kartý,GDDR5,11.Nesil,Intel Core i5,Yok (Free Dos),4.2 GHz,1920 x 1080,Yok,8 GB,DDR4,1 TB,256 GB,,2.40 GHz,11.399 TL
510,Lenovo,5.0,3,10,Notebook,3200 MHz,Var,2 kg ve Altý,Yok,"15,6 inç",Dahili Ekran Kartý,Onboard,Ryzen,AMD Ryzen 3,Yok (Free Dos),3.8 GHz,1920 x 1080,Yok,4 GB,DDR4,Yok,256 GB,3 Saat ve Altý,2.6 GHz,9.995 TL
511,Acer,4.6,45,"9,5",Oyun Bilgisayarlarý,2933 MHz,Var,2 - 4 kg,Yok,"17,3 inç",Harici Ekran Kartý,GDDR6,10.Nesil,Intel Core i5,Yok (Free Dos),4.5 GHz,1920 x 1080,Yok,16 GB,DDR4,Belirtilmemiþ,512 GB,,2.50 GHz,16.399 TL
512,HP,4.6,12,"9,8",Oyun Bilgisayarlarý,3200 MHz,Var,2 - 4 kg,Yok,"16,1 inç",Harici Ekran Kartý,GDDR6,Ryzen,AMD Ryzen 5,Yok (Free Dos),4.2 GHz,1920 x 1080,Yok,16 GB,DDR4,Belirtilmemiþ,1 TB,6 Saat ve Üstü,3.3 GHz,19.899 TL
513,Lenovo,4.0,1,"9,9",Notebook,3200 MHz,Var,1 - 2 kg,Yok,14 inç,Harici Ekran Kartý,GDDR5,11.Nesil,Intel Core i5,Windows 10 Pro,4.2 GHz,1920 x 1080,Yok,8 GB,DDR4,Yok,512 GB,,2.40 GHz,12.249 TL
514,Lenovo,5.0,1,"9,8",Notebook,3200 MHz,Var,1 - 2 kg,Yok,"15,6 inç",Dahili Ekran Kartý,Onboard,Ryzen,AMD Ryzen 7,Yok (Free Dos),4.3 GHz,1920 x 1080,Var,24 GB,DDR4,Yok,512 GB,,1.80 GHz,15.999 TL
515,Lenovo,3.5,2,"9,8",Oyun Bilgisayarlarý,2933 MHz,Var,2 kg ve Altý,Yok,"15,6 inç",Harici Ekran Kartý,GDDR5,10.Nesil,Intel Core i5,Yok (Free Dos),4.5 GHz,1920 x 1080,Yok,16 GB,DDR4,Yok,512 GB,,2.5 GHz,14.277 TL
516,Asus,5.0,1,"9,7",Notebook,2666 MHz,Var,2 - 4 kg,Yok,"15,6 inç",Dahili Ekran Kartý,Onboard,10.Nesil,Intel Core i3,Windows 10 Home,4.2 GHz,1920 x 1080,Yok,12 GB,DDR4,Yok,512 GB,4 - 6 Saat,2.1 GHz,9.327 TL
517,Asus,5.0,2,"9,8",Oyun Bilgisayarlarý,2933 MHz,Var,2 - 4 kg,Yok,"15,6 inç",Yüksek Seviye Harici Ekran Kartý,GDDR6,10.Nesil,Intel Core i5,Windows 10 Home,4.5 GHz,1920 x 1080,Yok,16 GB,DDR4,Yok,512 GB,,2.50 GHz,15.007 TL
518,HP,4.5,20,"9,7",Notebook,2400 MHz,Var,2 - 4 kg,Yok,"15,6 inç",Dahili Ekran Kartý,Onboard,10.Nesil,Intel Core i3,Windows 10 Home,3.4 GHz,1366 x 768,Yok,4 GB,DDR4,Yok,128 GB,4 - 6 Saat,1.2 GHz,6.299 TL
519,MSI,,,"9,7",Oyun Bilgisayarlarý,3200 MHz,Var,2 - 4 kg,Yok,"15,6 inç",Yüksek Seviye Harici Ekran Kartý,GDDR6,12.Nesil,Intel Core i7,Windows 11 Home,4.7 GHz,2560 x 1440,Yok,32 GB,DDR4,Yok,1 TB,,3.5 GHz,45.129 TL
520,MSI,,,"9,9",Oyun Bilgisayarlarý,3200 MHz,Var,2 - 4 kg,Yok,"17,3 inç",Yüksek Seviye Harici Ekran Kartý,GDDR6,12.Nesil,Intel Core i7,Windows 11 Home,4.7 GHz,1920 x 1080,Yok,32 GB,DDR4,Yok,1 TB,,3.5 GHz,54.499 TL
521,HP,5.0,5,"9,2",Notebook,3200 MHz,Var,2 - 4 kg,Var,"13,3 inç",Dahili Ekran Kartý,Onboard,11.Nesil,Intel Core i7,Windows 10 Home,4.7 GHz,1920 x 1080,Var,8 GB,DDR4,Yok,512 GB,,Belirtilmemiþ,18.925 TL
522,Dell,,,10,Notebook,2666 MHz,Var,2 kg ve Altý,Yok,"15,6 inç",Harici Ekran Kartý,GDDR5,11.Nesil,Intel Core i5,Yok (Free Dos),4.2 GHz,1920 x 1080,Yok,16 GB,DDR4,Yok,512 GB,,2.4 GHz,15.399 TL
523,Lenovo,,,,Oyun Bilgisayarlarý,3200 MHz,Var,2 - 4 kg,Yok,16 inç,Harici Ekran Kartý,GDDR6,Ryzen,AMD Ryzen 7,Yok (Free Dos),4.4 GHz,2560 x 1600,Yok,16 GB,DDR4,Yok,512 GB,4 - 6 Saat,3.2 GHz,31.824 TL
524,Asus,,,,Notebook,4800 MHz,Var,2 - 4 kg,Yok,16 inç,Yüksek Seviye Harici Ekran Kartý,GDDR6,6.Nesil,AMD Ryzen 9,Windows 11 Home,4.9 GHz,2560 x 1600,Yok,32 GB,DDR5,Yok,4 TB,,3.3 GHz,99.698 TL
525,Lenovo,4.9,8,10,Notebook,2666 MHz,Var,2 kg ve Altý,Yok,"15,6 inç",Harici Ekran Kartý,GDDR5,10.Nesil,Intel Core i5,Yok (Free Dos),3.6 GHz,1920 x 1080,Yok,12 GB,DDR4,Yok,256 GB,,1 GHz,11.699 TL
526,Lenovo,,,"9,7",Notebook,3200 MHz,Var,2 - 4 kg,Yok,"15,6 inç",Harici Ekran Kartý,GDDR6,11.Nesil,Intel Core i7,Windows 10 Pro,4.8 GHz,1920 x 1080,Yok,16 GB,DDR4,1 TB,256 GB,,3.3 GHz,23.330 TL
527,Asus,5.0,11,"9,4",Notebook,3200 MHz,Var,1 - 2 kg,Yok,14 inç,Yüksek Seviye Harici Ekran Kartý,GDDR6,10.Nesil,Intel Core i5,Yok (Free Dos),4.4 GHz,2880 x 1800,Yok,16 GB,DDR4,Yok,512 GB,,3.1 GHz,19.490 TL
528,HP,5.0,5,"9,2",Notebook,3200 MHz,Var,2 - 4 kg,Var,"13,3 inç",Dahili Ekran Kartý,Onboard,11.Nesil,Intel Core i7,Windows 10 Home,4.7 GHz,1920 x 1080,Var,8 GB,DDR4,Yok,512 GB,,Belirtilmemiþ,18.925 TL
529,HP,,,09,Oyun Bilgisayarlarý,3200 MHz,Var,1 - 2 kg,Yok,"15,6 inç",Yüksek Seviye Harici Ekran Kartý,GDDR6,11.Nesil,Intel Core i5,Windows 10 Home,4.4 GHz,1920 x 1080,Yok,32 GB,DDR4,Yok,1 TB,,3.1 GHz,18.800 TL
530,Lenovo,,,"9,9",Notebook,3200 MHz,Var,1 - 2 kg,Yok,14 inç,Harici Ekran Kartý,GDDR5,11.Nesil,Intel Core i5,Yok (Free Dos),4.2 GHz,1920 x 1080,Yok,16 GB,DDR4,Yok,512 GB,,2.40 GHz,12.399 TL
531,Dell,,,"9,1",Notebook,3200 MHz,Var,2 - 4 kg,Yok,"15,6 inç",Yüksek Seviye Harici Ekran Kartý,GDDR6,11.Nesil,Intel Core i7,Yok (Free Dos),4.6 GHz,1920 x 1080,Yok,32 GB,DDR4,Yok,1 TB,,2.3 GHz,26.589 TL
532,HP,,,"9,1",Notebook,3200 MHz,Var,1 - 2 kg,Yok,"15,6 inç",Yüksek Seviye Harici Ekran Kartý,GDDR5,11.Nesil,Intel Core i7,Windows 10 Home,4.7 GHz,1920 x 1080,Yok,16 GB,DDR4,Yok,512 GB,,2.80 GHz,20.882 TL
533,Lenovo,,,"9,1",Notebook,3200 MHz,Var,1 - 2 kg,Yok,"15,6 inç",Dahili Ekran Kartý,Onboard,11.Nesil,Intel Core i7,Windows 11 Pro,4.7 GHz,1920 x 1080,Yok,24 GB,DDR4,Yok,1 TB,6 Saat ve Üstü,2.8 GHz,17.737 TL
534,Asus,,,"9,1",Notebook,3200 MHz,Var,1 - 2 kg,Yok,"15,6 inç",Dahili Ekran Kartý,Onboard,5.Nesil,AMD Ryzen 5,Yok (Free Dos),4.0 GHz,1920 x 1080,Yok,24 GB,DDR4,Yok,512 GB,6 Saat ve Üstü,2.1 GHz,12.837 TL
535,HP,,,"9,9",Notebook,2666 MHz,Var,1 - 2 kg,Yok,"15,6 inç",Dahili Ekran Kartý,Onboard,11.Nesil,Intel Core i3,Windows 10 Pro,4.1 GHz,1366 x 768,Yok,16 GB,DDR4,Yok,256 GB,,1.7 GHz,9.299 TL
536,Asus,,,"9,1",Notebook,3200 MHz,Var,1 - 2 kg,Yok,"15,6 inç",Dahili Ekran Kartý,Onboard,5.Nesil,AMD Ryzen 5,Yok (Free Dos),4.0 GHz,1920 x 1080,Yok,16 GB,DDR4,Yok,512 GB,6 Saat ve Üstü,2.1 GHz,12.151 TL
537,Lenovo,,,"9,9",Notebook,2400 MHz,Var,1 - 2 kg,Yok,"15,6 inç",Dahili Ekran Kartý,Onboard,Yok,AMD Athlon Gold,Yok (Free Dos),3.3 GHz,1366 x 768,Yok,12 GB,DDR4,Yok,128 GB,,2.4 GHz,5.545 TL
538,Monster,4.9,15,"9,9",Oyun Bilgisayarlarý,3200 MHz,Var,2 - 4 kg,Yok,"15,6 inç",Harici Ekran Kartý,GDDR6,11.Nesil,Intel Core i7,Yok (Free Dos),4.5 GHz,2560 x 1440,Yok,16 GB,DDR4,Yok,500 GB,3 Saat ve Altý,2.3 GHz,31.947 TL
539,Acer,,,10,Notebook,4266 MHz,Var,1 - 2 kg,Yok,14 inç,Dahili Ekran Kartý,Onboard,5.Nesil,AMD Ryzen 5,Yok (Free Dos),4.0 GHz,1920 x 1080,Var,8 GB,LPDDR4X,Yok,512 GB,,2.1 GHz,9.199 TL
540,Dell,4.8,64,10,Notebook,3200 MHz,Var,1 - 2 kg,Yok,14 inç,Harici Ekran Kartý,GDDR5,11.Nesil,Intel Core i5,Ubuntu,4.2 GHz,1920 x 1080,Yok,8 GB,DDR4,Yok,256 GB,,2.4 GHz,12.999 TL
541,Asus,4.6,10,"9,8",Notebook,2666 MHz,Var,2 kg ve Altý,Yok,"15,6 inç",Harici Ekran Kartý,GDDR5,11.Nesil,Intel Core i5,Yok (Free Dos),4.2 GHz,1920 x 1080,Yok,8 GB,DDR4,Yok,256 GB,4 - 6 Saat,2.4 GHz,11.439 TL
542,Lenovo,4.0,1,"9,7",Notebook,3200 MHz,Var,1 - 2 kg,Yok,14 inç,Dahili Ekran Kartý,Onboard,11.Nesil,Intel Core i5,Windows 10 Pro,4.2 GHz,1920 x 1080,Var,32 GB,DDR4,Yok,1 TB,4 - 6 Saat,2.4 GHz,22.842 TL
543,Dell,4.5,13,"9,7",Notebook,3200 MHz,Var,2 - 4 kg,Yok,"15,6 inç",Dahili Ekran Kartý,Onboard,3.Nesil,AMD Ryzen 7,Ubuntu,4 GHz,1920 x 1080,Yok,8 GB,DDR4,Yok,512 GB,4 - 6 Saat,2.3 GHz,9.999 TL
544,Lenovo,3.3,6,,Notebook,3200 MHz,Var,1 - 2 kg,Yok,14 inç,Dahili Ekran Kartý,Onboard,5.Nesil,AMD Ryzen 7,Yok (Free Dos),1.8 GHz,1920 x 1080,Var,16 GB,DDR4,Yok,512 GB,6 Saat ve Üstü,4.3 GHz,14.100 TL
545,Asus,4.7,3,"9,8",Notebook,2666 MHz,Var,2 kg ve Altý,Yok,"15,6 inç",Harici Ekran Kartý,DDR5,11.Nesil,Intel Core i5,Yok (Free Dos),4.2 GHz,1920 x 1080,Yok,16 GB,DDR4,Yok,512 GB,4 - 6 Saat,2.2 GHz,12.988 TL
546,Lenovo,5.0,2,"9,9",Notebook,3200 MHz,Var,1 - 2 kg,Var,"13,3 inç",Dahili Ekran Kartý,Onboard,11.Nesil,Intel Core i7,Yok (Free Dos),4.7 GHz,1920 x 1080,Var,16 GB,DDR4,Belirtilmemiþ,512 GB,4 - 6 Saat,2.7 GHz,25.190 TL
547,Lenovo,4.0,1,"9,9",Notebook,3200 MHz,Var,1 - 2 kg,Yok,14 inç,Harici Ekran Kartý,GDDR5,11.Nesil,Intel Core i5,Yok (Free Dos),4.2 GHz,1920 x 1080,Yok,16 GB,DDR4,Yok,1 TB,3 Saat ve Altý,2.40 GHz,12.799 TL
548,Hometech,3.9,24,10,Notebook,Belirtilmemiþ,Var,1 - 2 kg,Yok,14 inç,Dahili Ekran Kartý,Onboard,Yok,Intel Celeron,Windows 10 Home,2.4 GHz,1366 x 768,Yok,4 GB,DDR4,Yok,128 GB,,1.10 GHz,3.133 TL
549,Acer,4.2,16,"9,2",Notebook,2133 MHz,Var,1 - 2 kg,Yok,14 inç,Dahili Ekran Kartý,Onboard,Ryzen,AMD A4,Windows 10 Home,1.2 GHz,1280 x 720,Yok,4 GB,DDR4,Yok,128 GB,,1 GHz,4.098 TL
550,Lenovo,,,"9,7",Notebook,3200 MHz,Var,1 - 2 kg,Yok,"15,6 inç",Dahili Ekran Kartý,Onboard,11.Nesil,Intel Core i5,Yok (Free Dos),4.2 GHz,1920 x 1080,Var,12 GB,DDR4,Yok,256 GB,6 Saat ve Üstü,2.40 GHz,10.499 TL
551,Lenovo,,,"9,9",Notebook,3200 MHz,Belirtilmemiþ,2 kg ve Altý,Yok,"15,6 inç",Dahili Ekran Kartý,Onboard,11.Nesil,Intel Core i5,Windows 10 Pro,4.2 GHz,1920 x 1080,Yok,12 GB,DDR4,Yok,256 GB,,2.4 GHz,12.376 TL
552,HP,,,"9,7",Oyun Bilgisayarlarý,3200 MHz,Var,1 - 2 kg,Yok,"15,6 inç",Harici Ekran Kartý,GDDR6,11.Nesil,Intel Core i7,Windows 10 Home,4.8 GHz,1920 x 1080,Yok,32 GB,DDR4,1 TB,256 GB,6 Saat ve Üstü,3.1 GHz,25.174 TL
553,Lenovo,,,"9,8",Notebook,3200 MHz,Var,1 - 2 kg,Yok,"15,6 inç",Dahili Ekran Kartý,Onboard,10.Nesil,Intel Core i5,Windows 10 Home,4.2 GHz,1920 x 1080,Yok,8 GB,DDR4,Yok,256 GB,,1.6 GHz,10.874 TL
554,Lenovo,,,10,Ýkisi Bir Arada,3200 MHz,Var,1 - 2 kg,Var,13 inç,Dahili Ekran Kartý,Onboard,11.Nesil,Intel Core i7,Yok (Free Dos),4.7 GHz,2160 x 1350,Yok,16 GB,DDR4,Yok,1 TB,6 Saat ve Üstü,2.8 GHz,23.800 TL
555,Asus,2.9,8,09,Notebook,3200 MHz,Var,2 kg ve Altý,Yok,"15,6 inç",Dahili Ekran Kartý,Onboard,Ryzen,AMD A9,Windows 10 Home,3.2 GHz,1366 x 768,Yok,4 GB,DDR4,128 GB,128 GB,,3.2 GHz,5.199 TL
556,Lenovo,,,"9,9",Notebook,3200 MHz,Belirtilmemiþ,2 kg ve Altý,Yok,"15,6 inç",Dahili Ekran Kartý,Onboard,11.Nesil,Intel Core i5,Windows 10 Pro,4.2 GHz,1920 x 1080,Yok,12 GB,DDR4,Yok,256 GB,,2.4 GHz,12.376 TL
557,Lenovo,,,"9,8",Notebook,3200 MHz,Var,2 - 4 kg,Yok,14 inç,Dahili Ekran Kartý,Onboard,Ryzen,AMD Ryzen 5,Windows 10 Pro,4 GHz,1920 x 1080,Yok,12 GB,DDR4,Yok,256 GB,,2.1 GHz,10.725 TL
558,Asus,4.0,4,"9,6",Notebook,1333 MHz,Var,2 kg ve Altý,Yok,"15,6 inç",Dahili Ekran Kartý,Belirtilmemiþ,Yok,Intel Celeron,Endless OS,2.4 GHz,1366 x 768,Yok,4 GB,DDR4,1 TB,Yok,4 - 6 Saat,1.1 GHz,4.249 TL
559,Acer,,,"9,7",Notebook,3200 MHz,Var,1 - 2 kg,Yok,"15,6 inç",Harici Ekran Kartý,GDDR5,10. Nesil,Intel Core i5,Windows 10 Home,3.6 GHz,1920 x 1080,Yok,16 GB,DDR4,Yok,512 GB,4 - 6 Saat,1 GHz,11.499 TL
560,Asus,5.0,2,"9,7",Notebook,2666 MHz,Var,1 - 2 kg,Yok,"15,6 inç",Dahili Ekran Kartý,Onboard,10. Nesil,Intel Core i5,Windows 11 Home,3.6 GHz,1920 x 1080,Yok,12 GB,DDR4,Belirtilmemiþ,256 GB,,1 GHz,9.499 TL
561,Asus,,,10,Notebook,2666 MHz,Var,2 kg ve Altý,Yok,"15,6 inç",Harici Ekran Kartý,GDDR6,11.Nesil,Intel Core i7,Windows 11 Home,4.8 GHz,1920 x 1080,Yok,24 GB,DDR4,Yok,1 TB,,3.3 GHz,25.118 TL
562,Lenovo,,,10,Notebook,2666 MHz,Var,1 - 2 kg,Yok,"15,6 inç",Dahili Ekran Kartý,Onboard,3.Nesil,AMD Ryzen 3,Yok (Free Dos),3.5 GHz,1920 x 1080,Yok,8 GB,DDR4,Yok,256 GB,4 - 6 Saat,2.6 GHz,6.429 TL
563,Game Garaj,5.0,4,"9,8",Notebook,2666 MHz,Var,2 - 4 kg,Yok,"15,6 inç",Dahili Ekran Kartý,Onboard,10.Nesil,Intel Core i3,Yok (Free Dos),3.6 GHz,1280 x 720,Yok,8 GB,DDR4,Yok,256 GB,3 Saat ve Altý,1.2 GHz,7.300 TL
564,Lenovo,,,"9,8",Notebook,3200 MHz,Var,1 - 2 kg,Yok,"15,6 inç",Dahili Ekran Kartý,Onboard,11.Nesil,Intel Core i5,Windows 10 Home,4.2 GHz,1920 x 1080,Var,8 GB,DDR4,Yok,256 GB,6 Saat ve Üstü,2.40 GHz,10.778 TL
565,Dell,,,"9,9",Notebook,3200 MHz,Var,1 - 2 kg,Yok,"15,6 inç",Dahili Ekran Kartý,Onboard,11.Nesil,Intel Core i5,Windows 10 Pro,4.2 GHz,1920 x 1080,Belirtilmemiþ,8 GB,DDR4,Yok,512 GB,,2.40 GHz,12.199 TL
566,Dell,,,"9,6",Notebook,2666 MHz,Var,2 kg ve Altý,Yok,"15,6 inç",Dahili Ekran Kartý,Onboard,11.Nesil,Intel Core i7,Yok (Free Dos),5 GHz,1920 x 1080,Var,32 GB,DDR4,Yok,1 TB,,3.4 GHz,22.693 TL
567,Asus,,,,Oyun Bilgisayarlarý,4800 MHz,Var,2 - 4 kg,Yok,16 inç,Harici Ekran Kartý,GDDR6,Ryzen,AMD Ryzen 7,Windows 11 Home,4.9 GHz,1920 x 1200,Belirtilmemiþ,32 GB,DDR5,Yok,1 TB,3 Saat ve Altý,3.2 GHz,54.900 TL
568,HP,3.8,6,"9,9",Notebook,2666 MHz,Var,2 kg ve Altý,Yok,"15,6 inç",Dahili Ekran Kartý,Onboard,5.Nesil,AMD Ryzen 5,Windows 10 Home,4 GHz,1920 x 1080,Yok,8 GB,DDR4,Yok,256 GB,,2.1 GHz,9.399 TL
569,Dell,,,10,Notebook,2666 MHz,Var,2 kg ve Altý,Yok,"15,6 inç",Harici Ekran Kartý,GDDR5,11.Nesil,Intel Core i5,Yok (Free Dos),4.2 GHz,1920 x 1080,Yok,8 GB,DDR4,Yok,256 GB,,2.4 GHz,13.999 TL
570,Asus,,,"9,9",Notebook,2933 MHz,Var,1 - 2 kg,Yok,"15,6 inç",Dahili Ekran Kartý,Onboard,10.Nesil,Intel Core i7,Yok (Free Dos),3.9 GHz,1920 x 1080,Yok,16 GB,DDR4,Yok,512 GB,6 Saat ve Üstü,1.3 GHz,12.824 TL
571,Asus,5.0,11,9,Notebook,2666 MHz,Var,1 - 2 kg,Yok,"13,3 inç",Dahili Ekran Kartý,Onboard,11.Nesil,Intel Core i5,Yok (Free Dos),4.2 GHz,1920 x 1080,Yok,8 GB,LPDDR4X,Yok,512 GB,,1.2 GHz,16.949 TL
572,Lenovo,,,"9,8",Notebook,3200 MHz,Var,1 - 2 kg,Yok,"15,6 inç",Dahili Ekran Kartý,Onboard,10.Nesil,Intel Core i5,Windows 11 Pro,4.2 GHz,1920 x 1080,Yok,8 GB,DDR4,Yok,512 GB,,1.6 GHz,11.718 TL
573,Lenovo,4.5,2,"9,8",Notebook,2933 MHz,Var,1 - 2 kg,Yok,"15,6 inç",Dahili Ekran Kartý,Onboard,6.Nesil,Intel Celeron,Yok (Free Dos),1.8 GHz,1366 x 768,Yok,12 GB,DDR4,Yok,256 GB,4 - 6 Saat,1.8 GHz,5.994 TL
574,Lenovo,,,"9,3",Notebook,3200 MHz,Var,2 - 4 kg,Yok,"17,3 inç",Harici Ekran Kartý,GDDR5,11.Nesil,Intel Core i7,Yok (Free Dos),4.7 GHz,1920 x 1080,Yok,8 GB,DDR4,Yok,512 GB,3 Saat ve Altý,2.80 GHz,18.420 TL
575,Asus,,,10,Notebook,2666 MHz,Var,2 kg ve Altý,Yok,14 inç,Dahili Ekran Kartý,Onboard,10.Nesil,Intel Core i3,Yok (Free Dos),3.4 GHz,1366 x 768,Yok,12 GB,DDR4,Yok,512 GB,,1.2 GHz,7.948 TL
576,HP,,,10,Notebook,2666 MHz,Var,2 kg ve Altý,Yok,"15,6 inç",Dahili Ekran Kartý,Onboard,11.Nesil,Intel Core i3,Yok (Free Dos),4.1 GHz,1366 x 768,Yok,8 GB,DDR4,Yok,512 GB,,3 GHz,8.648 TL
577,HP,4.6,28,10,Notebook,2400 MHz,Var,1 - 2 kg,Yok,14 inç,Dahili Ekran Kartý,Onboard,Ryzen,AMD Ryzen 5,Windows 10 Home,3.7 GHz,1920 x 1080,Yok,8 GB,DDR4,Yok,256 GB,,2.1 GHz,8.569 TL
578,HP,5.0,4,"9,9",Notebook,2666 MHz,Var,1 - 2 kg,Yok,14 inç,Dahili Ekran Kartý,Onboard,11.Nesil,Intel Core i7,Yok (Free Dos),4.7 GHz,1920 x 1080,Yok,16 GB,DDR4,Yok,512 GB,,2.80 GHz,12.699 TL
579,HP,,,"9,2",Notebook,3200 MHz,Var,1 - 2 kg,Yok,"13,3 inç",Dahili Ekran Kartý,Belirtilmemiþ,11.Nesil,Intel Core i5,Yok (Free Dos),4.2 GHz,1920 x 1080,Yok,8 GB,DDR4,Yok,512 GB,4 - 6 Saat,Belirtilmemiþ,13.499 TL
580,Dell,5.0,1,"9,7",Notebook,3200 MHz,Var,1 - 2 kg,Yok,"15,6 inç",Dahili Ekran Kartý,Onboard,Ryzen,AMD Ryzen 7,Linux,4 GHz,1920 x 1080,Yok,8 GB,DDR4,Yok,512 GB,,2.30 GHz,9.998 TL
581,Dell,,,"9,8",Notebook,3200 MHz,Var,1 - 2 kg,Yok,"15,6 inç",Dahili Ekran Kartý,Onboard,11.Nesil,Intel Core i5,Windows 10 Pro,4.2 GHz,1920 x 1080,Belirtilmemiþ,16 GB,DDR4,Yok,512 GB,,2.40 GHz,13.236 TL
582,Lenovo,5.0,1,10,Notebook,2666 MHz,Var,2 - 4 kg,Yok,"15,6 inç",Dahili Ekran Kartý,Onboard,Ryzen,AMD Ryzen 5,Windows 10 Pro,4.2 GHz,1920 x 1080,Var,8 GB,DDR4,Yok,256 GB,4 - 6 Saat,2.3 GHz,13.482 TL
583,Asus,,,,Notebook,2400 MHz,Var,1 - 2 kg,Yok,14 inç,Dahili Ekran Kartý,Onboard,10.Nesil,Intel Core i5,Yok (Free Dos),3.6 GHz,1920 x 1080,Yok,8 GB,DDR4,Yok,256 GB,,1 GHz,9.499 TL
584,Asus,,,"9,7",Notebook,3200 MHz,Var,2 - 4 kg,Yok,"15,6 inç",Harici Ekran Kartý,GDDR5,11.Nesil,Intel Core i5,Yok (Free Dos),4.2 GHz,1920 x 1080,Yok,8 GB,DDR4,Yok,256 GB,,2.40 GHz,9.649 TL
585,Apple,4.4,24,"9,4",Notebook,2666 MHz,Var,2 - 4 kg,Yok,16 inç,Yüksek Seviye Harici Ekran Kartý,GDDR6,9.Nesil,Intel Core i9,macOS,4.8 GHz,3072 x 1920,Yok,16 GB,DDR4,Yok,1 TB,,2.3 GHz,73.000 TL
586,Lenovo,,,"9,9",Notebook,2666 MHz,Var,2 - 4 kg,Yok,"15,6 inç",Harici Ekran Kartý,GDDR5,10. Nesil,Intel Core i5,Windows 11 Home,4.2 GHz,1366 x 768,Yok,8 GB,DDR4,Yok,256 GB,,1.6 GHz,10.165 TL
587,Apple,,,10,Notebook,2666 MHz,Var,1 - 2 kg,Yok,16 inç,Belirtilmemiþ,Belirtilmemiþ,9.Nesil,Intel Core i9,macOS,Yok,3072 x 1920,Var,32 GB,Belirtilmemiþ,Yok,1 TB,,Belirtilmemiþ,75.899 TL
588,Dell,,,"9,8",Notebook,3200 MHz,Var,1 - 2 kg,Yok,14 inç,Dahili Ekran Kartý,Onboard,11.Nesil,Intel Core i5,Windows 10 Pro,4.2 GHz,1920 x 1080,Belirtilmemiþ,16 GB,DDR4,Yok,256 GB,,2.4 GHz,20.099 TL
589,Lenovo,,,"9,9",Notebook,3200 MHz,Var,1 - 2 kg,Yok,"15,6 inç",Dahili Ekran Kartý,Onboard,Ryzen,AMD Ryzen 5,Yok (Free Dos),4 GHz,1920 x 1080,Var,16 GB,DDR4,Yok,256 GB,3 Saat ve Altý,2.3 GHz,11.953 TL
590,HP,,,"9,9",Notebook,2666 MHz,Var,1 - 2 kg,Var,"15,6 inç",Dahili Ekran Kartý,GDDR5,11.Nesil,Intel Core i5,Windows 10 Pro,4.2 GHz,1920 x 1080,Yok,16 GB,DDR4,Yok,512 GB,,4.2 GHz,11.899 TL
591,Acer,4.4,82,"9,9",Notebook,Belirtilmemiþ,Belirtilmemiþ,2 kg ve Altý,Yok,"15,6 inç",Harici Ekran Kartý,GDDR5,3.Nesil,AMD Ryzen 7,Yok (Free Dos),,1920 x 1080,Yok,8 GB,Belirtilmemiþ,Yok,512 GB,4 - 6 Saat,2.30 GHz,10.300 TL
592,Dell,,,"9,8",Notebook,2933 MHz,Var,2 - 4 kg,Yok,"15,6 inç",Dahili Ekran Kartý,Onboard,10.Nesil,Intel Core i7,Windows 10 Home,4.9 GHz,1920 x 1080,Yok,32 GB,DDR4,2 TB,32 GB,,1.80 GHz,21.162 TL
593,Lenovo,,,"9,8",Notebook,2666 MHz,Var,1 - 2 kg,Yok,14 inç,Dahili Ekran Kartý,Onboard,Ryzen,AMD Ryzen 3,Windows 11 Pro,3.5 GHz,1920 x 1080,Yok,8 GB,DDR4,Yok,256 GB,3 Saat ve Altý,2.6 GHz,7.800 TL
594,Dell,,,"9,8",Notebook,2666 MHz,Var,1 - 2 kg,Yok,"15,6 inç",Dahili Ekran Kartý,Onboard,11.Nesil,Intel Core i3,Windows 10 Pro,4.1 GHz,1920 x 1080,Yok,8 GB,DDR4,Yok,512 GB,4 - 6 Saat,1.80 GHz,9.750 TL
595,HP,3.4,5,"9,6",Notebook,2666 MHz,Var,1 - 2 kg,Yok,"15,6 inç",Dahili Ekran Kartý,Onboard,11.Nesil,Intel Core i5,Yok (Free Dos),4.2 GHz,1920 x 1080,Yok,8 GB,DDR4,Yok,256 GB,,1.2 GHz,11.499 TL
596,Lenovo,5.0,1,"9,8",Ýkisi Bir Arada,2666 MHz,Var,2 kg ve Altý,Var,14 inç,Dahili Ekran Kartý,Onboard,11.Nesil,Intel Core i5,Yok (Free Dos),4.2 GHz,1920 x 1080,Var,8 GB,DDR4,Yok,256 GB,,2.40 GHz,16.876 TL
597,Lenovo,,,"9,9",Notebook,2666 MHz,Var,1 - 2 kg,Yok,14 inç,Dahili Ekran Kartý,Onboard,Ryzen,AMD Ryzen 5,Windows 10 Home,4.0 GHz,1920 x 1080,Yok,20 GB,DDR4,Yok,1 TB,,2.1 GHz,11.459 TL
598,Asus,,,"9,3",Notebook,2400 MHz,Var,1 - 2 kg,Yok,14 inç,Dahili Ekran Kartý,Onboard,8.Nesil,Intel Core i9,Yok (Free Dos),4.6 GHz,1366 x 768,Belirtilmemiþ,20 GB,DDR4,Yok,512 GB,,1.8 GHz,10.660 TL
599,Asus,,,"9,7",Notebook,3200 MHz,Var,1 - 2 kg,Yok,"15,6 inç",Dahili Ekran Kartý,Onboard,11.Nesil,Intel Core i7,Windows 10 Home,4.7 GHz,1920 x 1080,Var,24 GB,DDR4,Yok,256 GB,6 Saat ve Üstü,2.9 GHz,19.124 TL
600,HP,,,"9,6",Notebook,2666 MHz,Var,2 kg ve Altý,Yok,"15,6 inç",Dahili Ekran Kartý,Onboard,Yok,AMD Athlon Gold,Windows 10 Home,3.3 GHz,1920 x 1080,Yok,8 GB,DDR4,Yok,256 GB,,2.4 GHz,7.999 TL
601,Lenovo,,,10,Notebook,3200 MHz,Var,1 - 2 kg,Yok,"15,6 inç",Dahili Ekran Kartý,Onboard,11.Nesil,Intel Core i3,Windows 11 Home,4.1 GHz,1920 x 1080,Yok,8 GB,DDR4,Yok,256 GB,,1.3 GHz,8.000 TL
602,Lenovo,4.9,35,"9,9",Notebook,3200 MHz,Var,1 - 2 kg,Yok,16 inç,Yüksek Seviye Harici Ekran Kartý,GDDR6,5.Nesil,AMD Ryzen 7,Yok (Free Dos),4.4 GHz,2560 x 1600,Yok,16 GB,DDR4,Yok,512 GB,6 Saat ve Üstü,3.2 GHz,19.379 TL
603,Asus,5.0,1,"9,8",Notebook,2666 MHz,Var,1 - 2 kg,Yok,"15,6 inç",Dahili Ekran Kartý,Onboard,10. Nesil,Intel Core i7,Windows 10 Pro,3.9 GHz,1920 x 1080,Yok,16 GB,DDR4,1 TB,256 GB,,1.3 GHz,14.003 TL
604,Dell,5.0,1,"9,8",Notebook,3200 MHz,Var,1 - 2 kg,Yok,"15,6 inç",Dahili Ekran Kartý,Onboard,11.Nesil,Intel Core i5,Windows 10 Home,4.2 GHz,1920 x 1080,Belirtilmemiþ,16 GB,DDR4,Yok,512 GB,,2.40 GHz,12.933 TL
605,HP,5.0,6,,Notebook,3200 MHz,Var,1 - 2 kg,Yok,14 inç,Harici Ekran Kartý,DDR5,11.Nesil,Intel Core i7,Windows 10 Home,4.7 GHz,1920 x 1080,Var,8 GB,DDR4,Yok,512 GB,6 Saat ve Üstü,2.80 GHz,16.028 TL
606,Lenovo,4.9,12,10,Ýkisi Bir Arada,3200 MHz,Var,1 - 2 kg,Var,"15,6 inç",Dahili Ekran Kartý,Onboard,11.Nesil,Intel Core i7,Windows 10 Home,4.7 GHz,1920 x 1080,Var,16 GB,DDR4,Yok,512 GB,6 Saat ve Üstü,2.8 GHz,21.997 TL
607,Asus,4.1,17,"9,9",Notebook,Belirtilmemiþ,Var,1 - 2 kg,Yok,"15,6 inç",Dahili Ekran Kartý,Onboard,1.Nesil,Intel Celeron,Yok (Free Dos),2.8 GHz,1366 x 768,Yok,4 GB,LPDDR4,1 TB,Yok,,1.1 GHz,3.860 TL
608,Apple,4.8,27,"9,7",Notebook,Belirtilmemiþ,Var,1 - 2 kg,Yok,13 inç,Belirtilmemiþ,Belirtilmemiþ,Yok,Apple M1,macOS,Yok,2560 x 1600,Var,8 GB,Belirtilmemiþ,Yok,512 GB,,Belirtilmemiþ,23.159 TL
609,Lenovo,,,"9,9",Notebook,2666 MHz,Var,2 - 4 kg,Yok,"15,6 inç",Harici Ekran Kartý,GDDR5,10. Nesil,Intel Core i5,Windows 11 Home,4.2 GHz,1366 x 768,Yok,8 GB,DDR4,Yok,256 GB,,1.6 GHz,10.165 TL
610,Apple,,,10,Notebook,2666 MHz,Var,1 - 2 kg,Yok,16 inç,Belirtilmemiþ,Belirtilmemiþ,9.Nesil,Intel Core i9,macOS,Yok,3072 x 1920,Var,32 GB,Belirtilmemiþ,Yok,1 TB,,Belirtilmemiþ,75.899 TL
611,Dell,,,"9,8",Notebook,3200 MHz,Var,1 - 2 kg,Yok,"15,6 inç",Dahili Ekran Kartý,Onboard,11.Nesil,Intel Core i5,Windows 10 Pro,4.2 GHz,1920 x 1080,Belirtilmemiþ,16 GB,DDR4,Yok,512 GB,,2.40 GHz,13.236 TL
612,Acer,4.4,82,"9,9",Notebook,Belirtilmemiþ,Belirtilmemiþ,2 kg ve Altý,Yok,"15,6 inç",Harici Ekran Kartý,GDDR5,3.Nesil,AMD Ryzen 7,Yok (Free Dos),,1920 x 1080,Yok,8 GB,Belirtilmemiþ,Yok,512 GB,4 - 6 Saat,2.30 GHz,10.300 TL
613,Dell,,,"9,8",Notebook,2933 MHz,Var,2 - 4 kg,Yok,"15,6 inç",Dahili Ekran Kartý,Onboard,10.Nesil,Intel Core i7,Windows 10 Home,4.9 GHz,1920 x 1080,Yok,32 GB,DDR4,2 TB,32 GB,,1.80 GHz,21.162 TL
614,Dell,,,"9,8",Notebook,2666 MHz,Var,1 - 2 kg,Yok,"15,6 inç",Dahili Ekran Kartý,Onboard,11.Nesil,Intel Core i3,Windows 10 Pro,4.1 GHz,1920 x 1080,Yok,8 GB,DDR4,Yok,512 GB,4 - 6 Saat,1.80 GHz,9.750 TL
615,Lenovo,,,"9,8",Notebook,2666 MHz,Var,1 - 2 kg,Yok,14 inç,Dahili Ekran Kartý,Onboard,Ryzen,AMD Ryzen 3,Windows 11 Pro,3.5 GHz,1920 x 1080,Yok,8 GB,DDR4,Yok,256 GB,3 Saat ve Altý,2.6 GHz,7.800 TL
616,Lenovo,5.0,1,"9,8",Ýkisi Bir Arada,2666 MHz,Var,2 kg ve Altý,Var,14 inç,Dahili Ekran Kartý,Onboard,11.Nesil,Intel Core i5,Yok (Free Dos),4.2 GHz,1920 x 1080,Var,8 GB,DDR4,Yok,256 GB,,2.40 GHz,16.876 TL
617,Lenovo,5.0,1,10,Notebook,2666 MHz,Var,2 - 4 kg,Yok,"15,6 inç",Dahili Ekran Kartý,Onboard,Ryzen,AMD Ryzen 5,Windows 10 Pro,4.2 GHz,1920 x 1080,Var,8 GB,DDR4,Yok,256 GB,4 - 6 Saat,2.3 GHz,13.482 TL
618,Asus,,,"9,7",Notebook,3200 MHz,Var,2 - 4 kg,Yok,"15,6 inç",Harici Ekran Kartý,GDDR5,11.Nesil,Intel Core i5,Yok (Free Dos),4.2 GHz,1920 x 1080,Yok,8 GB,DDR4,Yok,256 GB,,2.40 GHz,9.649 TL
619,Asus,,,"9,7",Notebook,3200 MHz,Var,1 - 2 kg,Yok,"15,6 inç",Dahili Ekran Kartý,Onboard,10. Nesil,Intel Core i5,Windows 10 Home,3.6 GHz,1920 x 1080,Yok,16 GB,DDR4,Yok,1 TB,,1 GHz,12.499 TL
620,Asus,,,"9,7",Notebook,3200 MHz,Var,1 - 2 kg,Yok,"15,6 inç",Dahili Ekran Kartý,Onboard,11.Nesil,Intel Core i7,Windows 10 Home,4.7 GHz,1920 x 1080,Var,24 GB,DDR4,Yok,256 GB,6 Saat ve Üstü,2.9 GHz,19.124 TL
621,HP,,,10,Notebook,2666 MHz,Var,2 kg ve Altý,Yok,"15,6 inç",Dahili Ekran Kartý,Onboard,11.Nesil,Intel Core i7,Windows 10 Pro,4.7 GHz,1920 x 1080,Var,32 GB,DDR4,Yok,1 TB,,2.8 GHz,31.108 TL
622,Asus,,,,Oyun Bilgisayarlarý,4800 MHz,Var,2 kg ve Altý,Yok,"15,6 inç",Harici Ekran Kartý,GDDR6,12.Nesil,Intel Core i7,Yok (Free Dos),4.7 GHz,1920 x 1080,Yok,16 GB,DDR5,Yok,512 GB,,2.3 GHz,27.998 TL
623,Asus,,,9,Notebook,2666 MHz,Var,1 - 2 kg,Yok,"15,6 inç",Dahili Ekran Kartý,Onboard,10.Nesil,Intel Core i7,Yok (Free Dos),3.9 GHz,1920 x 1080,Yok,16 GB,DDR4,Belirtilmemiþ,256 GB,,1.3 GHz,12.549 TL
624,HP,5.0,6,,Notebook,3200 MHz,Var,1 - 2 kg,Yok,14 inç,Harici Ekran Kartý,DDR5,11.Nesil,Intel Core i7,Windows 10 Home,4.7 GHz,1920 x 1080,Var,8 GB,DDR4,Yok,512 GB,6 Saat ve Üstü,2.80 GHz,16.028 TL
625,Asus,5.0,1,"9,8",Notebook,2666 MHz,Var,1 - 2 kg,Yok,"15,6 inç",Dahili Ekran Kartý,Onboard,10. Nesil,Intel Core i7,Windows 10 Pro,3.9 GHz,1920 x 1080,Yok,16 GB,DDR4,1 TB,256 GB,,1.3 GHz,14.003 TL
626,Lenovo,4.9,35,"9,9",Notebook,3200 MHz,Var,1 - 2 kg,Yok,16 inç,Yüksek Seviye Harici Ekran Kartý,GDDR6,5.Nesil,AMD Ryzen 7,Yok (Free Dos),4.4 GHz,2560 x 1600,Yok,16 GB,DDR4,Yok,512 GB,6 Saat ve Üstü,3.2 GHz,19.379 TL
627,Dell,5.0,1,"9,8",Notebook,3200 MHz,Var,1 - 2 kg,Yok,"15,6 inç",Dahili Ekran Kartý,Onboard,11.Nesil,Intel Core i5,Windows 10 Home,4.2 GHz,1920 x 1080,Belirtilmemiþ,16 GB,DDR4,Yok,512 GB,,2.40 GHz,12.933 TL
628,HP,4.8,17,"9,8",Notebook,2666 MHz,Var,1 - 2 kg,Yok,"15,6 inç",Dahili Ekran Kartý,Onboard,11.Nesil,Intel Core i3,Yok (Free Dos),4.1 GHz,1920 x 1080,Yok,4 GB,DDR4,Yok,256 GB,6 Saat ve Üstü,1.70 GHz,6.649 TL
629,Apple,4.8,27,"9,7",Notebook,Belirtilmemiþ,Var,1 - 2 kg,Yok,13 inç,Belirtilmemiþ,Belirtilmemiþ,Yok,Apple M1,macOS,Yok,2560 x 1600,Var,8 GB,Belirtilmemiþ,Yok,512 GB,,Belirtilmemiþ,23.159 TL
630,Asus,4.1,17,"9,9",Notebook,Belirtilmemiþ,Var,1 - 2 kg,Yok,"15,6 inç",Dahili Ekran Kartý,Onboard,1.Nesil,Intel Celeron,Yok (Free Dos),2.8 GHz,1366 x 768,Yok,4 GB,LPDDR4,1 TB,Yok,,1.1 GHz,3.860 TL
631,Asus,,,"9,9",Notebook,2666 MHz,Var,2 kg ve Altý,Belirtilmemiþ,"15,6 inç",Dahili Ekran Kartý,Onboard,10.Nesil,Intel Core i3,Yok (Free Dos),3.4 GHz,1920 x 1080,Belirtilmemiþ,16 GB,DDR4,256 GB,256 GB,,3.4 GHz,11.306 TL
632,MSI,,,"9,7",Notebook,Belirtilmemiþ,Belirtilmemiþ,1 - 2 kg,Belirtilmemiþ,14 inç,Dahili Ekran Kartý,Onboard,11.Nesil,Intel Core i7,Windows 11 Pro,4.8 GHz,Belirtilmemiþ,Belirtilmemiþ,32 GB,DDR5,Yok,1 TB,,3.6 GHz,42.009 TL
633,Lenovo,,,10,Notebook,3200 MHz,Var,2 kg ve Altý,Yok,"15,6 inç",Dahili Ekran Kartý,Onboard,11.Nesil,Intel Core i5,Windows 10 Home,4.2 GHz,1920 x 1080,Yok,12 GB,DDR4,Yok,256 GB,,2.4 GHz,11.348 TL
634,Dell,,,10,Oyun Bilgisayarlarý,2666 MHz,Var,2 - 4 kg,Yok,17 inç,Harici Ekran Kartý,GDDR6,10.Nesil,Intel Core i7,Windows 10 Pro,5 GHz,1920 x 1080,Yok,32 GB,DDR4,Yok,2 TB,,2.60 GHz,59.198 TL
635,Apple,,,"9,7",Notebook,2133 MHz,Var,2 - 4 kg,Yok,14 inç,Belirtilmemiþ,GDDR4,M1 Pro,Apple M1 Pro Çip,macOS,Yok,Belirtilmemiþ,Var,16 GB,DDR4,1 TB,1 TB,6 Saat ve Üstü,Belirtilmemiþ,44.849 TL
636,Asus,,,10,Notebook,2666 MHz,Var,2 kg ve Altý,Yok,14 inç,Dahili Ekran Kartý,Onboard,10. Nesil,Intel Core i5,Yok (Free Dos),4.2 GHz,1920 x 1080,Var,8 GB,DDR4,Yok,512 GB,,1.6 GHz,11.448 TL
637,HP,,,,Oyun Bilgisayarlarý,3200 MHz,Var,2 - 4 kg,Yok,"15,6 inç",Yüksek Seviye Harici Ekran Kartý,GDDR6,11.Nesil,Intel Core i7,Yok (Free Dos),4.8 GHz,1920 x 1080,Yok,16 GB,DDR4,Yok,512 GB,,4.8 GHz,22.448 TL
638,Lenovo,,,"9,9",Notebook,2400 MHz,Var,1 - 2 kg,Yok,"15,6 inç",Dahili Ekran Kartý,Onboard,Yok,AMD Athlon Gold,Windows 10 Pro,3.3 GHz,1366 x 768,Yok,8 GB,DDR4,Yok,128 GB,,2.4 GHz,5.750 TL
639,Dell,,,"9,6",Notebook,3200 MHz,Var,1 - 2 kg,Yok,"15,6 inç",Dahili Ekran Kartý,Onboard,Ryzen,AMD Ryzen 5,Windows 10 Pro,4.0 GHz,1920 x 1080,Var,32 GB,DDR4,Yok,512 GB,,2.1 GHz,19.440 TL
640,Dell,5.0,1,"9,6",Notebook,2666 MHz,Var,1 - 2 kg,Yok,"15,6 inç",Dahili Ekran Kartý,Onboard,11.Nesil,Intel Core i3,Windows 10 Pro,4.1 GHz,1920 x 1080,Yok,16 GB,DDR4,Yok,512 GB,,1.7 GHz,11.800 TL
641,HP,4.7,7,"9,8",Notebook,2666 MHz,Var,1 - 2 kg,Yok,"15,6 inç",Dahili Ekran Kartý,Onboard,10.Nesil,Intel Core i5,Windows 10 Home,4.2 GHz,1366 x 768,Yok,8 GB,DDR4,Yok,512 GB,6 Saat ve Üstü,1.60 GHz,9.892 TL
642,Dell,,,"9,4",Notebook,1333 MHz,Belirtilmemiþ,1 - 2 kg,Belirtilmemiþ,14 inç,Dahili Ekran Kartý,Belirtilmemiþ,8.Nesil,Intel Core i7,Linux,1.5 GHz,1024 x 600,Belirtilmemiþ,8 GB,Belirtilmemiþ,256 GB,256 GB,4 - 6 Saat,1.2 GHz,13.999 TL
643,Asus,,,"9,6",Ultrabook,4800 MHz,Belirtilmemiþ,1 - 2 kg,Var,"13,3 inç",Dahili Ekran Kartý,Belirtilmemiþ,11.Nesil,Intel Core i7,Windows 10 Pro,4.7 GHz,1920 x 1080,Yok,16 GB,DDR4,1 TB,1 TB,6 Saat ve Üstü,2.8 GHz,28.499 TL
644,Acer,5.0,1,"9,7",Notebook,2400 MHz,Var,1 - 2 kg,Yok,"15,6 inç",Dahili Ekran Kartý,Onboard,4.Nesil,Intel Celeron,Yok (Free Dos),Yok,1920 x 1080,Yok,16 GB,DDR4,Yok,512 GB,4 - 6 Saat,1.10 GHz,7.171 TL
645,Asus,,,"9,6",Notebook,2666 MHz,Var,1 - 2 kg,Yok,"15,6 inç",Dahili Ekran Kartý,Onboard,Intel Core i7-1065G7,Intel Core i7,Windows 11 Pro,3.9 GHz,1920 x 1080,Yok,16 GB,DDR4,2 TB,512 GB,,1.3 GHz,15.746 TL
646,HP,,,"9,4",Ultrabook,3200 MHz,Var,1 - 2 kg,Yok,14 inç,Dahili Ekran Kartý,Onboard,11.Nesil,Intel Core i7,Windows 10 Pro,3.9 GHz,1920 x 1080,Var,32 GB,DDR4,512 GB,512 GB,6 Saat ve Üstü,1.66 GHz,25.400 TL
647,Lenovo,,,"9,9",Notebook,2666 MHz,Var,2 kg ve Altý,Yok,"15,6 inç",Harici Ekran Kartý,GDDR5,10.Nesil,Intel Core i5,Windows 10 Pro,4.2 GHz,1920 x 1080,Yok,32 GB,DDR4,1 TB,1 TB,,1.60 GHz,20.392 TL
648,Dell,,,"9,4",Notebook,1333 MHz,Belirtilmemiþ,1 - 2 kg,Belirtilmemiþ,14 inç,Dahili Ekran Kartý,Belirtilmemiþ,8.Nesil,Intel Core i7,Linux,1.5 GHz,1024 x 600,Belirtilmemiþ,8 GB,Belirtilmemiþ,256 GB,256 GB,4 - 6 Saat,1.2 GHz,13.999 TL
649,Dell,,,"9,9",Notebook,3200 MHz,Var,2 kg ve Altý,Yok,"15,6 inç",Dahili Ekran Kartý,Onboard,11.Nesil,Intel Core i5,Ubuntu,4.3 GHz,1920 x 1080,Yok,8 GB,DDR4,Yok,512 GB,3 Saat ve Altý,2.4 GHz,13.099 TL
650,HP,,,"9,4",Ultrabook,3200 MHz,Var,1 - 2 kg,Yok,14 inç,Dahili Ekran Kartý,Onboard,11.Nesil,Intel Core i7,Windows 10 Pro,3.9 GHz,1920 x 1080,Var,32 GB,DDR4,512 GB,512 GB,6 Saat ve Üstü,1.66 GHz,25.400 TL
651,Lenovo,,,"9,9",Notebook,2666 MHz,Var,2 kg ve Altý,Yok,"15,6 inç",Harici Ekran Kartý,GDDR5,10.Nesil,Intel Core i5,Windows 10 Pro,4.2 GHz,1920 x 1080,Yok,32 GB,DDR4,1 TB,1 TB,,1.60 GHz,20.392 TL
652,Acer,5.0,1,"9,7",Notebook,2400 MHz,Var,1 - 2 kg,Yok,"15,6 inç",Dahili Ekran Kartý,Onboard,4.Nesil,Intel Celeron,Yok (Free Dos),Yok,1920 x 1080,Yok,16 GB,DDR4,Yok,512 GB,4 - 6 Saat,1.10 GHz,7.171 TL
653,Asus,,,"9,6",Ultrabook,4800 MHz,Belirtilmemiþ,1 - 2 kg,Var,"13,3 inç",Dahili Ekran Kartý,Belirtilmemiþ,11.Nesil,Intel Core i7,Windows 10 Pro,4.7 GHz,1920 x 1080,Yok,16 GB,DDR4,1 TB,1 TB,6 Saat ve Üstü,2.8 GHz,28.499 TL
654,Apple,,,,Notebook,Belirtilmemiþ,Var,1 - 2 kg,Belirtilmemiþ,13 inç,Belirtilmemiþ,Belirtilmemiþ,Yok,Apple M2,macOS,Yok,2560 x 1600,Belirtilmemiþ,8 GB,Belirtilmemiþ,Yok,512 GB,,Belirtilmemiþ,31.998 TL
655,HP,4.3,6,"9,7",Notebook,2933 MHz,Var,1 - 2 kg,Yok,14 inç,Dahili Ekran Kartý,Onboard,Yok,Intel Pentium,Windows 10 Home,3.3 GHz,1366 x 768,Yok,4 GB,DDR4,Belirtilmemiþ,128 GB,4 - 6 Saat,1.10 GHz,5.199 TL
656,Lenovo,4.8,5,"9,9",Notebook,3200 MHz,Var,1 - 2 kg,Yok,14 inç,Harici Ekran Kartý,GDDR5,11.Nesil,Intel Core i5,Yok (Free Dos),4.2 GHz,1920 x 1080,Var,8 GB,DDR4,Yok,256 GB,,2.4 GHz,15.399 TL
657,Asus,4.0,1,"9,7",Oyun Bilgisayarlarý,2133 MHz,Var,2 - 4 kg,Yok,"15,6 inç",Yüksek Seviye Harici Ekran Kartý,GDDR6,10.Nesil,Intel Core i7,Endless OS,,1920 x 1080,Yok,16 GB,DDR4,Yok,512 GB,,2.60 GHz,22.499 TL
658,Lenovo,5.0,2,"9,6",Ýkisi Bir Arada,3200 MHz,Var,1 - 2 kg,Var,14 inç,Dahili Ekran Kartý,Onboard,11.Nesil,Intel Core i7,Windows 10 Home,4.7 GHz,1920 x 1080,Yok,8 GB,DDR4,Yok,512 GB,4 - 6 Saat,2.8 GHz,15.999 TL
659,Acer,,,"9,1",Notebook,3200 MHz,Var,1 - 2 kg,Yok,"17,3 inç",Yüksek Seviye Harici Ekran Kartý,Onboard,10.Nesil,Intel Core i7,Windows 10 Home,5 GHz,1920 x 1080,Yok,64 GB,DDR4,Yok,1 TB,,2.6 GHz,27.929 TL
660,Asus,,,09,Notebook,3200 MHz,Var,2 - 4 kg,Yok,"15,6 inç",Harici Ekran Kartý,GDDR6,4.Nesil,AMD Ryzen 5,Windows 11 Pro,4.0 GHz,1920 x 1080,Yok,16 GB,DDR4,Yok,1 TB,6 Saat ve Üstü,3 GHz,17.599 TL
661,Dell,,,"9,1",Notebook,2666 MHz,Var,1 - 2 kg,Yok,14 inç,Dahili Ekran Kartý,Onboard,11.Nesil,Intel Core i5,Windows 10 Pro,4.2 GHz,1920 x 1080,Yok,32 GB,DDR4,Yok,1 TB,,2.4 GHz,15.875 TL
662,Lenovo,,,"9,1",Oyun Bilgisayarlarý,3200 MHz,Var,1 - 2 kg,Yok,"15,6 inç",Yüksek Seviye Harici Ekran Kartý,GDDR6,11.Nesil,Intel Core i5,Windows 10 Pro,4.4 GHz,1920 x 1080,Yok,32 GB,DDR4,Yok,512 GB,,3.1 GHz,23.205 TL
663,Lenovo,,,"9,9",Notebook,2933 MHz,Var,1 - 2 kg,Yok,"15,6 inç",Dahili Ekran Kartý,Onboard,10.Nesil,Intel Core i5,Windows 10 Pro,4.2 GHz,1920 x 1080,Yok,12 GB,DDR4,Yok,512 GB,6 Saat ve Üstü,1.60 GHz,11.944 TL
664,Dell,,,"9,1",Notebook,3200 MHz,Var,1 - 2 kg,Yok,16 inç,Dahili Ekran Kartý,Onboard,12.Nesil,Intel Core i7,Windows 11 Pro,4.7 GHz,1920 x 1200,Var,32 GB,DDR4,Yok,1 TB,,3.4 GHz,29.497 TL
665,Dell,,,"9,1",Notebook,3200 MHz,Var,1 - 2 kg,Yok,"15,6 inç",Harici Ekran Kartý,GDDR5,11.Nesil,Intel Core i7,Windows 10 Pro,4.7 GHz,1920 x 1080,Yok,64 GB,DDR4,Yok,1 TB,,2.9 GHz,24.205 TL
666,Dell,,,10,Notebook,3200 MHz,Var,1 - 2 kg,Yok,14 inç,Harici Ekran Kartý,GDDR5,11.Nesil,Intel Core i5,Linux,4.2 GHz,1920 x 1080,Var,16 GB,DDR4,Yok,1 TB,,2.4 GHz,12.690 TL
667,Apple,5.0,10,10,Notebook,Belirtilmemiþ,Var,1 - 2 kg,Belirtilmemiþ,"13,3 inç",Belirtilmemiþ,Belirtilmemiþ,M1,Apple M1,macOS,Yok,Belirtilmemiþ,Belirtilmemiþ,16 GB,Belirtilmemiþ,Belirtilmemiþ,256 GB,6 Saat ve Üstü,Belirtilmemiþ,23.999 TL
668,Asus,,,"9,7",Notebook,3200 MHz,Var,1 - 2 kg,Yok,"15,6 inç",Dahili Ekran Kartý,Onboard,11.Nesil,Intel Core i3,Windows 11 Pro,4.1 GHz,1366 x 768,Var,16 GB,DDR4,Yok,512 GB,6 Saat ve Üstü,3 GHz,12.119 TL
669,Acer,5.0,3,10,Notebook,2400 MHz,Var,1 - 2 kg,Yok,"15,6 inç",Dahili Ekran Kartý,Onboard,3.Nesil,AMD Ryzen 5,Linux,3.7 GHz,1920 x 1080,Yok,8 GB,DDR4,Yok,512 GB,3 Saat ve Altý,2.1 GHz,7.099 TL
670,Asus,5.0,1,"9,6",Notebook,2666 MHz,Var,1 - 2 kg,Yok,"15,6 inç",Dahili Ekran Kartý,Onboard,Intel Core i7-1065G7,Intel Core i7,Yok (Free Dos),3.9 GHz,1920 x 1080,Yok,16 GB,DDR4,Yok,512 GB,,1.3 GHz,13.515 TL
671,Asus,4.0,11,"9,7",Notebook,Belirtilmemiþ,Var,1 - 2 kg,Yok,"15,6 inç",Harici Ekran Kartý,GDDR5,10.Nesil,Intel Core i5,Windows 10 Home,3.6 GHz,1920 x 1080,Yok,8 GB,DDR4,Yok,256 GB,3 Saat ve Altý,1 GHz,10.499 TL
672,Asus,4.4,63,10,Notebook,2400 MHz,Var,2 - 4 kg,Yok,"15,6 inç",Dahili Ekran Kartý,Onboard,Ryzen,AMD Ryzen 5,Yok (Free Dos),,1920 x 1080,Yok,4 GB,DDR4,Yok,256 GB,6 Saat ve Üstü,2.1 GHz,9.749 TL
673,Apple,5.0,10,"9,4",Notebook,Belirtilmemiþ,Var,1 - 2 kg,Yok,13 inç,Belirtilmemiþ,Belirtilmemiþ,Yok,Apple M1,macOS,Yok,2560 x 1600,Var,16 GB,Belirtilmemiþ,Yok,512 GB,,Belirtilmemiþ,31.800 TL
674,HP,4.8,15,10,Notebook,2666 MHz,Var,1 - 2 kg,Yok,"15,6 inç",Dahili Ekran Kartý,Onboard,11.Nesil,Intel Core i3,Yok (Free Dos),4.1 GHz,1920 x 1080,Yok,8 GB,DDR4,Yok,256 GB,6 Saat ve Üstü,2.7 GHz,8.088 TL
675,Acer,2.5,2,"9,4",Notebook,Belirtilmemiþ,Belirtilmemiþ,Belirtilmemiþ,Yok,14 inç,Belirtilmemiþ,Belirtilmemiþ,Yok,AMD A6,Windows 10 Home,Yok,1366 x 768,Yok,4 GB,DDR4,1 TB,Yok,6 Saat ve Üstü,Belirtilmemiþ,3.699 TL
676,Asus,5.0,1,,Ultrabook,4267 MHz,Var,2 kg ve Altý,Var,14 inç,Dahili Ekran Kartý,Onboard,11.Nesil,Intel Core i7,Windows 11 Pro,5 GHz,1920 x 1080,Belirtilmemiþ,16 GB,LPDDR4X,Yok,1 TB,6 Saat ve Üstü,2.66 GHz,38.556 TL
677,HP,5.0,5,"9,9",Notebook,2666 MHz,Var,2 kg ve Altý,Yok,14 inç,Dahili Ekran Kartý,Onboard,10.Nesil,Intel Core i5,Yok (Free Dos),3.9 GHz,1920 x 1080,Yok,8 GB,DDR4,Yok,256 GB,,1.3 GHz,12.610 TL
678,HP,4.8,13,10,Notebook,2666 MHz,Var,2 - 4 kg,Yok,"15,6 inç",Dahili Ekran Kartý,Onboard,11.Nesil,Intel Core i5,Windows 10 Home,2.4 GHz,1920 x 1080,Yok,4 GB,DDR4,Yok,256 GB,,2.4 GHz,10.499 TL
679,Asus,4.5,29,"9,7",Notebook,3200 MHz,Var,1 - 2 kg,Yok,"15,6 inç",Harici Ekran Kartý,GDDR5,11.Nesil,Intel Core i5,Yok (Free Dos),4.2 GHz,1920 x 1080,Yok,8 GB,DDR4,Yok,512 GB,,2.4 GHz,16.499 TL
680,Asus,4.8,28,"9,4",Notebook,2400 MHz,Var,1 - 2 kg,Yok,"15,6 inç",Dahili Ekran Kartý,Onboard,7.Nesil,Intel Core i3,Yok (Free Dos),2.3 GHz,1366 x 768,Yok,4 GB,DDR4,Yok,256 GB,,2.3 GHz,5.999 TL
681,Monster,4.5,215,"9,9",Oyun Bilgisayarlarý,3200 MHz,Var,2 - 4 kg,Yok,"17,3 inç",Harici Ekran Kartý,GDDR6,11.Nesil,Intel Core i5,Yok (Free Dos),4.5 GHz,1920 x 1080,Yok,16 GB,DDR4,Yok,500 GB,,2.70 GHz,20.187 TL
682,Asus,4.4,14,,Notebook,3200 MHz,Var,1 - 2 kg,Yok,14 inç,Yüksek Seviye Harici Ekran Kartý,GDDR6,11.Nesil,Intel Core i7,Yok (Free Dos),4.8 GHz,2880 x 1800,Var,16 GB,DDR4,Yok,1 TB,,3.3 GHz,26.753 TL
683,Acer,4.7,295,10,Notebook,2666 MHz,Var,2 kg ve Altý,Yok,"15,6 inç",Belirtilmemiþ,GDDR5,10.Nesil,Intel Core i5,Windows 10 Home,3.6 GHz,1920 x 1080,Yok,8 GB,DDR4,Yok,512 GB,,1 GHz,9.227 TL
684,MSI,,,"9,8",Oyun Bilgisayarlarý,4800 MHz,Var,2 - 4 kg,Yok,"17,3 inç",Harici Ekran Kartý,GDDR6,12.Nesil,Intel Core i7,Windows 11 Home,4.7 GHz,3840 x 2160,Yok,32 GB,DDR5,Yok,2 TB,,3.5 GHz,87.299 TL
685,Lenovo,,,"9,8",Oyun Bilgisayarlarý,3200 MHz,Var,2 - 4 kg,Yok,"15,6 inç",Yüksek Seviye Harici Ekran Kartý,GDDR6,Ryzen,AMD Ryzen 7,Windows 10 Pro (Ýngilizce),4.4 GHz,1920 x 1080,Yok,32 GB,DDR4,Yok,1 TB,,3.2 GHz,22.980 TL
686,Dell,,,"9,8",Ýkisi Bir Arada,Belirtilmemiþ,Var,1 - 2 kg,Var,"13,3 inç",Dahili Ekran Kartý,Onboard,10. Nesil,Intel Core i7,Windows 10 Pro,4.9 GHz,3840 x 2160,Belirtilmemiþ,16 GB,LPDDR3,512 GB,512 GB,,1.8 GHz,32.999 TL
687,Lenovo,5.0,2,"9,9",Notebook,2666 MHz,Var,1 - 2 kg,Yok,14 inç,Dahili Ekran Kartý,Onboard,Ryzen,AMD Ryzen 3,Yok (Free Dos),3.5 GHz,1920 x 1080,Yok,8 GB,DDR4,1 TB,Yok,,2.6 GHz,6.499 TL
688,Lenovo,,,"9,9",Notebook,4266 MHz,Var,2 kg ve Altý,Var,14 inç,Dahili Ekran Kartý,Belirtilmemiþ,11.Nesil,Intel Core i7,Yok (Free Dos),4.7 GHz,1920 x 1200,Var,16 GB,DDR4,Yok,512 GB,4 - 6 Saat,2.80 GHz,42.249 TL
689,HP,,,10,Notebook,3200 MHz,Var,1 - 2 kg,Yok,"15,6 inç",Harici Ekran Kartý,GDDR6,Ryzen,AMD Ryzen 7,Windows 10 Pro,4.4 GHz,1920 x 1080,Yok,16 GB,DDR4,Yok,512 GB,,3.2 GHz,18.499 TL
690,HP,5.0,2,9,Notebook,2666 MHz,Var,2 kg ve Altý,Yok,"15,6 inç",Harici Ekran Kartý,GDDR5,11.Nesil,Intel Core i5,Windows 11 Home,4.2 GHz,1920 x 1080,Yok,16 GB,DDR4,Yok,512 GB,,2.4 GHz,13.499 TL
691,Asus,,,"9,9",Notebook,2666 MHz,Var,1 - 2 kg,Yok,"15,6 inç",Harici Ekran Kartý,GDDR5,10.Nesil,Intel Core i5,Yok (Free Dos),3.6 GHz,1920 x 1080,Yok,16 GB,DDR4,Yok,256 GB,4 - 6 Saat,1.1 GHz,11.568 TL
692,HP,5.0,1,"9,9",Notebook,3200 MHz,Var,1 - 2 kg,Yok,"15,6 inç",Dahili Ekran Kartý,Onboard,11.Nesil,Intel Core i5,Windows 10 Pro,4.2 GHz,1920 x 1080,Yok,16 GB,DDR4,Yok,512 GB,6 Saat ve Üstü,2.4 GHz,13.899 TL
693,Asus,,,"9,9",Notebook,2666 MHz,Var,2 - 4 kg,Yok,"15,6 inç",Dahili Ekran Kartý,Onboard,10.Nesil,Intel Core i3,Yok (Free Dos),4.2 GHz,1920 x 1080,Yok,12 GB,DDR4,Yok,1 TB,4 - 6 Saat,2.1 GHz,9.281 TL
694,Lenovo,5.0,1,"9,7",Notebook,3200 MHz,Var,1 - 2 kg,Yok,"15,6 inç",Harici Ekran Kartý,GDDR6,11.Nesil,Intel Core i5,Windows 10 Pro,4.2 GHz,1920 x 1080,Var,16 GB,DDR5,Yok,512 GB,4 - 6 Saat,2.4 GHz,18.167 TL
695,HP,4.8,12,"9,6",Notebook,Belirtilmemiþ,Var,1 - 2 kg,Yok,14 inç,Dahili Ekran Kartý,Onboard,10.Nesil,Intel Core i5,Yok (Free Dos),Yok,1920 x 1080,Yok,8 GB,DDR4,Yok,256 GB,4 - 6 Saat,1 GHz,11.399 TL
696,Lenovo,,,"9,1",Notebook,2666 MHz,Var,1 - 2 kg,Yok,"17,3 inç",Harici Ekran Kartý,GDDR5,10.Nesil,Intel Core i7,Windows 10 Pro,3.9 GHz,1920 x 1080,Yok,20 GB,DDR4,1 TB,512 GB,,1.3 GHz,23.185 TL
697,Dell,,,"9,1",Notebook,3200 MHz,Var,1 - 2 kg,Yok,14 inç,Harici Ekran Kartý,GDDR6,11.Nesil,Intel Core i7,Yok (Free Dos),5 GHz,1920 x 1080,Var,16 GB,DDR4,Yok,512 GB,,3.4 GHz,23.055 TL
698,Dell,,,"9,1",Notebook,3200 MHz,Var,1 - 2 kg,Yok,"15,6 inç",Yüksek Seviye Harici Ekran Kartý,GDDR6,11.Nesil,Intel Core i7,Windows 10 Pro,4.6 GHz,1920 x 1080,Yok,32 GB,DDR4,Yok,512 GB,4 - 6 Saat,2.20 GHz,28.879 TL
699,Dell,4.0,1,"9,1",Notebook,3200 MHz,Var,1 - 2 kg,Yok,"15,6 inç",Yüksek Seviye Harici Ekran Kartý,GDDR6,11.Nesil,Intel Core i7,Linux,4.6 GHz,1920 x 1080,Yok,64 GB,DDR4,Yok,1 TB,4 - 6 Saat,2.20 GHz,30.947 TL
700,Lenovo,,,"9,1",Notebook,3200 MHz,Var,1 - 2 kg,Yok,"15,6 inç",Dahili Ekran Kartý,Onboard,11.Nesil,Intel Core i7,Windows 11 Pro,4.7 GHz,1920 x 1080,Yok,40 GB,DDR4,Yok,256 GB,6 Saat ve Üstü,2.8 GHz,18.129 TL
701,Dell,,,10,Notebook,3200 MHz,Var,2 - 4 kg,Yok,"15,6 inç",Dahili Ekran Kartý,Onboard,11.Nesil,Intel Core i7,Ubuntu,3 GHz,1920 x 1080,Yok,16 GB,DDR4,Yok,512 GB,4 - 6 Saat,3 GHz,24.799 TL
702,Monster,5.0,5,"9,9",Notebook,2933 MHz,Var,1 - 2 kg,Yok,"14,1 inç",Dahili Ekran Kartý,Onboard,11.Nesil,Intel Core i7,Windows 11 Home,4.7 GHz,1920 x 1080,Yok,32 GB,DDR4,Yok,1 TB,,2.8 GHz,25.283 TL
703,Dell,,,"9,1",Notebook,2666 MHz,Var,1 - 2 kg,Yok,"15,6 inç",Harici Ekran Kartý,GDDR5,11.Nesil,Intel Core i5,Windows 11 Pro,4.2 GHz,1920 x 1080,Var,16 GB,DDR4,Yok,512 GB,,2.4 GHz,15.179 TL
704,Dell,,,"9,5",Notebook,3200 MHz,Var,2 - 4 kg,Yok,"15,6 inç",Dahili Ekran Kartý,Onboard,11.Nesil,Intel Core i7,Yok (Free Dos),2.8 GHz,1920 x 1080,Yok,16 GB,DDR4,Yok,512 GB,,2.8 GHz,19.119 TL
705,HP,4.8,4,"9,3",Notebook,3200 MHz,Var,1 - 2 kg,Yok,"15,6 inç",Dahili Ekran Kartý,Onboard,Ryzen,AMD Ryzen 3,Yok (Free Dos),2.6 GHz,1920 x 1080,Yok,16 GB,DDR4,Yok,256 GB,4 - 6 Saat,2.6 GHz,6.997 TL
706,Asus,4.6,97,"9,8",Notebook,2666 MHz,Var,1 - 2 kg,Yok,"15,6 inç",Harici Ekran Kartý,GDDR5,11.Nesil,Intel Core i5,Yok (Free Dos),4.2 GHz,1920 x 1080,Yok,8 GB,DDR4,Yok,512 GB,,2.4 GHz,10.999 TL
707,Asus,5.0,2,"9,7",Notebook,1066 MHz,Var,2 - 4 kg,Yok,"15,6 inç",Dahili Ekran Kartý,GDDR4,10. Nesil,Intel Core i3,Windows 10 Home,3.4 GHz,1366 x 768,Yok,4 GB,DDR4,256 GB,256 GB,4 - 6 Saat,1.2 GHz,6.499 TL
708,Asus,4.5,25,,Oyun Bilgisayarlarý,3200 MHz,Var,1 - 2 kg,Yok,14 inç,Yüksek Seviye Harici Ekran Kartý,GDDR6,Ryzen,AMD Ryzen 7,Yok (Free Dos),4.3 GHz,2560 x 1440,Yok,16 GB,DDR4,Yok,1 TB,,3 GHz,22.998 TL
709,Asus,5.0,2,"9,8",Notebook,2666 MHz,Var,1 - 2 kg,Yok,"15,6 inç",Dahili Ekran Kartý,Onboard,10. Nesil,Intel Core i7,Yok (Free Dos),3.9 GHz,1920 x 1080,Yok,16 GB,DDR4,1 TB,512 GB,,1.3 GHz,13.294 TL
710,Asus,3.0,1,"9,8",Notebook,2666 MHz,Var,1 - 2 kg,Yok,"15,6 inç",Dahili Ekran Kartý,Onboard,10. Nesil,Intel Core i7,Yok (Free Dos),3.9 GHz,1920 x 1080,Yok,16 GB,DDR4,Yok,512 GB,,1.3 GHz,12.599 TL
711,Asus,4.7,107,"9,8",Notebook,2666 MHz,Var,2 kg ve Altý,Yok,"15,6 inç",Harici Ekran Kartý,GDDR5,10.Nesil,Intel Core i5,Yok (Free Dos),3.6 GHz,1920 x 1080,Yok,8 GB,DDR4,Yok,512 GB,,1 GHz,11.970 TL
712,Lenovo,,,"9,8",Oyun Bilgisayarlarý,3200 MHz,Var,2 - 4 kg,Yok,"15,6 inç",Yüksek Seviye Harici Ekran Kartý,GDDR6,Ryzen,AMD Ryzen 7,Windows 10 Pro (Ýngilizce),4.4 GHz,1920 x 1080,Yok,32 GB,DDR4,Yok,1 TB,,3.2 GHz,22.980 TL
713,Asus,,,"9,9",Notebook,2666 MHz,Var,1 - 2 kg,Yok,"15,6 inç",Harici Ekran Kartý,GDDR5,10.Nesil,Intel Core i5,Yok (Free Dos),3.6 GHz,1920 x 1080,Yok,16 GB,DDR4,Yok,256 GB,4 - 6 Saat,1.1 GHz,11.568 TL
714,HP,5.0,1,"9,9",Notebook,3200 MHz,Var,1 - 2 kg,Yok,"15,6 inç",Dahili Ekran Kartý,Onboard,11.Nesil,Intel Core i5,Windows 10 Pro,4.2 GHz,1920 x 1080,Yok,16 GB,DDR4,Yok,512 GB,6 Saat ve Üstü,2.4 GHz,13.899 TL
715,Dell,,,"9,8",Ýkisi Bir Arada,Belirtilmemiþ,Var,1 - 2 kg,Var,"13,3 inç",Dahili Ekran Kartý,Onboard,10. Nesil,Intel Core i7,Windows 10 Pro,4.9 GHz,3840 x 2160,Belirtilmemiþ,16 GB,LPDDR3,512 GB,512 GB,,1.8 GHz,32.999 TL
716,Lenovo,5.0,2,"9,9",Notebook,2666 MHz,Var,1 - 2 kg,Yok,14 inç,Dahili Ekran Kartý,Onboard,Ryzen,AMD Ryzen 3,Yok (Free Dos),3.5 GHz,1920 x 1080,Yok,8 GB,DDR4,1 TB,Yok,,2.6 GHz,6.499 TL
717,Lenovo,,,"9,9",Notebook,4266 MHz,Var,2 kg ve Altý,Var,14 inç,Dahili Ekran Kartý,Belirtilmemiþ,11.Nesil,Intel Core i7,Yok (Free Dos),4.7 GHz,1920 x 1200,Var,16 GB,DDR4,Yok,512 GB,4 - 6 Saat,2.80 GHz,42.249 TL
718,HP,,,10,Notebook,3200 MHz,Var,1 - 2 kg,Yok,"15,6 inç",Harici Ekran Kartý,GDDR6,Ryzen,AMD Ryzen 7,Windows 10 Pro,4.4 GHz,1920 x 1080,Yok,16 GB,DDR4,Yok,512 GB,,3.2 GHz,18.499 TL
719,HP,4.8,12,"9,6",Notebook,Belirtilmemiþ,Var,1 - 2 kg,Yok,14 inç,Dahili Ekran Kartý,Onboard,10.Nesil,Intel Core i5,Yok (Free Dos),Yok,1920 x 1080,Yok,8 GB,DDR4,Yok,256 GB,4 - 6 Saat,1 GHz,11.399 TL
720,Asus,5.0,2,"9,8",Notebook,2666 MHz,Var,1 - 2 kg,Yok,"15,6 inç",Dahili Ekran Kartý,Onboard,10. Nesil,Intel Core i7,Yok (Free Dos),3.9 GHz,1920 x 1080,Yok,16 GB,DDR4,1 TB,512 GB,,1.3 GHz,13.294 TL
721,Asus,4.6,97,"9,8",Notebook,2666 MHz,Var,1 - 2 kg,Yok,"15,6 inç",Harici Ekran Kartý,GDDR5,11.Nesil,Intel Core i5,Yok (Free Dos),4.2 GHz,1920 x 1080,Yok,8 GB,DDR4,Yok,512 GB,,2.4 GHz,10.999 TL
722,HP,4.0,1,"9,9",Notebook,Belirtilmemiþ,Var,2 - 4 kg,Yok,"15,6 inç",Harici Ekran Kartý,GDDR6,11.Nesil,Intel Core i7,Yok (Free Dos),3.1 GHz,1920 x 1080,Belirtilmemiþ,16 GB,DDR4,Yok,512 GB,,3.1 GHz,17.799 TL
723,MSI,,,"9,7",Oyun Bilgisayarlarý,Belirtilmemiþ,Var,2 - 4 kg,Yok,"17,3 inç",Yüksek Seviye Harici Ekran Kartý,GDDR6,11.Nesil,Intel Core i7,Windows 11 Home,5 GHz,3840 x 2160,Yok,128 GB,DDR5,Yok,2 TB,,3.6 GHz,127.799 TL
724,Asus,4.9,11,10,Notebook,Belirtilmemiþ,Var,1 - 2 kg,Yok,14 inç,Dahili Ekran Kartý,Belirtilmemiþ,3.Nesil,AMD Ryzen 3,Yok (Free Dos),3.7 GHz,1366 x 768,Yok,4 GB,Belirtilmemiþ,Yok,256 GB,,2.1 GHz,5.461 TL
725,MSI,,,"9,7",Notebook,3200 MHz,Var,2 - 4 kg,Yok,"17,3 inç",Yüksek Seviye Harici Ekran Kartý,GDDR6,11.Nesil,Intel Core i9,Windows 10 Pro,4.8 GHz,1920 x 1080,Var,32 GB,DDR4,Yok,Belirtilmemiþ,,2.5 GHz,99.579 TL
726,Asus,,,10,Notebook,2666 MHz,Var,2 kg ve Altý,Yok,14 inç,Dahili Ekran Kartý,Onboard,10.Nesil,Intel Core i3,Yok (Free Dos),3.4 GHz,1366 x 768,Yok,8 GB,DDR4,Yok,512 GB,,1.2 GHz,7.258 TL
727,Asus,4.4,11,9,Oyun Bilgisayarlarý,3200 MHz,Var,2 - 4 kg,Yok,"15,6 inç",Harici Ekran Kartý,GDDR6,11.Nesil,Intel Core i7,Yok (Free Dos),4.8 GHz,1920 x 1080,Yok,16 GB,DDR4,Yok,1 TB,,3.3 GHz,32.999 TL
728,Lenovo,,,10,Notebook,3200 MHz,Var,1 - 2 kg,Yok,"15,6 inç",Dahili Ekran Kartý,Onboard,Ryzen,AMD Ryzen 5,Windows 10 Pro,4.0 GHz,1920 x 1080,Var,16 GB,DDR4,Yok,512 GB,,4 GHz,14.209 TL
729,Lenovo,,,"9,9",Notebook,3200 MHz,Var,1 - 2 kg,Yok,14 inç,Dahili Ekran Kartý,Onboard,11.Nesil,Intel Core i5,Windows 10 Pro,4.2 GHz,1920 x 1080,Yok,16 GB,DDR4,Yok,1 TB,4 - 6 Saat,2.4 GHz,18.700 TL
730,Asus,,,"9,9",Notebook,2666 MHz,Var,1 - 2 kg,Yok,"15,6 inç",Harici Ekran Kartý,GDDR5,10.Nesil,Intel Core i5,Windows 10 Home,3.6 GHz,1920 x 1080,Yok,24 GB,DDR4,Yok,256 GB,4 - 6 Saat,1.1 GHz,12.762 TL
731,HP,,,"9,9",Notebook,2666 MHz,Var,1 - 2 kg,Yok,"15,6 inç",Dahili Ekran Kartý,Onboard,11.Nesil,Intel Core i3,Windows 10 Pro,4.1 GHz,1920 x 1080,Yok,8 GB,DDR4,Yok,256 GB,4 - 6 Saat,3 GHz,8.199 TL
732,Asus,,,"9,9",Notebook,3200 MHz,Var,2 - 4 kg,Yok,"15,6 inç",Dahili Ekran Kartý,Onboard,10. Nesil,Intel Core i3,Windows 10 Home,4.1 GHz,1366 x 768,Yok,8 GB,DDR4,Yok,512 GB,,2.1 GHz,8.499 TL
733,Lenovo,,,"9,4",Notebook,3200 MHz,Var,1 - 2 kg,Yok,14 inç,Dahili Ekran Kartý,Onboard,11.Nesil,Intel Core i5,Windows 10 Pro,4.2 GHz,1920 x 1080,Yok,8 GB,DDR4,Yok,256 GB,,2.4 GHz,18.797 TL
734,Casper,3.0,1,10,Ultrabook,2933 MHz,Var,2 kg ve Altý,Yok,"15,6 inç",Dahili Ekran Kartý,Belirtilmemiþ,10.Nesil,Intel Core i3,Yok (Free Dos),4.1 GHz,1920 x 1080,Yok,8 GB,DDR4,Yok,240 GB,,2.1 GHz,9.099 TL
735,Asus,,,"9,7",Notebook,4800 MHz,Var,2 - 4 kg,Yok,"15,6 inç",Harici Ekran Kartý,GDDR6,6.Nesil,AMD Ryzen 7,Yok (Free Dos),3.2 GHz,1920 x 1080,Yok,16 GB,DDR5,Yok,512 GB,,3.2 GHz,27.698 TL
736,Lenovo,,,"9,9",Notebook,2666 MHz,Var,2 kg ve Altý,Yok,"15,6 inç",Dahili Ekran Kartý,Onboard,Ryzen,AMD Ryzen 5,Yok (Free Dos),4 GHz,1920 x 1080,Var,16 GB,DDR4,Yok,512 GB,3 Saat ve Altý,2.3 GHz,13.660 TL
737,Asus,,,"9,7",Notebook,3200 MHz,Var,1 - 2 kg,Yok,"15,6 inç",Dahili Ekran Kartý,Onboard,11.Nesil,Intel Core i7,Windows 10 Home,4.7 GHz,1920 x 1080,Var,40 GB,DDR4,Yok,2 TB,6 Saat ve Üstü,2.9 GHz,23.972 TL
738,Lenovo,5.0,1,,Notebook,3200 MHz,Var,2 - 4 kg,Yok,"15,6 inç",Dahili Ekran Kartý,Belirtilmemiþ,11.Nesil,Intel Core i3,Yok (Free Dos),4.1 GHz,1920 x 1080,Yok,4 GB,DDR4,Yok,256 GB,4 - 6 Saat,1.7 GHz,17.000 TL
739,HP,5.0,9,"9,7",Notebook,2666 MHz,Var,2 - 4 kg,Yok,14 inç,Dahili Ekran Kartý,Onboard,10.Nesil,Intel Core i3,Windows 10 Home,3.4 GHz,1366 x 768,Yok,4 GB,DDR4,Yok,256 GB,6 Saat ve Üstü,1.2 GHz,6.599 TL
740,Asus,,,"9,6",Notebook,2666 MHz,Var,1 - 2 kg,Yok,"15,6 inç",Dahili Ekran Kartý,Onboard,Intel Core i7-1065G7,Intel Core i7,Windows 10 Home,3.9 GHz,1920 x 1080,Yok,16 GB,DDR4,1 TB,1 TB,,1.3 GHz,15.749 TL
741,Lenovo,,,"9,8",Notebook,3200 MHz,Var,1 - 2 kg,Yok,"15,6 inç",Dahili Ekran Kartý,Onboard,11.Nesil,Intel Core i5,Windows 10 Pro,4.2 GHz,1920 x 1080,Yok,8 GB,DDR4,Yok,256 GB,,2.4 GHz,11.699 TL
742,Asus,,,"9,9",Notebook,2666 MHz,Var,2 - 4 kg,Yok,"15,6 inç",Dahili Ekran Kartý,Onboard,10.Nesil,Intel Core i3,Yok (Free Dos),4.1 GHz,1920 x 1080,Yok,12 GB,DDR4,Yok,512 GB,,2.1 GHz,7.599 TL
743,Lenovo,,,"9,8",Notebook,3200 MHz,Var,1 - 2 kg,Yok,"15,6 inç",Dahili Ekran Kartý,Onboard,11.Nesil,Intel Core i5,Windows 10 Pro,4.2 GHz,1920 x 1080,Var,8 GB,DDR4,Yok,512 GB,6 Saat ve Üstü,2.40 GHz,12.400 TL
744,HP,5.0,1,"9,8",Notebook,Belirtilmemiþ,Var,1 - 2 kg,Yok,14 inç,Dahili Ekran Kartý,Onboard,10.Nesil,Intel Core i5,Yok (Free Dos),Yok,1920 x 1080,Yok,8 GB,DDR4,Yok,256 GB,,1 GHz,10.999 TL
745,Dell,,,"9,7",Notebook,3200 MHz,Var,1 - 2 kg,Yok,14 inç,Dahili Ekran Kartý,Onboard,10. Nesil,Intel Core i3,Windows 10 Home,3.4 GHz,1920 x 1080,Var,12 GB,DDR4,Yok,256 GB,,1.2 GHz,8.999 TL
746,HP,3.5,4,"9,6",Notebook,2666 MHz,Var,2 - 4 kg,Yok,"15,6 inç",Belirtilmemiþ,Belirtilmemiþ,11.Nesil,Intel Core i5,Yok (Free Dos),4.2 GHz,1920 x 1080,Belirtilmemiþ,8 GB,DDR4,Yok,256 GB,4 - 6 Saat,4.2 GHz,11.899 TL
747,Apple,5.0,7,"9,7",Notebook,Belirtilmemiþ,Var,Belirtilmemiþ,Var,14 inç,Belirtilmemiþ,Belirtilmemiþ,Yok,Apple M1 Pro Çip,macOS,Yok,Belirtilmemiþ,Belirtilmemiþ,16 GB,Belirtilmemiþ,Yok,1 TB,,Belirtilmemiþ,46.319 TL
748,Lenovo,,,"9,1",Notebook,3200 MHz,Var,1 - 2 kg,Yok,14 inç,Dahili Ekran Kartý,Onboard,11.Nesil,Intel Core i7,Windows 11 Pro,4.7 GHz,1920 x 1080,Var,32 GB,DDR4,Yok,1 TB,6 Saat ve Üstü,2.8 GHz,26.834 TL
749,Lenovo,,,"9,1",Notebook,3200 MHz,Var,2 - 4 kg,Yok,"17,3 inç",Dahili Ekran Kartý,Onboard,11.Nesil,Intel Core i5,Windows 10 Pro,4.2 GHz,1600 x 900,Var,24 GB,DDR4,1 TB,1 TB,,2.4 GHz,22.970 TL
750,Lenovo,,,"9,1",Notebook,3200 MHz,Var,1 - 2 kg,Yok,"15,6 inç",Dahili Ekran Kartý,Onboard,5.Nesil,AMD Ryzen 5,Windows 11 Pro,4.0 GHz,1920 x 1080,Yok,8 GB,DDR4,Yok,512 GB,6 Saat ve Üstü,2.1 GHz,10.681 TL
751,Dell,,,"9,8",Notebook,2666 MHz,Var,1 - 2 kg,Yok,14 inç,Dahili Ekran Kartý,Onboard,11.Nesil,Intel Core i5,Windows 10 Pro,4.2 GHz,1920 x 1080,Yok,8 GB,DDR4,Yok,256 GB,,2.4 GHz,13.062 TL
752,Dell,5.0,1,"9,8",Notebook,2666 MHz,Var,2 - 4 kg,Yok,14 inç,Dahili Ekran Kartý,GDDR5,11.Nesil,Intel Core i3,Windows 10 Pro,3 GHz,1366 x 768,Yok,8 GB,DDR4,Yok,256 GB,,1.7 GHz,9.000 TL
753,Asus,,,"9,8",Notebook,1066 MHz,Var,1 - 2 kg,Yok,"15,6 inç",Dahili Ekran Kartý,Onboard,11.Nesil,Intel Core i7,Yok (Free Dos),2.8 GHz,1920 x 1080,Var,8 GB,Belirtilmemiþ,Yok,512 GB,,1 GHz,18.300 TL
754,Dell,,,"9,6",Notebook,2666 MHz,Var,1 - 2 kg,Yok,"15,6 inç",Harici Ekran Kartý,GDDR5,11.Nesil,Intel Core i5,Windows 11 Home,4.2 GHz,1920 x 1080,Var,16 GB,DDR4,Yok,512 GB,,2.4 GHz,14.350 TL
755,Asus,4.9,14,"9,8",Oyun Bilgisayarlarý,2933 MHz,Var,2 - 4 kg,Yok,"15,6 inç",Yüksek Seviye Harici Ekran Kartý,GDDR6,10.Nesil,Intel Core i5,Yok (Free Dos),4.5 GHz,1920 x 1080,Yok,16 GB,DDR4,Yok,512 GB,,2.50 GHz,14.627 TL
756,HP,5.0,1,"9,6",Notebook,2666 MHz,Var,1 - 2 kg,Yok,"15,6 inç",Dahili Ekran Kartý,Onboard,11.Nesil,Intel Core i5,Windows 10 Pro,4.2 GHz,1920 x 1080,Yok,16 GB,DDR4,Yok,512 GB,,2.4 GHz,13.970 TL
757,Dell,4.3,8,"9,8",Notebook,2666 MHz,Var,2 - 4 kg,Yok,"15,6 inç",Dahili Ekran Kartý,Onboard,Ryzen,AMD Ryzen 7,Yok (Free Dos),4 GHz,1920 x 1080,Yok,16 GB,DDR4,Yok,512 GB,,2.30 GHz,11.499 TL
758,Monster,4.3,24,"9,9",Oyun Bilgisayarlarý,3200 MHz,Var,2 - 4 kg,Yok,"15,6 inç",Harici Ekran Kartý,GDDR6,11.Nesil,Intel Core i5,Yok (Free Dos),4.5 GHz,1920 x 1080,Yok,8 GB,DDR4,Yok,250 GB,3 Saat ve Altý,2.70 GHz,14.307 TL
759,Dell,5.0,1,10,Oyun Bilgisayarlarý,3200 MHz,Var,2 - 4 kg,Yok,"15,6 inç",Yüksek Seviye Harici Ekran Kartý,GDDR6,5.Nesil,AMD Ryzen 5,Windows 11 Home,4.2 GHz,1920 x 1080,Belirtilmemiþ,8 GB,DDR4,Yok,512 GB,,3.3 GHz,15.299 TL
760,MSI,5.0,8,"9,7",Oyun Bilgisayarlarý,3200 MHz,Var,1 - 2 kg,Yok,"15,6 inç",Yüksek Seviye Harici Ekran Kartý,Onboard,5.Nesil,AMD Ryzen 5,Yok (Free Dos),4 GHz,1920 x 1080,Yok,8 GB,DDR4,Yok,256 GB,,2.1 GHz,10.999 TL
761,HP,4.4,24,"9,4",Notebook,2666 MHz,Var,1 - 2 kg,Yok,"15,6 inç",Dahili Ekran Kartý,Onboard,10.Nesil,Intel Core i5,Windows 10 Home,Yok,1366 x 768,Yok,8 GB,DDR4,256 GB,256 GB,6 Saat ve Üstü,1.6 GHz,10.499 TL
762,Lenovo,,,"9,9",Notebook,3200 MHz,Var,1 - 2 kg,Yok,14 inç,Dahili Ekran Kartý,Onboard,Ryzen,AMD Ryzen 3,Windows 10 Home,3.8 GHz,1920 x 1080,Yok,20 GB,DDR4,Yok,1 TB,3 Saat ve Altý,2.60 GHz,10.556 TL
763,Asus,,,9,Notebook,3200 MHz,Var,2 - 4 kg,Yok,"15,6 inç",Yüksek Seviye Harici Ekran Kartý,GDDR6,11.Nesil,Intel Core i7,Yok (Free Dos),4.8 GHz,1920 x 1080,Yok,32 GB,DDR4,Yok,1 TB,6 Saat ve Üstü,3.3 GHz,34.999 TL
764,HP,,,"9,6",Notebook,3200 MHz,Var,2 kg ve Altý,Yok,14 inç,Dahili Ekran Kartý,Onboard,11.Nesil,Intel Core i7,Yok (Free Dos),4.7 GHz,1920 x 1080,Belirtilmemiþ,8 GB,DDR4,Yok,512 GB,4 - 6 Saat,4.7 GHz,23.537 TL
765,Dell,,,"9,8",Notebook,3200 MHz,Var,1 - 2 kg,Yok,"15,6 inç",Dahili Ekran Kartý,Onboard,11.Nesil,Intel Core i5,Windows 10 Home,4.2 GHz,1920 x 1080,Belirtilmemiþ,32 GB,DDR4,Yok,1 TB,,2.40 GHz,14.651 TL
766,Lenovo,5.0,1,"9,9",Notebook,2666 MHz,Var,1 - 2 kg,Yok,"15,6 inç",Dahili Ekran Kartý,Onboard,11.Nesil,Intel Core i3,Yok (Free Dos),4.1 GHz,1920 x 1080,Yok,12 GB,DDR4,Yok,512 GB,,3 GHz,8.499 TL
767,Lenovo,4.7,112,"9,8",Oyun Bilgisayarlarý,3200 MHz,Belirtilmemiþ,2 - 4 kg,Belirtilmemiþ,"15,6 inç",Harici Ekran Kartý,GDDR6,5.Nesil,AMD Ryzen 5,Yok (Free Dos),4.2 GHz,1920 x 1080,Belirtilmemiþ,16 GB,DDR4,Yok,1 TB,,3.3 GHz,26.599 TL
768,Huawei,4.3,3,10,Notebook,Belirtilmemiþ,Var,1 - 2 kg,Yok,16 inç,Dahili Ekran Kartý,Onboard,Ryzen,AMD Ryzen 7,Windows 11 Home,4.4 GHz,2520 x 1680,Var,16 GB,DDR4,512 GB,512 GB,,3.2 GHz,19.551 TL
769,HP,5.0,1,"9,6",Notebook,2666 MHz,Var,1 - 2 kg,Yok,"15,6 inç",Dahili Ekran Kartý,Onboard,11.Nesil,Intel Core i5,Windows 10 Pro,4.2 GHz,1920 x 1080,Yok,16 GB,DDR4,Yok,512 GB,,2.4 GHz,13.970 TL
770,Asus,4.9,14,"9,8",Oyun Bilgisayarlarý,2933 MHz,Var,2 - 4 kg,Yok,"15,6 inç",Yüksek Seviye Harici Ekran Kartý,GDDR6,10.Nesil,Intel Core i5,Yok (Free Dos),4.5 GHz,1920 x 1080,Yok,16 GB,DDR4,Yok,512 GB,,2.50 GHz,14.627 TL
771,Casper,4.6,125,"9,5",Notebook,2666 MHz,Var,2 kg ve Altý,Yok,"15,6 inç",Dahili Ekran Kartý,Onboard,10.Nesil,Intel Core i5,Yok (Free Dos),4.2 GHz,1920 x 1080,Yok,8 GB,DDR4,Yok,240 GB,6 Saat ve Üstü,1.6 GHz,8.150 TL
772,Asus,5.0,1,"9,8",Notebook,2666 MHz,Var,1 - 2 kg,Yok,"15,6 inç",Dahili Ekran Kartý,Onboard,10. Nesil,Intel Core i7,Windows 10 Home,3.9 GHz,1920 x 1080,Yok,16 GB,DDR4,1 TB,512 GB,,1.3 GHz,14.103 TL
773,Casper,5.0,1,,Oyun Bilgisayarlarý,2933 MHz,Var,2 - 4 kg,Yok,"15,6 inç",Yüksek Seviye Harici Ekran Kartý,GDDR6,10.Nesil,Intel Core i5,Windows 11 Home,,1920 x 1080,Yok,16 GB,DDR4,Yok,512 GB,4 - 6 Saat,4.5 GHz,17.499 TL
774,Asus,3.0,1,"9,7",Notebook,3200 MHz,Var,1 - 2 kg,Var,"15,6 inç",Dahili Ekran Kartý,Onboard,Yok,Intel Core i3,Yok (Free Dos),4.1 GHz,1920 x 1080,Var,8 GB,DDR4,Yok,256 GB,,3 GHz,13.999 TL
775,Acer,4.4,8,10,Notebook,4266 MHz,Var,1 - 2 kg,Yok,14 inç,Harici Ekran Kartý,Onboard,Ryzen,AMD Ryzen 5,Yok (Free Dos),4 GHz,1920 x 1080,Var,8 GB,LPDDR4X,Yok,512 GB,,2.1 GHz,8.899 TL
776,Lenovo,4.7,9,"9,7",Notebook,2400 MHz,Var,1 - 2 kg,Yok,"15,6 inç",Dahili Ekran Kartý,Belirtilmemiþ,3.Nesil,AMD Ryzen 3,Yok (Free Dos),3.5 GHz,1920 x 1080,Yok,4 GB,DDR4,Yok,256 GB,3 Saat ve Altý,2.6 GHz,5.449 TL
777,MSI,,,"9,7",Oyun Bilgisayarlarý,4800 MHz,Var,2 - 4 kg,Yok,"17,3 inç",Yüksek Seviye Harici Ekran Kartý,GDDR6,12.Nesil,Intel Core i9,Windows 11 Home,5 GHz,3840 x 2160,Yok,64 GB,DDR5,Yok,2 TB,,3.8 GHz,102.379 TL
778,Apple,5.0,9,"9,6",Notebook,Belirtilmemiþ,Var,Belirtilmemiþ,Var,16 inç,Belirtilmemiþ,Belirtilmemiþ,Yok,Apple M1 Pro Çip,macOS,Yok,Belirtilmemiþ,Belirtilmemiþ,16 GB,Belirtilmemiþ,Yok,512 GB,,Belirtilmemiþ,46.999 TL
779,HP,,,"9,6",Notebook,2666 MHz,Var,1 - 2 kg,Yok,"15,6 inç",Harici Ekran Kartý,GDDR5,10.Nesil,Intel Core i5,Windows 10 Home,3.3 GHz,1920 x 1080,Yok,32 GB,DDR4,Yok,1 TB,,1.1 GHz,17.500 TL
780,Asus,,,9,Notebook,2666 MHz,Var,1 - 2 kg,Yok,"15,6 inç",Dahili Ekran Kartý,Onboard,10.Nesil,Intel Core i7,Yok (Free Dos),3.9 GHz,1920 x 1080,Yok,16 GB,DDR4,Belirtilmemiþ,512 GB,,1.3 GHz,13.149 TL
781,HP,4.7,3,10,Oyun Bilgisayarlarý,2933 MHz,Var,2 - 4 kg,Yok,"16,1 inç",Yüksek Seviye Harici Ekran Kartý,GDDR5,10.Nesil,Intel Core i5,Yok (Free Dos),4.5 GHz,1920 x 1080,Yok,8 GB,DDR4,Yok,512 GB,,2.5 GHz,13.650 TL
782,Lenovo,,,"9,8",Oyun Bilgisayarlarý,3200 MHz,Var,2 - 4 kg,Yok,"15,6 inç",Yüksek Seviye Harici Ekran Kartý,GDDR6,Ryzen,AMD Ryzen 7,Windows 10 Pro,4.4 GHz,1920 x 1080,Yok,32 GB,DDR4,Yok,512 GB,,3.2 GHz,21.972 TL
783,Lenovo,,,,Notebook,3200 MHz,Var,1 - 2 kg,Yok,16 inç,Yüksek Seviye Harici Ekran Kartý,GDDR6,Ryzen,AMD Ryzen 9,Yok (Free Dos),4.6 GHz,2560 x 1600,Yok,32 GB,DDR4,Yok,512 GB,,3.3 GHz,28.999 TL
784,Lenovo,5.0,1,"9,8",Notebook,3200 MHz,Var,1 - 2 kg,Yok,"15,6 inç",Dahili Ekran Kartý,Onboard,Ryzen,AMD Ryzen 7,Yok (Free Dos),4.3 GHz,1920 x 1080,Var,40 GB,DDR4,Yok,1 TB,,1.80 GHz,17.699 TL
785,Asus,,,"9,8",Oyun Bilgisayarlarý,2933 MHz,Var,2 - 4 kg,Yok,"15,6 inç",Yüksek Seviye Harici Ekran Kartý,GDDR6,10.Nesil,Intel Core i5,Windows 10 Pro,4.5 GHz,1920 x 1080,Yok,8 GB,DDR4,Yok,512 GB,,2.50 GHz,14.696 TL
786,HP,5.0,1,"9,9",Notebook,3200 MHz,Var,2 - 4 kg,Yok,"15,6 inç",Dahili Ekran Kartý,Onboard,11.Nesil,Intel Core i5,Windows 10 Pro,4.2 GHz,1920 x 1080,Yok,8 GB,DDR4,Yok,256 GB,6 Saat ve Üstü,2.4 GHz,16.899 TL
787,Lenovo,,,"9,8",Notebook,3200 MHz,Var,1 - 2 kg,Yok,"15,6 inç",Dahili Ekran Kartý,Onboard,10.Nesil,Intel Core i5,Windows 11 Pro,4.2 GHz,1920 x 1080,Yok,8 GB,DDR4,Yok,256 GB,,1.6 GHz,11.236 TL
788,Lenovo,5.0,1,10,Oyun Bilgisayarlarý,2666 MHz,Var,2 - 4 kg,Yok,"15,6 inç",Harici Ekran Kartý,GDDR6,10.Nesil,Intel Core i7,Windows 10 Pro,5 GHz,1920 x 1080,Var,16 GB,DDR4,Yok,512 GB,,2.6 GHz,25.345 TL
789,Asus,4.8,15,10,Oyun Bilgisayarlarý,3200 MHz,Var,2 - 4 kg,Yok,"17,3 inç",Yüksek Seviye Harici Ekran Kartý,GDDR6,Ryzen,AMD Ryzen 9,Yok (Free Dos),4.6 GHz,1920 x 1080,Yok,32 GB,DDR4,Yok,2 TB,,3.3 GHz,62.999 TL
790,Lenovo,5.0,1,"9,7",Notebook,3200 MHz,Var,1 - 2 kg,Yok,"15,6 inç",Dahili Ekran Kartý,Onboard,11.Nesil,Intel Core i5,Yok (Free Dos),4.2 GHz,1920 x 1080,Yok,8 GB,DDR4,Yok,256 GB,6 Saat ve Üstü,2.4 GHz,10.999 TL
791,Asus,,,"9,5",Notebook,3200 MHz,Var,1 - 2 kg,Yok,"15,6 inç",Dahili Ekran Kartý,Belirtilmemiþ,Yok,Intel Core i5,Yok (Free Dos),4.2 GHz,1920 x 1080,Var,8 GB,DDR4,Yok,256 GB,,2.4 GHz,14.999 TL
792,I-Life,4.4,22,"9,9",Notebook,Belirtilmemiþ,Var,2 kg ve Altý,Yok,"15,6 inç",Dahili Ekran Kartý,Onboard,5.Nesil,Intel Core i3,Windows 10 Home,,1920 x 1080,Yok,4 GB,DDR3,Yok,256 GB,,2.00 GHz,4.779 TL
793,Dell,5.0,1,"9,9",Notebook,3200 MHz,Var,1 - 2 kg,Yok,"15,6 inç",Dahili Ekran Kartý,Onboard,11.Nesil,Intel Core i7,Ubuntu,4.7 GHz,1920 x 1080,Yok,8 GB,DDR4,Yok,256 GB,,2.80 GHz,18.784 TL
794,Asus,,,10,Notebook,2666 MHz,Var,2 kg ve Altý,Yok,14 inç,Dahili Ekran Kartý,Onboard,10.Nesil,Intel Core i3,Yok (Free Dos),3.4 GHz,1366 x 768,Yok,8 GB,DDR4,Yok,512 GB,,1.2 GHz,7.798 TL
795,Dell,,,10,Notebook,2666 MHz,Var,2 kg ve Altý,Yok,"15,6 inç",Harici Ekran Kartý,GDDR5,11.Nesil,Intel Core i7,Yok (Free Dos),4.7 GHz,1920 x 1080,Yok,16 GB,DDR4,Yok,512 GB,,2.8 GHz,18.828 TL
796,Asus,,,,Oyun Bilgisayarlarý,4800 MHz,Var,2 - 4 kg,Var,16 inç,Harici Ekran Kartý,GDDR6,Ryzen,AMD Ryzen 9,Windows 11 Home,4.9 GHz,2560 x 1600,Yok,32 GB,DDR5,Yok,1 TB,,4.9 GHz,63.499 TL
797,Asus,,,"9,7",Notebook,Belirtilmemiþ,Var,1 - 2 kg,Yok,"15,6 inç",Dahili Ekran Kartý,Onboard,7.Nesil,Intel Core i3,Windows 10 Home,2.3 GHz,1920 x 1080,Yok,8 GB,DDR4,Yok,256 GB,,Belirtilmemiþ,7.999 TL
798,HP,,,10,Notebook,Belirtilmemiþ,Var,2 - 4 kg,Yok,"15,6 inç",Dahili Ekran Kartý,Onboard,11.Nesil,Intel Core i7,Yok (Free Dos),4.2 GHz,1920 x 1080,Belirtilmemiþ,16 GB,DDR4,Yok,512 GB,,4.2 GHz,19.148 TL
799,Dell,,,"9,8",Notebook,3200 MHz,Var,1 - 2 kg,Yok,"15,6 inç",Dahili Ekran Kartý,Onboard,11.Nesil,Intel Core i5,Linux,4.2 GHz,1920 x 1080,Belirtilmemiþ,32 GB,DDR4,Yok,1 TB,,2.40 GHz,13.943 TL
800,Lenovo,5.0,2,"9,9",Notebook,3200 MHz,Var,2 - 4 kg,Yok,"15,6 inç",Dahili Ekran Kartý,Onboard,Ryzen,AMD Ryzen 7,Windows 10 Pro,4.3 GHz,1920 x 1080,Yok,16 GB,DDR4,Yok,512 GB,,1.8 GHz,16.999 TL
801,Lenovo,4.7,18,"9,4",Oyun Bilgisayarlarý,3200 MHz,Var,2 - 4 kg,Yok,"17,3 inç",Yüksek Seviye Harici Ekran Kartý,GDDR6,11.Nesil,Intel Core i7,Yok (Free Dos),4.6 GHz,1920 x 1080,Yok,16 GB,DDR4,Yok,1 TB,6 Saat ve Üstü,2.3 GHz,32.899 TL
802,Lenovo,,,"9,9",Notebook,2666 MHz,Var,2 - 4 kg,Yok,14 inç,Dahili Ekran Kartý,Onboard,Ryzen,AMD Ryzen 3,Windows 10 Pro,3.5 GHz,1920 x 1080,Yok,12 GB,DDR4,Yok,256 GB,3 Saat ve Altý,2.60 GHz,7.950 TL
803,HP,,,"9,9",Notebook,3200 MHz,Var,1 - 2 kg,Yok,"15,6 inç",Dahili Ekran Kartý,Onboard,11.Nesil,Intel Core i7,Windows 11 Pro,4.7 GHz,1920 x 1080,Var,32 GB,DDR4,Yok,512 GB,6 Saat ve Üstü,2.80 GHz,23.799 TL
804,Dell,,,"9,6",Notebook,3200 MHz,Var,1 - 2 kg,Yok,"15,6 inç",Dahili Ekran Kartý,Onboard,11.Nesil,Intel Core i7,Windows 10 Pro,4.7 GHz,1920 x 1080,Var,64 GB,DDR4,Yok,1 TB,,2.80 GHz,28.101 TL
805,Dell,3.0,2,"9,1",Notebook,3200 MHz,Var,1 - 2 kg,Yok,"15,6 inç",Yüksek Seviye Harici Ekran Kartý,GDDR6,11.Nesil,Intel Core i7,Linux,4.6 GHz,1920 x 1080,Yok,32 GB,DDR4,Yok,1 TB,4 - 6 Saat,2.20 GHz,28.007 TL
806,Dell,4.0,1,"9,8",Notebook,2666 MHz,Var,2 - 4 kg,Yok,"15,6 inç",Harici Ekran Kartý,GDDR5,11.Nesil,Intel Core i5,Windows 10 Pro,4.2 GHz,1920 x 1080,Yok,16 GB,DDR4,Yok,1 TB,,2.4 GHz,16.400 TL
807,Lenovo,,,"9,1",Notebook,3200 MHz,Var,1 - 2 kg,Yok,"15,6 inç",Dahili Ekran Kartý,Onboard,Ryzen,AMD Ryzen 5,Windows 10 Pro,4 GHz,1920 x 1080,Var,24 GB,DDR4,Yok,512 GB,,2.3 GHz,15.757 TL
808,Dell,,,"9,1",Notebook,3200 MHz,Var,1 - 2 kg,Yok,"15,6 inç",Dahili Ekran Kartý,Onboard,Ryzen,AMD Ryzen 7,Windows 10 Pro,4 GHz,1920 x 1080,Yok,16 GB,DDR4,Yok,256 GB,,2.3 GHz,13.797 TL
809,Lenovo,,,"9,9",Notebook,3200 MHz,Var,1 - 2 kg,Yok,14 inç,Harici Ekran Kartý,GDDR6,11.Nesil,Intel Core i7,Windows 11 Pro,4.7 GHz,1920 x 1080,Var,16 GB,DDR4,Yok,1 TB,6 Saat ve Üstü,2.8 GHz,20.499 TL
810,Asus,,,"9,8",Notebook,3200 MHz,Var,1 - 2 kg,Yok,14 inç,Dahili Ekran Kartý,Onboard,11.Nesil,Intel Core i5,Windows 11 Pro,4.2 GHz,1920 x 1080,Yok,8 GB,DDR4,Yok,512 GB,6 Saat ve Üstü,2.40 GHz,11.780 TL
811,HP,4.6,7,10,Notebook,2666 MHz,Var,2 - 4 kg,Yok,14 inç,Dahili Ekran Kartý,Onboard,Ryzen,AMD Ryzen 3,Windows 10 Home,3.5 GHz,1366 x 768,Yok,4 GB,DDR4,Yok,128 GB,4 - 6 Saat,2.6 GHz,5.199 TL
812,Lenovo,,,"9,8",Notebook,3200 MHz,Var,1 - 2 kg,Yok,"15,6 inç",Dahili Ekran Kartý,Onboard,Ryzen,AMD Ryzen 5,Yok (Free Dos),4.1 GHz,1920 x 1080,Yok,16 GB,DDR4,Belirtilmemiþ,512 GB,4 - 6 Saat,2.1 GHz,15.799 TL
813,Lenovo,4.8,11,10,Notebook,2666 MHz,Var,1 - 2 kg,Yok,14 inç,Dahili Ekran Kartý,Onboard,10.Nesil,Intel Core i5,Yok (Free Dos),3.6 GHz,1920 x 1080,Var,8 GB,DDR4,Yok,512 GB,6 Saat ve Üstü,1 GHz,8.589 TL
814,HP,5.0,1,"9,9",Notebook,2666 MHz,Var,1 - 2 kg,Yok,"15,6 inç",Dahili Ekran Kartý,Onboard,11.Nesil,Intel Core i7,Windows 10 Home,4.7 GHz,1920 x 1080,Yok,32 GB,DDR4,Yok,512 GB,3 Saat ve Altý,2.8 GHz,20.799 TL
815,HP,5.0,1,"9,9",Notebook,2666 MHz,Var,2 - 4 kg,Belirtilmemiþ,"15,6 inç",Harici Ekran Kartý,Belirtilmemiþ,10.Nesil,Intel Core i3,Windows 10 Pro,3.4 GHz,1920 x 1080,Yok,4 GB,DDR4,Yok,128 GB,,1.2 GHz,7.999 TL
816,Lenovo,,,"9,9",Notebook,3200 MHz,Var,2 - 4 kg,Yok,"17,3 inç",Harici Ekran Kartý,GDDR5,11.Nesil,Intel Core i7,Windows 10 Pro,4.7 GHz,1920 x 1080,Var,16 GB,DDR4,Yok,512 GB,,2.80 GHz,24.699 TL
817,HP,3.0,1,9,Notebook,3200 MHz,Var,1 - 2 kg,Yok,"15,6 inç",Harici Ekran Kartý,GDDR5,11.Nesil,Intel Core i5,Windows 11 Home,4.2 GHz,1920 x 1080,Yok,8 GB,DDR4,Yok,256 GB,,2.4 GHz,12.949 TL
818,Lenovo,4.7,14,"9,9",Notebook,2666 MHz,Var,1 - 2 kg,Yok,"15,6 inç",Dahili Ekran Kartý,Onboard,11.Nesil,Intel Core i5,Yok (Free Dos),4.2 GHz,1920 x 1080,Yok,12 GB,DDR4,Yok,512 GB,,2.40 GHz,11.799 TL
819,HP,4.8,5,10,Notebook,2666 MHz,Var,2 kg ve Altý,Yok,"15,6 inç",Dahili Ekran Kartý,Onboard,11.Nesil,Intel Core i7,Yok (Free Dos),4.7 GHz,1920 x 1080,Yok,16 GB,DDR4,Yok,512 GB,,2.8 GHz,15.640 TL
820,Lenovo,4.0,1,"9,5",Oyun Bilgisayarlarý,Belirtilmemiþ,Var,2 - 4 kg,Yok,"15,6 inç",Harici Ekran Kartý,GDDR6,11.Nesil,AMD Ryzen 7,Windows 11 Home,4.4 GHz,1920 x 1080,Belirtilmemiþ,16 GB,DDR4,Yok,512 GB,,3.3 GHz,19.500 TL
821,Lenovo,4.4,8,"9,8",Notebook,2400 MHz,Var,1 - 2 kg,Yok,"15,6 inç",Dahili Ekran Kartý,Onboard,Ryzen,AMD Ryzen 5,Windows 10 Home,3.5 GHz,1366 x 768,Yok,4 GB,DDR4,Yok,256 GB,,2.1 GHz,7.959 TL
822,Dell,3.0,2,10,Notebook,2666 MHz,Var,2 - 4 kg,Yok,"15,6 inç",Dahili Ekran Kartý,Onboard,Ryzen,AMD Ryzen 7,Windows 10 Pro,4 GHz,1920 x 1080,Yok,16 GB,DDR4,Yok,512 GB,,2.30 GHz,12.125 TL
823,HP,3.0,2,10,Notebook,3200 MHz,Var,1 - 2 kg,Yok,"15,6 inç",Dahili Ekran Kartý,Belirtilmemiþ,11.Nesil,Intel Core i5,Windows 10 Pro,4.2 GHz,1920 x 1080,Yok,8 GB,DDR4,Belirtilmemiþ,256 GB,4 - 6 Saat,Belirtilmemiþ,21.533 TL
824,Lenovo,4.4,7,10,Notebook,2666 MHz,Var,2 - 4 kg,Yok,"15,6 inç",Harici Ekran Kartý,GDDR5,11.Nesil,Intel Core i5,Windows 10 Home,4.2 GHz,1920 x 1080,Var,8 GB,DDR4,Yok,256 GB,3 Saat ve Altý,2.4 GHz,19.154 TL
825,Huawei,4.7,15,10,Notebook,Belirtilmemiþ,Var,1 - 2 kg,Var,14 inç,Dahili Ekran Kartý,Belirtilmemiþ,11.Nesil,Intel Core i7,Windows 10 Home,2.4 GHz,2160 x 1440,Var,16 GB,DDR4,Yok,512 GB,4 - 6 Saat,2.40 GHz,16.637 TL
826,Asus,4.6,25,10,Notebook,2400 MHz,Var,1 - 2 kg,Yok,"15,6 inç",Dahili Ekran Kartý,Belirtilmemiþ,10. Nesil,Intel Core i5,Windows 10 Home,4.2 GHz,1920 x 1080,Yok,8 GB,DDR4,256 GB,256 GB,6 Saat ve Üstü,1.6 GHz,9.999 TL
827,Lenovo,,,"9,8",Notebook,Belirtilmemiþ,Var,2 kg ve Altý,Yok,"15,6 inç",Harici Ekran Kartý,Belirtilmemiþ,10. Nesil,Intel Core i5,Windows 10 Home,Yok,1920 x 1080,Yok,8 GB,Belirtilmemiþ,Belirtilmemiþ,512 GB,,Belirtilmemiþ,10.133 TL
828,Lenovo,1.0,1,"9,8",Notebook,Belirtilmemiþ,Var,Belirtilmemiþ,Var,14 inç,Dahili Ekran Kartý,Belirtilmemiþ,10. Nesil,Intel Pentium,Windows 10 Home,Yok,1920 x 1080,Yok,4 GB,DDR4,Yok,120 GB,,Belirtilmemiþ,4.493 TL
829,Lenovo,4.8,4,10,Notebook,2666 MHz,Var,1 - 2 kg,Yok,"15,6 inç",Dahili Ekran Kartý,Onboard,11.Nesil,Intel Core i5,Windows 10 Pro,4.2 GHz,1920 x 1080,Yok,16 GB,DDR4,Yok,512 GB,3 Saat ve Altý,2.4 GHz,17.639 TL
830,MSI,,,"9,7",Oyun Bilgisayarlarý,4800 MHz,Var,2 - 4 kg,Yok,"17,3 inç",Yüksek Seviye Harici Ekran Kartý,GDDR6,12.Nesil,Intel Core i9,Windows 11 Home,5 GHz,3840 x 2160,Yok,64 GB,DDR5,Yok,2 TB,,3.6 GHz,111.599 TL
831,HP,,,10,Oyun Bilgisayarlarý,4800 MHz,Var,2 - 4 kg,Yok,"16,1 inç",Harici Ekran Kartý,GDDR6,12.Nesil,Intel Core i5,Yok (Free Dos),4.5 GHz,1920 x 1080,Yok,16 GB,DDR5,Yok,512 GB,,3.3 GHz,26.597 TL
832,Lenovo,,,"9,9",Notebook,3200 MHz,Var,1 - 2 kg,Yok,"15,6 inç",Dahili Ekran Kartý,Onboard,11.Nesil,Intel Core i5,Windows 10 Home,4.2 GHz,1920 x 1080,Yok,8 GB,DDR4,Yok,256 GB,,2.4 GHz,11.823 TL
833,HP,4.5,13,10,Notebook,3200 MHz,Var,1 - 2 kg,Yok,14 inç,Harici Ekran Kartý,GDDR5,11.Nesil,Intel Core i7,Windows 10 Home,4.7 GHz,1920 x 1080,Yok,8 GB,DDR4,Yok,512 GB,6 Saat ve Üstü,2.80 GHz,16.689 TL
834,Lenovo,,,"9,9",Notebook,3200 MHz,Var,1 - 2 kg,Yok,14 inç,Harici Ekran Kartý,GDDR5,11.Nesil,Intel Core i5,Yok (Free Dos),4.2 GHz,1920 x 1080,Yok,16 GB,DDR4,Yok,250 GB,3 Saat ve Altý,2.40 GHz,11.699 TL
835,Lenovo,,,"9,9",Notebook,2666 MHz,Var,1 - 2 kg,Yok,"15,6 inç",Dahili Ekran Kartý,Onboard,10.Nesil,Intel Core i5,Yok (Free Dos),4.2 GHz,1920 x 1080,Yok,16 GB,DDR4,Yok,512 GB,3 Saat ve Altý,1.60 GHz,12.517 TL
836,Dell,,,"9,8",Notebook,2666 MHz,Var,1 - 2 kg,Yok,"15,6 inç",Dahili Ekran Kartý,Onboard,11.Nesil,Intel Core i5,Windows 11 Pro,4.2 GHz,1920 x 1080,Var,16 GB,DDR4,Yok,512 GB,,2.4 GHz,13.877 TL
837,Lenovo,,,10,Notebook,2666 MHz,Var,2 - 4 kg,Yok,"15,6 inç",Harici Ekran Kartý,GDDR5,11.Nesil,Intel Core i7,Yok (Free Dos),4.7 GHz,1920 x 1080,Var,32 GB,DDR4,Yok,256 GB,,2.8 GHz,23.998 TL
838,Asus,,,"9,9",Notebook,3200 MHz,Var,1 - 2 kg,Yok,"15,6 inç",Dahili Ekran Kartý,Belirtilmemiþ,11.Nesil,Intel Core i3,Windows 10 Home,4.1 GHz,1366 x 768,Yok,16 GB,DDR5,Belirtilmemiþ,256 GB,,2.1 GHz,8.499 TL
839,HP,4.5,6,10,Notebook,2666 MHz,Var,1 - 2 kg,Yok,"15,6 inç",Dahili Ekran Kartý,Onboard,5.Nesil,AMD Ryzen 5,Windows 10 Pro,4 GHz,1920 x 1080,Yok,8 GB,DDR4,Yok,512 GB,4 - 6 Saat,2.3 GHz,11.550 TL
840,Lenovo,4.9,9,"9,9",Notebook,2666 MHz,Var,2 - 4 kg,Yok,"15,6 inç",Harici Ekran Kartý,GDDR5,10.Nesil,Intel Core i7,Yok (Free Dos),4.9 GHz,1920 x 1080,Yok,8 GB,DDR4,Yok,512 GB,4 - 6 Saat,1.80 GHz,14.499 TL
841,Lenovo,5.0,4,"9,9",Notebook,2666 MHz,Var,1 - 2 kg,Yok,"15,6 inç",Dahili Ekran Kartý,Onboard,11.Nesil,Intel Core i5,Yok (Free Dos),4.2 GHz,1920 x 1080,Yok,20 GB,DDR4,Yok,256 GB,,2.40 GHz,10.999 TL
842,HP,,,,Notebook,2666 MHz,Var,2 - 4 kg,Yok,"17,3 inç",Harici Ekran Kartý,GDDR6,11.Nesil,Intel Core i7,Windows 10 Pro,4.8 GHz,1920 x 1080,Var,16 GB,DDR4,Yok,512 GB,,2.5 GHz,65.780 TL
843,HP,5.0,3,10,Notebook,3200 MHz,Var,1 - 2 kg,Yok,"13,3 inç",Dahili Ekran Kartý,Onboard,11.Nesil,Intel Core i5,Windows 10 Home,4.2 GHz,1920 x 1080,Belirtilmemiþ,8 GB,DDR4,Yok,512 GB,6 Saat ve Üstü,2.40 GHz,10.499 TL
844,Asus,5.0,1,"9,8",Oyun Bilgisayarlarý,2933 MHz,Var,2 - 4 kg,Yok,"15,6 inç",Yüksek Seviye Harici Ekran Kartý,GDDR6,10.Nesil,Intel Core i5,Yok (Free Dos),4.5 GHz,1920 x 1080,Yok,32 GB,DDR4,Yok,1 TB,,2.50 GHz,16.563 TL
845,Asus,4.6,147,"9,7",Notebook,2666 MHz,Var,2 kg ve Altý,Yok,"15,6 inç",Harici Ekran Kartý,GDDR5,10.Nesil,Intel Core i5,Windows 10 Home,3.6 GHz,1366 x 768,Yok,8 GB,DDR4,Yok,256 GB,,1 GHz,11.499 TL
846,Lenovo,4.3,4,10,Notebook,3200 MHz,Var,2 kg ve Altý,Yok,"15,6 inç",Harici Ekran Kartý,DDR5,11.Nesil,Intel Core i7,Windows 10 Pro,4.7 GHz,1920 x 1080,Yok,16 GB,DDR4,Yok,512 GB,4 - 6 Saat,2.80 GHz,23.647 TL
847,Lenovo,,,10,Notebook,2666 MHz,Var,2 - 4 kg,Yok,"15,6 inç",Harici Ekran Kartý,GDDR5,11.Nesil,Intel Core i7,Yok (Free Dos),4.7 GHz,1920 x 1080,Var,32 GB,DDR4,Yok,256 GB,,2.8 GHz,23.998 TL
848,Asus,,,"9,9",Notebook,3200 MHz,Var,1 - 2 kg,Yok,"15,6 inç",Dahili Ekran Kartý,Belirtilmemiþ,11.Nesil,Intel Core i3,Windows 10 Home,4.1 GHz,1366 x 768,Yok,16 GB,DDR5,Belirtilmemiþ,256 GB,,2.1 GHz,8.499 TL
849,HP,4.5,6,10,Notebook,2666 MHz,Var,1 - 2 kg,Yok,"15,6 inç",Dahili Ekran Kartý,Onboard,5.Nesil,AMD Ryzen 5,Windows 10 Pro,4 GHz,1920 x 1080,Yok,8 GB,DDR4,Yok,512 GB,4 - 6 Saat,2.3 GHz,11.550 TL
850,Lenovo,,,"9,7",Notebook,2666 MHz,Var,Belirtilmemiþ,Yok,14 inç,Dahili Ekran Kartý,Onboard,Ryzen,AMD Ryzen 5,Windows 10 Pro,4 GHz,1920 x 1080,Yok,16 GB,DDR4,Yok,512 GB,,2.3 GHz,14.760 TL
851,Dell,,,"9,8",Notebook,3200 MHz,Var,1 - 2 kg,Yok,"15,6 inç",Dahili Ekran Kartý,Onboard,11.Nesil,Intel Core i5,Windows 10 Home,4.2 GHz,1920 x 1080,Belirtilmemiþ,8 GB,DDR4,Yok,256 GB,,2.40 GHz,11.518 TL
852,Asus,,,"9,7",Notebook,3200 MHz,Var,1 - 2 kg,Yok,"15,6 inç",Dahili Ekran Kartý,Onboard,11.Nesil,Intel Core i3,Yok (Free Dos),4.1 GHz,1366 x 768,Var,8 GB,DDR4,Yok,512 GB,6 Saat ve Üstü,3 GHz,8.332 TL
853,Lenovo,5.0,1,"9,2",Ultrabook,3200 MHz,Var,1 - 2 kg,Var,14 inç,Harici Ekran Kartý,GDDR6,11.Nesil,Intel Core i5,Windows 10 Home,4.2 GHz,1920 x 1080,Var,16 GB,DDR4,512 GB,512 GB,6 Saat ve Üstü,2.4 GHz,16.799 TL
854,Lenovo,,,"9,9",Notebook,3200 MHz,Var,1 - 2 kg,Yok,14 inç,Harici Ekran Kartý,GDDR6,11.Nesil,Intel Core i7,Yok (Free Dos),4.7 GHz,1920 x 1080,Var,48 GB,DDR4,Yok,512 GB,3 Saat ve Altý,2.8 GHz,33.552 TL
855,Asus,,,"9,9",Notebook,2400 MHz,Var,2 - 4 kg,Yok,"15,6 inç",Dahili Ekran Kartý,Onboard,Ryzen,AMD Ryzen 3,Yok (Free Dos),3.5 GHz,1366 x 768,Yok,20 GB,DDR4,Yok,256 GB,,2.6 GHz,6.599 TL
856,Asus,5.0,3,"9,8",Oyun Bilgisayarlarý,2933 MHz,Var,2 - 4 kg,Yok,"15,6 inç",Yüksek Seviye Harici Ekran Kartý,GDDR6,10.Nesil,Intel Core i5,Windows 10 Home,4.5 GHz,1920 x 1080,Yok,16 GB,DDR4,1 TB,256 GB,,2.50 GHz,15.214 TL
857,Lenovo,,,"9,9",Notebook,2400 MHz,Var,1 - 2 kg,Yok,"15,6 inç",Dahili Ekran Kartý,Onboard,Yok,AMD Athlon Gold,Windows 10 Pro,3.3 GHz,1366 x 768,Yok,8 GB,DDR4,Yok,512 GB,,2.4 GHz,6.573 TL
858,Dell,5.0,2,"9,9",Notebook,3200 MHz,Var,1 - 2 kg,Yok,14 inç,Dahili Ekran Kartý,Onboard,11.Nesil,Intel Core i7,Yok (Free Dos),4.7 GHz,1920 x 1080,Yok,16 GB,DDR4,Yok,512 GB,,2.80 GHz,19.999 TL
859,Lenovo,,,"9,9",Notebook,3200 MHz,Var,1 - 2 kg,Yok,14 inç,Harici Ekran Kartý,GDDR6,11.Nesil,Intel Core i7,Yok (Free Dos),4.7 GHz,1920 x 1080,Var,16 GB,DDR4,Yok,512 GB,3 Saat ve Altý,2.8 GHz,30.559 TL
860,Dell,,,"9,8",Notebook,3200 MHz,Var,1 - 2 kg,Yok,"15,6 inç",Dahili Ekran Kartý,Onboard,11.Nesil,Intel Core i5,Linux,4.2 GHz,1920 x 1080,Belirtilmemiþ,16 GB,DDR4,1 TB,1 TB,,2.40 GHz,12.945 TL
861,Lenovo,5.0,6,"9,9",Notebook,3200 MHz,Var,2 kg ve Altý,Yok,"15,6 inç",Dahili Ekran Kartý,Onboard,Ryzen,AMD Ryzen 5,Yok (Free Dos),4 GHz,1920 x 1080,Var,8 GB,DDR4,Yok,512 GB,6 Saat ve Üstü,2.3 GHz,11.399 TL
862,Apple,,,,Notebook,Belirtilmemiþ,Var,1 - 2 kg,Belirtilmemiþ,13 inç,Belirtilmemiþ,Belirtilmemiþ,Yok,Apple M2,macOS,Yok,2560 x 1600,Belirtilmemiþ,8 GB,Belirtilmemiþ,Yok,512 GB,,Belirtilmemiþ,32.299 TL
863,Lenovo,,,"9,9",Notebook,3200 MHz,Var,1 - 2 kg,Yok,"15,6 inç",Dahili Ekran Kartý,Onboard,11.Nesil,Intel Core i5,Windows 10 Pro,4.2 GHz,1920 x 1080,Yok,12 GB,DDR4,Yok,512 GB,,2.4 GHz,11.999 TL
864,HP,,,"9,7",Notebook,3200 MHz,Var,1 - 2 kg,Yok,"15,6 inç",Dahili Ekran Kartý,Onboard,11.Nesil,Intel Core i5,Windows 10 Home,4.2 GHz,1920 x 1080,Yok,16 GB,DDR4,Yok,512 GB,4 - 6 Saat,2.4 GHz,14.309 TL
865,Apple,5.0,1,,Notebook,Belirtilmemiþ,Var,Belirtilmemiþ,Var,16 inç,Belirtilmemiþ,Belirtilmemiþ,Yok,Apple M1,macOS,Yok,Belirtilmemiþ,Belirtilmemiþ,32 GB,Belirtilmemiþ,Yok,1 TB,,Belirtilmemiþ,71.999 TL
866,Dell,,,"9,1",Notebook,2666 MHz,Var,1 - 2 kg,Yok,14 inç,Harici Ekran Kartý,GDDR5,11.Nesil,Intel Core i7,Windows 10 Pro,4.7 GHz,1920 x 1080,Yok,16 GB,DDR4,Yok,512 GB,,2.8 GHz,20.677 TL
867,Lenovo,,,"9,1",Notebook,3200 MHz,Var,1 - 2 kg,Yok,"15,6 inç",Dahili Ekran Kartý,Onboard,5.Nesil,AMD Ryzen 7,Windows 11 Pro,4.3 GHz,1920 x 1080,Var,24 GB,DDR4,Yok,1 TB,6 Saat ve Üstü,1.80 GHz,23.961 TL
868,MSI,4.9,7,"9,7",Notebook,4266 MHz,Var,2 kg ve Altý,Var,16 inç,Yüksek Seviye Harici Ekran Kartý,GDDR6,11.Nesil,Intel Core i7,Windows 10 Pro,5 GHz,2560 x 1600,Var,16 GB,LPDDR4,Yok,512 GB,,2.9 GHz,30.799 TL
869,Dell,,,"9,6",Notebook,2666 MHz,Var,1 - 2 kg,Yok,"15,6 inç",Dahili Ekran Kartý,Onboard,11.Nesil,Intel Core i7,Yok (Free Dos),4.7 GHz,1920 x 1080,Yok,16 GB,DDR4,Yok,512 GB,,2.8 GHz,18.299 TL
870,Dell,5.0,1,"9,8",Notebook,2666 MHz,Var,2 - 4 kg,Yok,14 inç,Harici Ekran Kartý,GDDR5,11.Nesil,Intel Core i5,Linux,4.2 GHz,1920 x 1080,Yok,8 GB,DDR4,Yok,512 GB,,2.40 GHz,12.710 TL
871,Lenovo,,,"9,8",Notebook,2666 MHz,Var,1 - 2 kg,Yok,"15,6 inç",Harici Ekran Kartý,GDDR5,10.Nesil,Intel Core i5,Windows 10 Home,4.2 GHz,1920 x 1080,Yok,8 GB,DDR4,Yok,256 GB,3 Saat ve Altý,1.60 GHz,9.123 TL
872,Lenovo,,,"9,4",Ýkisi Bir Arada,3200 MHz,Var,1 - 2 kg,Var,"15,6 inç",Dahili Ekran Kartý,Onboard,11.Nesil,Intel Core i5,Windows 11 Pro,4.2 GHz,1920 x 1080,Var,24 GB,DDR4,Yok,1 TB,6 Saat ve Üstü,2.40 GHz,26.989 TL
873,Lenovo,,,"9,8",Notebook,2666 MHz,Var,2 kg ve Altý,Yok,"13,3 inç",Dahili Ekran Kartý,Onboard,11.Nesil,Intel Core i5,Windows 10 Pro,4.2 GHz,1920 x 1200,Var,8 GB,DDR4,Yok,256 GB,3 Saat ve Altý,2.4 GHz,15.999 TL
874,Acer,2.6,11,"9,3",Notebook,2133 MHz,Var,2 kg ve Altý,Yok,"15,6 inç",Dahili Ekran Kartý,Onboard,Yok,AMD A4,Windows 10 Home,2.2 GHz,1920 x 1080,Yok,4 GB,DDR4,Yok,128 GB,,1.5 GHz,4.559 TL
875,Asus,,,"9,8",Oyun Bilgisayarlarý,2933 MHz,Var,2 - 4 kg,Yok,"15,6 inç",Yüksek Seviye Harici Ekran Kartý,GDDR6,10.Nesil,Intel Core i5,Windows 10 Pro,4.5 GHz,1920 x 1080,Yok,8 GB,DDR4,1 TB,256 GB,,2.50 GHz,14.903 TL
876,Dell,5.0,3,,Notebook,3200 MHz,Var,1 - 2 kg,Yok,14 inç,Dahili Ekran Kartý,Onboard,11.Nesil,Intel Core i7,Windows 10 Pro,4.8 GHz,1920 x 1080,Var,16 GB,DDR4,Yok,512 GB,4 - 6 Saat,3 GHz,34.357 TL
877,Asus,,,"9,8",Notebook,2666 MHz,Var,1 - 2 kg,Yok,"15,6 inç",Dahili Ekran Kartý,Onboard,10. Nesil,Intel Core i7,Windows 11 Pro,3.9 GHz,1920 x 1080,Yok,24 GB,DDR4,Yok,512 GB,,1.3 GHz,14.303 TL
878,Asus,,,"9,9",Notebook,2666 MHz,Var,1 - 2 kg,Yok,"15,6 inç",Harici Ekran Kartý,GDDR5,10.Nesil,Intel Core i5,Windows 10 Home,3.6 GHz,1920 x 1080,Yok,16 GB,DDR4,Yok,1 TB,4 - 6 Saat,1.1 GHz,14.093 TL
879,Lenovo,,,"9,9",Notebook,2666 MHz,Var,1 - 2 kg,Yok,"15,6 inç",Dahili Ekran Kartý,Onboard,10.Nesil,Intel Core i5,Yok (Free Dos),4.2 GHz,1920 x 1080,Yok,8 GB,DDR4,Yok,1 TB,3 Saat ve Altý,1.60 GHz,12.682 TL
880,Lenovo,,,"9,9",Notebook,2666 MHz,Var,2 kg ve Altý,Yok,"15,6 inç",Harici Ekran Kartý,GDDR5,11.Nesil,Intel Core i7,Yok (Free Dos),4.7 GHz,1920 x 1080,Yok,32 GB,DDR4,Yok,512 GB,3 Saat ve Altý,2.80 GHz,23.354 TL
881,Asus,,,"9,6",Notebook,3200 MHz,Var,1 - 2 kg,Yok,"13,3 inç",Dahili Ekran Kartý,Onboard,11.Nesil,Intel Core i7,Windows 11 Home,4.7 GHz,1920 x 1080,Yok,16 GB,DDR4,Yok,1 TB,,2.8 GHz,22.999 TL
882,Asus,,,"9,9",Notebook,2666 MHz,Var,1 - 2 kg,Yok,"15,6 inç",Dahili Ekran Kartý,Onboard,Yok,Intel Celeron,Yok (Free Dos),2.8 GHz,1366 x 768,Yok,4 GB,DDR4,Yok,128 GB,,1.1 GHz,4.399 TL
883,Asus,,,10,Oyun Bilgisayarlarý,3200 MHz,Var,2 - 4 kg,Yok,"15,6 inç",Yüksek Seviye Harici Ekran Kartý,GDDR6,Ryzen,AMD Ryzen 7,Yok (Free Dos),4.2 GHz,1920 x 1080,Yok,8 GB,DDR4,Yok,512 GB,6 Saat ve Üstü,2.9 GHz,17.980 TL
884,HP,,,"9,8",Oyun Bilgisayarlarý,3200 MHz,Var,2 - 4 kg,Yok,"16,1 inç",Yüksek Seviye Harici Ekran Kartý,GDDR6,5.Nesil,AMD Ryzen 7,Windows 10 Pro,4.3 GHz,1920 x 1080,Yok,32 GB,DDR4,Yok,2 TB,,3.2 GHz,28.495 TL
885,Asus,5.0,2,"9,9",Notebook,1600 MHz,Var,1 - 2 kg,Belirtilmemiþ,"15,6 inç",Dahili Ekran Kartý,Belirtilmemiþ,10.Nesil,AMD Ryzen 3,Yok (Free Dos),3 GHz,1366 x 768,Belirtilmemiþ,4 GB,DDR4,Yok,256 GB,3 Saat ve Altý,1.6 GHz,5.599 TL
886,Lenovo,,,"9,9",Notebook,2666 MHz,Var,2 kg ve Altý,Yok,14 inç,Dahili Ekran Kartý,Onboard,10.Nesil,AMD Athlon,Windows 10 Home,3.3 GHz,1366 x 768,Yok,8 GB,DDR4,Yok,256 GB,,2.4 GHz,8.922 TL
887,Lenovo,,,"9,8",Notebook,2933 MHz,Var,1 - 2 kg,Yok,"15,6 inç",Dahili Ekran Kartý,Onboard,6.Nesil,Intel Celeron,Windows 10 Home,1.8 GHz,1366 x 768,Yok,8 GB,DDR4,Yok,256 GB,4 - 6 Saat,1.8 GHz,6.149 TL
888,Dell,,,"9,8",Notebook,3200 MHz,Var,2 - 4 kg,Yok,"15,6 inç",Harici Ekran Kartý,DDR5,11.Nesil,Intel Core i5,Ubuntu,4.2 GHz,1920 x 1080,Yok,8 GB,DDR4,Belirtilmemiþ,256 GB,3 Saat ve Altý,2.40 GHz,13.655 TL
889,HP,,,"9,6",Notebook,2666 MHz,Var,2 kg ve Altý,Yok,"15,6 inç",Dahili Ekran Kartý,Onboard,11.Nesil,Intel Core i3,Yok (Free Dos),4.1 GHz,1366 x 768,Yok,16 GB,DDR4,Yok,512 GB,,3 GHz,9.299 TL
890,Asus,,,"9,8",Oyun Bilgisayarlarý,3200 MHz,Var,2 - 4 kg,Yok,"15,6 inç",Yüksek Seviye Harici Ekran Kartý,GDDR6,11.Nesil,Intel Core i5,Windows 11 Home,4.4 GHz,1920 x 1080,Yok,16 GB,DDR4,Yok,512 GB,6 Saat ve Üstü,3.1 GHz,16.450 TL
891,Asus,,,9,Notebook,2666 MHz,Var,1 - 2 kg,Yok,"15,6 inç",Dahili Ekran Kartý,Onboard,10.Nesil,Intel Core i7,Windows 11 Pro,3.9 GHz,1920 x 1080,Yok,24 GB,DDR4,Belirtilmemiþ,256 GB,,1.3 GHz,14.649 TL
892,Dell,,,"9,1",Notebook,2933 MHz,Var,2 - 4 kg,Yok,"15,6 inç",Yüksek Seviye Harici Ekran Kartý,GDDR6,10.Nesil,Intel Core i5,Windows 10 Pro,4.1 GHz,1920 x 1080,Var,32 GB,DDR4,Yok,512 GB,,2.4 GHz,18.913 TL
893,Dell,,,"9,1",Notebook,3200 MHz,Var,2 - 4 kg,Yok,"15,6 inç",Yüksek Seviye Harici Ekran Kartý,GDDR6,11.Nesil,Intel Core i7,Windows 10 Pro,4.6 GHz,1920 x 1080,Yok,32 GB,DDR4,Yok,512 GB,,2.3 GHz,27.189 TL
894,Lenovo,,,"9,1",Notebook,3200 MHz,Var,1 - 2 kg,Yok,16 inç,Yüksek Seviye Harici Ekran Kartý,GDDR6,5.Nesil,AMD Ryzen 9,Windows 11 Pro,4.6 GHz,2560 x 1600,Yok,32 GB,DDR4,Yok,1 TB,6 Saat ve Üstü,3.3 GHz,44.099 TL
895,Dell,,,"9,1",Notebook,2666 MHz,Var,1 - 2 kg,Yok,14 inç,Dahili Ekran Kartý,Onboard,11.Nesil,Intel Core i5,Windows 10 Pro,4.2 GHz,1920 x 1080,Yok,32 GB,DDR4,Yok,512 GB,,2.4 GHz,15.189 TL
896,Dell,,,"9,1",Notebook,3200 MHz,Var,1 - 2 kg,Yok,"15,6 inç",Dahili Ekran Kartý,Onboard,11.Nesil,Intel Core i7,Windows 11 Pro,5 GHz,1920 x 1080,Var,32 GB,DDR4,Yok,2 TB,6 Saat ve Üstü,3.4 GHz,25.412 TL
897,HP,,,"9,1",Notebook,3200 MHz,Var,1 - 2 kg,Yok,14 inç,Harici Ekran Kartý,GDDR6,11.Nesil,Intel Core i7,Windows 10 Home,4.7 GHz,1920 x 1080,Yok,16 GB,DDR4,Yok,1 TB,6 Saat ve Üstü,2.80 GHz,20.579 TL
898,Dell,,,"9,1",Notebook,3200 MHz,Var,1 - 2 kg,Yok,16 inç,Dahili Ekran Kartý,Onboard,12.Nesil,Intel Core i7,Windows 11 Pro,4.7 GHz,1920 x 1200,Var,16 GB,DDR4,Yok,512 GB,,3.4 GHz,27.086 TL
899,Lenovo,,,"9,1",Oyun Bilgisayarlarý,3200 MHz,Var,1 - 2 kg,Yok,"15,6 inç",Yüksek Seviye Harici Ekran Kartý,GDDR6,11.Nesil,Intel Core i5,Windows 10 Home,4.4 GHz,1920 x 1080,Yok,16 GB,DDR4,Yok,512 GB,,3.1 GHz,20.971 TL
900,Dell,5.0,2,"9,1",Notebook,2400 MHz,Var,1 - 2 kg,Yok,14 inç,Harici Ekran Kartý,DDR5,11.Nesil,Intel Core i5,Ubuntu,Yok,1366 x 768,Yok,8 GB,DDR4,Belirtilmemiþ,512 GB,4 - 6 Saat,2.4 GHz,11.429 TL
901,Apple,,,10,Notebook,Belirtilmemiþ,Var,1 - 2 kg,Yok,"13,3 inç",Dahili Ekran Kartý,Belirtilmemiþ,M1,Apple M1,macOS,Yok,2560 x 1600,Var,16 GB,Belirtilmemiþ,Yok,256 GB,,Belirtilmemiþ,28.999 TL
902,Dell,4.0,1,"9,7",Notebook,3200 MHz,Var,1 - 2 kg,Yok,"15,6 inç",Dahili Ekran Kartý,Onboard,11.Nesil,Intel Core i7,Yok (Free Dos),4.7 GHz,1920 x 1080,Yok,8 GB,DDR4,Yok,256 GB,,2.8 GHz,19.145 TL
903,Dell,4.6,66,"9,8",Oyun Bilgisayarlarý,2933 MHz,Var,2 - 4 kg,Yok,"15,6 inç",Yüksek Seviye Harici Ekran Kartý,Belirtilmemiþ,10.Nesil,Intel Core i5,Ubuntu,4.1 GHz,1920 x 1080,Yok,8 GB,DDR4,Yok,256 GB,,2.4 GHz,14.064 TL
904,Lenovo,4.6,5,,Notebook,3200 MHz,Var,1 - 2 kg,Yok,"15,6 inç",Dahili Ekran Kartý,Onboard,Ryzen,AMD Ryzen 3,Yok (Free Dos),3.8 GHz,1920 x 1080,Yok,4 GB,DDR4,Yok,256 GB,6 Saat ve Üstü,2.6 GHz,7.800 TL
905,Asus,4.4,17,10,Notebook,2666 MHz,Var,2 - 4 kg,Yok,"15,6 inç",Dahili Ekran Kartý,Onboard,10. Nesil,Intel Core i3,Windows 10 Home,1.2 GHz,1366 x 768,Yok,4 GB,DDR4,256 GB,256 GB,4 - 6 Saat,4 GHz,5.529 TL
906,Lenovo,5.0,2,"9,9",Notebook,3200 MHz,Var,1 - 2 kg,Yok,"15,6 inç",Dahili Ekran Kartý,Onboard,11.Nesil,Intel Core i7,Windows 10 Pro,4.7 GHz,1920 x 1080,Yok,20 GB,DDR4,Yok,512 GB,,2.8 GHz,18.999 TL
907,Lenovo,5.0,1,"9,1",Notebook,2933 MHz,Var,1 - 2 kg,Yok,"15,6 inç",Dahili Ekran Kartý,Onboard,11.Nesil,Intel Core i5,Windows 10 Home,4.2 GHz,1920 x 1080,Yok,36 GB,DDR4,Yok,1 TB,,2.4 GHz,16.374 TL
908,Lenovo,1.0,1,10,Notebook,3200 MHz,Var,2 - 4 kg,Yok,"15,6 inç",Harici Ekran Kartý,GDDR5,10. Nesil,Intel Core i7,Windows 10 Home,4.9 GHz,1920 x 1080,Yok,8 GB,DDR4,Belirtilmemiþ,512 GB,,1.80 GHz,14.998 TL
909,HP,4.5,225,"9,8",Notebook,2666 MHz,Var,1 - 2 kg,Yok,"15,6 inç",Dahili Ekran Kartý,Onboard,11.Nesil,Intel Core i3,Yok (Free Dos),4.1 GHz,1920 x 1080,Yok,4 GB,DDR4,Yok,256 GB,4 - 6 Saat,1.70 GHz,6.759 TL
910,MSI,,,9,Notebook,3200 MHz,Var,2 - 4 kg,Yok,"17,3 inç",Yüksek Seviye Harici Ekran Kartý,GDDR6,11.Nesil,Intel Core i7,Windows 10 Pro,4.6 GHz,1920 x 1080,Var,32 GB,DDR4,Yok,1 TB,,2.3 GHz,47.990 TL
911,Lenovo,,,"9,9",Notebook,4266 MHz,Var,1 - 2 kg,Yok,14 inç,Dahili Ekran Kartý,Onboard,11.Nesil,Intel Core i5,Windows 10 Pro,4.2 GHz,3840 x 2400,Var,32 GB,LPDDR4X,Yok,512 GB,,2.4 GHz,57.599 TL
912,Avita,,,"9,6",Notebook,Belirtilmemiþ,Var,1 - 2 kg,Yok,14 inç,Dahili Ekran Kartý,Onboard,Yok,Intel Celeron,Windows 10 Home,2.6 GHz,1920 x 1080,Yok,4 GB,LPDDR4,Yok,128 GB,4 - 6 Saat,1.1 GHz,4.099 TL
913,Lenovo,,,"9,9",Notebook,3200 MHz,Var,1 - 2 kg,Yok,14 inç,Harici Ekran Kartý,GDDR6,11.Nesil,Intel Core i7,Windows 11 Home,4.7 GHz,1920 x 1080,Var,48 GB,DDR4,Yok,500 GB,3 Saat ve Altý,2.8 GHz,34.750 TL
914,Lenovo,,,10,Notebook,2666 MHz,Var,1 - 2 kg,Yok,"15,6 inç",Dahili Ekran Kartý,Onboard,3.Nesil,AMD Ryzen 3,Yok (Free Dos),3.5 GHz,1920 x 1080,Yok,8 GB,DDR4,Yok,512 GB,4 - 6 Saat,2.6 GHz,8.409 TL
915,Lenovo,,,"9,9",Notebook,3200 MHz,Var,1 - 2 kg,Yok,14 inç,Harici Ekran Kartý,GDDR6,11.Nesil,Intel Core i7,Windows 11 Pro,4.7 GHz,1920 x 1080,Var,48 GB,DDR4,Yok,240 GB,3 Saat ve Altý,2.8 GHz,34.750 TL
916,Lenovo,,,"9,9",Notebook,2666 MHz,Var,2 kg ve Altý,Yok,"15,6 inç",Harici Ekran Kartý,GDDR5,10.Nesil,Intel Core i5,Windows 10 Pro,4.2 GHz,1920 x 1080,Yok,32 GB,DDR4,Yok,512 GB,3 Saat ve Altý,1.60 GHz,20.517 TL
917,Asus,,,9,Notebook,2666 MHz,Var,1 - 2 kg,Yok,"15,6 inç",Dahili Ekran Kartý,Onboard,10.Nesil,Intel Core i3,Windows 10 Home,3.4 GHz,1366 x 768,Yok,20 GB,DDR4,Yok,1 TB,4 - 6 Saat,1.2 GHz,32.999 TL
918,Lenovo,,,"9,9",Notebook,2666 MHz,Var,2 kg ve Altý,Yok,"15,6 inç",Dahili Ekran Kartý,Onboard,Ryzen,AMD Ryzen 5,Windows 11 Pro,4 GHz,1920 x 1080,Var,12 GB,DDR4,Yok,240 GB,3 Saat ve Altý,2.3 GHz,15.371 TL
919,HP,,,"9,9",Notebook,3200 MHz,Var,1 - 2 kg,Belirtilmemiþ,14 inç,Dahili Ekran Kartý,Belirtilmemiþ,11.Nesil,Intel Core i5,Windows 10 Pro,4.2 GHz,1920 x 1080,Belirtilmemiþ,8 GB,DDR4,Yok,256 GB,4 - 6 Saat,Belirtilmemiþ,16.599 TL
920,Lenovo,,,"9,9",Notebook,2400 MHz,Var,1 - 2 kg,Yok,"14,1 inç",Dahili Ekran Kartý,Onboard,Ryzen,AMD Ryzen 3,Windows 11 Home,3.5 GHz,1920 x 1080,Belirtilmemiþ,12 GB,DDR4,1 TB,512 GB,3 Saat ve Altý,3 GHz,9.735 TL
921,Lenovo,,,"9,9",Notebook,2666 MHz,Var,1 - 2 kg,Yok,14 inç,Dahili Ekran Kartý,Onboard,Ryzen,AMD Ryzen 3,Windows 10 Home,3.5 GHz,1920 x 1080,Yok,12 GB,DDR4,Yok,256 GB,,2.66 GHz,9.991 TL
922,Lenovo,,,"9,9",Notebook,2666 MHz,Var,2 kg ve Altý,Yok,"15,6 inç",Dahili Ekran Kartý,Onboard,Ryzen,AMD Ryzen 5,Windows 10 Home,4 GHz,1920 x 1080,Var,16 GB,DDR4,Yok,512 GB,3 Saat ve Altý,2.3 GHz,15.728 TL
923,Lenovo,,,"9,9",Notebook,2666 MHz,Var,2 kg ve Altý,Yok,"15,6 inç",Dahili Ekran Kartý,Onboard,Ryzen,AMD Ryzen 5,Windows 10 Pro,4 GHz,1920 x 1080,Var,12 GB,DDR4,Yok,1 TB,3 Saat ve Altý,2.3 GHz,17.635 TL
924,HP,,,"9,9",Notebook,2666 MHz,Var,2 - 4 kg,Yok,"15,6 inç",Dahili Ekran Kartý,Onboard,3.Nesil,AMD Ryzen 5,Yok (Free Dos),3.7 GHz,1920 x 1080,Yok,8 GB,DDR4,Yok,256 GB,,2.1 GHz,10.699 TL
925,Lenovo,,,"9,9",Notebook,2400 MHz,Var,1 - 2 kg,Yok,"14,1 inç",Dahili Ekran Kartý,Onboard,Ryzen,AMD Ryzen 3,Windows 11 Home,3.5 GHz,1920 x 1080,Belirtilmemiþ,4 GB,DDR4,1 TB,128 GB,3 Saat ve Altý,3 GHz,7.393 TL
926,Lenovo,,,"9,9",Notebook,4266 MHz,Var,2 kg ve Altý,Var,14 inç,Dahili Ekran Kartý,Belirtilmemiþ,11.Nesil,Intel Core i7,Windows 11 Home,4.7 GHz,1920 x 1200,Var,16 GB,DDR4,Yok,256 GB,4 - 6 Saat,2.80 GHz,46.090 TL
927,Lenovo,,,"9,8",Notebook,2400 MHz,Var,1 - 2 kg,Yok,"14,1 inç",Dahili Ekran Kartý,Onboard,Ryzen,AMD Ryzen 3,Windows 11 Pro,3.5 GHz,1920 x 1080,Belirtilmemiþ,4 GB,DDR4,1 TB,512 GB,3 Saat ve Altý,3 GHz,7.750 TL
928,Lenovo,,,"9,9",Notebook,3200 MHz,Var,1 - 2 kg,Yok,"15,6 inç",Harici Ekran Kartý,GDDR5,11.Nesil,Intel Core i7,Windows 11 Home,4.7 GHz,1920 x 1080,Yok,32 GB,DDR4,Yok,2 TB,,2.8 GHz,29.378 TL
929,Lenovo,,,"9,9",Notebook,3200 MHz,Var,1 - 2 kg,Yok,14 inç,Harici Ekran Kartý,GDDR5,11.Nesil,Intel Core i5,Windows 10 Pro,4.2 GHz,1920 x 1080,Yok,12 GB,DDR4,Yok,256 GB,3 Saat ve Altý,2.40 GHz,13.706 TL
930,Lenovo,,,"9,9",Notebook,3200 MHz,Var,2 kg ve Altý,Yok,"14,1 inç",Dahili Ekran Kartý,Onboard,11.Nesil,Intel Core i7,Yok (Free Dos),4.7 GHz,1920 x 1080,Yok,32 GB,DDR4,Yok,256 GB,3 Saat ve Altý,2.80 GHz,20.696 TL
931,Lenovo,,,"9,9",Notebook,2666 MHz,Var,2 kg ve Altý,Yok,"15,6 inç",Harici Ekran Kartý,GDDR5,10.Nesil,Intel Core i5,Windows 10 Pro,4.2 GHz,1920 x 1080,Yok,8 GB,DDR4,1 TB,512 GB,3 Saat ve Altý,1.60 GHz,20.384 TL
932,Lenovo,,,"9,9",Notebook,2400 MHz,Var,1 - 2 kg,Yok,"14,1 inç",Dahili Ekran Kartý,Onboard,Ryzen,AMD Ryzen 3,Windows 11 Pro,3.5 GHz,1920 x 1080,Belirtilmemiþ,20 GB,DDR4,1 TB,512 GB,3 Saat ve Altý,3 GHz,10.117 TL
933,Lenovo,,,"9,9",Notebook,3200 MHz,Var,1 - 2 kg,Yok,14 inç,Harici Ekran Kartý,GDDR6,11.Nesil,Intel Core i7,Windows 11 Home,4.7 GHz,1920 x 1080,Var,16 GB,DDR4,Yok,240 GB,3 Saat ve Altý,2.8 GHz,31.157 TL
934,Lenovo,,,"9,9",Notebook,3200 MHz,Var,1 - 2 kg,Yok,14 inç,Harici Ekran Kartý,GDDR5,11.Nesil,Intel Core i5,Windows 11 Home,4.2 GHz,1920 x 1080,Yok,12 GB,DDR4,Yok,1 TB,3 Saat ve Altý,2.40 GHz,14.605 TL
935,Lenovo,,,"9,9",Notebook,3200 MHz,Var,1 - 2 kg,Yok,14 inç,Harici Ekran Kartý,GDDR5,11.Nesil,Intel Core i5,Windows 11 Home,4.2 GHz,1920 x 1080,Yok,16 GB,DDR4,Yok,512 GB,3 Saat ve Altý,2.40 GHz,14.043 TL
936,Lenovo,,,"9,9",Notebook,2666 MHz,Var,1 - 2 kg,Yok,14 inç,Dahili Ekran Kartý,Onboard,Ryzen,AMD Ryzen 3,Windows 10 Home,3.5 GHz,1920 x 1080,Yok,12 GB,DDR4,1 TB,1 TB,,2.66 GHz,12.125 TL
937,Lenovo,,,"9,9",Notebook,3200 MHz,Var,1 - 2 kg,Yok,14 inç,Harici Ekran Kartý,GDDR6,11.Nesil,Intel Core i7,Windows 11 Home,4.7 GHz,1920 x 1080,Var,32 GB,DDR4,Yok,2 TB,3 Saat ve Altý,2.8 GHz,36.306 TL
938,Lenovo,,,"9,9",Notebook,3200 MHz,Var,1 - 2 kg,Yok,"15,6 inç",Harici Ekran Kartý,GDDR5,11.Nesil,Intel Core i7,Windows 11 Home,4.7 GHz,1920 x 1080,Yok,8 GB,DDR4,Yok,250 GB,,2.8 GHz,23.954 TL
939,Lenovo,,,"9,9",Notebook,2400 MHz,Var,1 - 2 kg,Yok,"14,1 inç",Dahili Ekran Kartý,Onboard,Ryzen,AMD Ryzen 3,Windows 11 Pro,3.5 GHz,1920 x 1080,Belirtilmemiþ,12 GB,DDR4,1 TB,512 GB,3 Saat ve Altý,3 GHz,8.999 TL
940,Lenovo,,,"9,9",Notebook,3200 MHz,Var,2 kg ve Altý,Yok,"14,1 inç",Dahili Ekran Kartý,Onboard,11.Nesil,Intel Core i7,Windows 10 Home,4.7 GHz,1920 x 1080,Yok,16 GB,DDR4,Yok,1 TB,3 Saat ve Altý,2.80 GHz,24.230 TL
941,Lenovo,,,"9,9",Notebook,2400 MHz,Var,1 - 2 kg,Yok,"14,1 inç",Dahili Ekran Kartý,Onboard,Ryzen,AMD Ryzen 3,Windows 11 Home,3.5 GHz,1920 x 1080,Belirtilmemiþ,8 GB,DDR4,1 TB,256 GB,3 Saat ve Altý,3 GHz,8.328 TL
942,Lenovo,,,"9,9",Notebook,2666 MHz,Var,2 kg ve Altý,Yok,"15,6 inç",Dahili Ekran Kartý,Onboard,Ryzen,AMD Ryzen 5,Windows 10 Pro,4 GHz,1920 x 1080,Var,40 GB,DDR4,Yok,1 TB,3 Saat ve Altý,2.3 GHz,19.303 TL
943,Lenovo,,,"9,9",Notebook,2400 MHz,Var,1 - 2 kg,Yok,"14,1 inç",Dahili Ekran Kartý,Onboard,Ryzen,AMD Ryzen 3,Windows 11 Home,3.5 GHz,1920 x 1080,Belirtilmemiþ,20 GB,DDR4,1 TB,512 GB,3 Saat ve Altý,3 GHz,10.050 TL
944,Lenovo,,,"9,9",Notebook,2666 MHz,Var,2 kg ve Altý,Yok,"15,6 inç",Dahili Ekran Kartý,Onboard,Ryzen,AMD Ryzen 5,Windows 10 Home,4 GHz,1920 x 1080,Var,16 GB,DDR4,Yok,256 GB,3 Saat ve Altý,2.3 GHz,15.133 TL
945,Lenovo,,,"9,9",Notebook,2400 MHz,Var,1 - 2 kg,Yok,"14,1 inç",Dahili Ekran Kartý,Onboard,Ryzen,AMD Ryzen 3,Windows 11 Home,3.5 GHz,1920 x 1080,Belirtilmemiþ,8 GB,DDR4,1 TB,1 TB,3 Saat ve Altý,3 GHz,10.117 TL
946,Lenovo,,,"9,9",Notebook,3200 MHz,Var,1 - 2 kg,Yok,"15,6 inç",Harici Ekran Kartý,GDDR5,11.Nesil,Intel Core i7,Windows 11 Pro,4.7 GHz,1920 x 1080,Yok,8 GB,DDR4,Yok,500 GB,,2.8 GHz,25.084 TL
947,Lenovo,,,"9,9",Notebook,3200 MHz,Var,1 - 2 kg,Yok,14 inç,Harici Ekran Kartý,GDDR5,11.Nesil,Intel Core i5,Windows 11 Home,4.2 GHz,1920 x 1080,Yok,8 GB,DDR4,Yok,1 TB,3 Saat ve Altý,2.40 GHz,14.268 TL
948,Lenovo,,,"9,9",Notebook,2666 MHz,Var,2 - 4 kg,Yok,14 inç,Dahili Ekran Kartý,Onboard,Ryzen,AMD Ryzen 3,Windows 10 Pro,3.5 GHz,1920 x 1080,Yok,12 GB,DDR4,1 TB,512 GB,3 Saat ve Altý,2.60 GHz,11.815 TL
949,Lenovo,,,"9,9",Notebook,2666 MHz,Var,2 kg ve Altý,Yok,"15,6 inç",Dahili Ekran Kartý,Onboard,Ryzen,AMD Ryzen 5,Windows 11 Home,4 GHz,1920 x 1080,Var,40 GB,DDR4,Yok,256 GB,3 Saat ve Altý,2.3 GHz,17.277 TL
950,Lenovo,,,"9,9",Notebook,2666 MHz,Var,2 - 4 kg,Yok,14 inç,Dahili Ekran Kartý,Onboard,Ryzen,AMD Ryzen 3,Yok (Free Dos),3.5 GHz,1920 x 1080,Yok,20 GB,DDR4,1 TB,256 GB,3 Saat ve Altý,2.60 GHz,9.307 TL
951,Dell,,,"9,8",Notebook,2933 MHz,Var,2 - 4 kg,Yok,"15,6 inç",Harici Ekran Kartý,Onboard,11.Nesil,Intel Core i7,Windows 10 Home,4.7 GHz,1920 x 1080,Yok,32 GB,DDR4,1 TB,32 GB,,2.80 GHz,24.906 TL
952,Lenovo,,,"9,8",Notebook,2666 MHz,Var,1 - 2 kg,Yok,14 inç,Dahili Ekran Kartý,Onboard,10.Nesil,Intel Core i5,Windows 10 Home,3.6 GHz,1920 x 1080,Yok,8 GB,DDR4,1 TB,256 GB,,1 GHz,11.127 TL
953,Lenovo,,,"9,8",Notebook,2666 MHz,Var,1 - 2 kg,Yok,14 inç,Dahili Ekran Kartý,Onboard,10.Nesil,Intel Core i5,Windows 10 Home,3.6 GHz,1920 x 1080,Yok,12 GB,DDR4,2 TB,1 TB,,1 GHz,13.105 TL
954,Lenovo,,,"9,8",Notebook,2666 MHz,Var,1 - 2 kg,Yok,14 inç,Dahili Ekran Kartý,Onboard,10.Nesil,Intel Core i5,Windows 10 Home,3.6 GHz,1920 x 1080,Yok,20 GB,DDR4,Yok,1 TB,,1 GHz,12.698 TL
955,Lenovo,,,"9,8",Notebook,2666 MHz,Var,1 - 2 kg,Yok,14 inç,Dahili Ekran Kartý,Onboard,10.Nesil,Intel Core i5,Windows 10 Home,3.6 GHz,1920 x 1080,Yok,8 GB,DDR4,2 TB,1 TB,,1 GHz,12.753 TL
956,Lenovo,,,"9,8",Notebook,2666 MHz,Var,1 - 2 kg,Yok,14 inç,Dahili Ekran Kartý,Onboard,10.Nesil,Intel Core i5,Windows 10 Home,3.6 GHz,1920 x 1080,Yok,12 GB,DDR4,1 TB,1 TB,,1 GHz,12.716 TL
957,Dell,,,"9,8",Notebook,2933 MHz,Var,2 - 4 kg,Yok,"15,6 inç",Harici Ekran Kartý,Onboard,11.Nesil,Intel Core i7,Yok (Free Dos),4.7 GHz,1920 x 1080,Yok,8 GB,DDR4,2 TB,8 GB,,2.80 GHz,20.532 TL
958,Dell,,,"9,8",Notebook,2933 MHz,Var,2 - 4 kg,Yok,"15,6 inç",Harici Ekran Kartý,Onboard,11.Nesil,Intel Core i7,Windows 10 Pro,4.7 GHz,1920 x 1080,Yok,8 GB,DDR4,2 TB,8 GB,,2.80 GHz,22.496 TL
959,Dell,,,"9,8",Notebook,2933 MHz,Var,2 - 4 kg,Yok,"15,6 inç",Harici Ekran Kartý,Onboard,11.Nesil,Intel Core i7,Windows 10 Pro,4.7 GHz,1920 x 1080,Yok,32 GB,DDR4,Yok,32 GB,,2.80 GHz,27.775 TL
960,Dell,,,"9,8",Notebook,2933 MHz,Var,2 - 4 kg,Yok,"15,6 inç",Harici Ekran Kartý,Onboard,11.Nesil,Intel Core i7,Yok (Free Dos),4.7 GHz,1920 x 1080,Yok,8 GB,DDR4,Yok,8 GB,,2.80 GHz,19.178 TL
961,Dell,,,"9,8",Notebook,2933 MHz,Var,2 - 4 kg,Yok,"15,6 inç",Harici Ekran Kartý,Onboard,11.Nesil,Intel Core i7,Windows 10 Pro,4.7 GHz,1920 x 1080,Yok,32 GB,DDR4,2 TB,32 GB,,2.80 GHz,24.561 TL
962,Dell,,,"9,8",Notebook,2933 MHz,Var,2 - 4 kg,Yok,"15,6 inç",Harici Ekran Kartý,Onboard,11.Nesil,Intel Core i7,Windows 10 Pro,4.7 GHz,1920 x 1080,Yok,16 GB,DDR4,2 TB,16 GB,,2.80 GHz,24.332 TL
963,Dell,,,"9,8",Notebook,2933 MHz,Var,2 - 4 kg,Yok,"15,6 inç",Harici Ekran Kartý,Onboard,11.Nesil,Intel Core i7,Windows 10 Home,4.7 GHz,1920 x 1080,Yok,32 GB,DDR4,1 TB,32 GB,,2.80 GHz,23.758 TL
964,Dell,,,"9,8",Notebook,2933 MHz,Var,2 - 4 kg,Yok,"15,6 inç",Harici Ekran Kartý,Onboard,11.Nesil,Intel Core i7,Yok (Free Dos),4.7 GHz,1920 x 1080,Yok,16 GB,DDR4,Yok,16 GB,,2.80 GHz,20.306 TL
965,Dell,,,"9,8",Notebook,2933 MHz,Var,2 - 4 kg,Yok,"15,6 inç",Harici Ekran Kartý,Onboard,11.Nesil,Intel Core i7,Yok (Free Dos),4.7 GHz,1920 x 1080,Yok,64 GB,DDR4,2 TB,64 GB,,2.80 GHz,28.654 TL
966,Dell,,,"9,8",Notebook,2933 MHz,Var,2 - 4 kg,Yok,"15,6 inç",Harici Ekran Kartý,Onboard,11.Nesil,Intel Core i7,Windows 10 Pro,4.7 GHz,1920 x 1080,Yok,16 GB,DDR4,1 TB,16 GB,,2.80 GHz,23.873 TL
967,Lenovo,,,"9,9",Notebook,3200 MHz,Var,1 - 2 kg,Yok,14 inç,Harici Ekran Kartý,GDDR5,11.Nesil,Intel Core i5,Windows 11 Home,4.2 GHz,1920 x 1080,Var,32 GB,DDR4,Yok,512 GB,3 Saat ve Altý,2.4 GHz,20.767 TL
968,Lenovo,,,"9,9",Notebook,3200 MHz,Var,2 kg ve Altý,Yok,14 inç,Harici Ekran Kartý,GDDR5,11.Nesil,Intel Core i5,Windows 10 Home,4.2 GHz,1920 x 1080,Var,32 GB,DDR4,Yok,1 TB,,2.4 GHz,22.134 TL
969,Lenovo,,,"9,9",Notebook,3200 MHz,Var,2 kg ve Altý,Yok,14 inç,Harici Ekran Kartý,GDDR5,11.Nesil,Intel Core i5,Windows 10 Pro,4.2 GHz,1920 x 1080,Var,16 GB,DDR4,Yok,512 GB,,2.4 GHz,19.855 TL
970,Lenovo,,,"9,9",Notebook,3200 MHz,Var,1 - 2 kg,Yok,14 inç,Harici Ekran Kartý,GDDR5,11.Nesil,Intel Core i5,Windows 11 Home,4.2 GHz,1920 x 1080,Var,8 GB,DDR4,Yok,240 GB,3 Saat ve Altý,2.4 GHz,18.031 TL
971,Lenovo,,,"9,9",Notebook,3200 MHz,Var,2 kg ve Altý,Yok,14 inç,Harici Ekran Kartý,GDDR5,11.Nesil,Intel Core i5,Windows 10 Home,4.2 GHz,1920 x 1080,Var,32 GB,DDR4,Yok,1 TB,,2.4 GHz,21.451 TL
972,Lenovo,,,"9,9",Notebook,3200 MHz,Var,2 kg ve Altý,Yok,14 inç,Harici Ekran Kartý,GDDR5,11.Nesil,Intel Core i5,Windows 10 Pro,4.2 GHz,1920 x 1080,Var,16 GB,DDR4,Yok,1 TB,,2.4 GHz,22.020 TL
973,Lenovo,,,"9,9",Notebook,3200 MHz,Var,1 - 2 kg,Yok,14 inç,Harici Ekran Kartý,GDDR5,11.Nesil,Intel Core i5,Windows 11 Home,4.2 GHz,1920 x 1080,Var,16 GB,DDR4,Yok,1 TB,3 Saat ve Altý,2.4 GHz,20.197 TL
974,Lenovo,,,"9,9",Notebook,3200 MHz,Var,1 - 2 kg,Yok,14 inç,Harici Ekran Kartý,GDDR5,11.Nesil,Intel Core i5,Windows 11 Home,4.2 GHz,1920 x 1080,Var,32 GB,DDR4,Yok,1 TB,3 Saat ve Altý,2.4 GHz,21.565 TL
975,Lenovo,,,"9,9",Notebook,2666 MHz,Var,2 kg ve Altý,Yok,"15,6 inç",Dahili Ekran Kartý,Onboard,10.Nesil,Intel Core i5,Yok (Free Dos),3.6 GHz,1920 x 1080,Var,16 GB,DDR4,Yok,1 TB,3 Saat ve Altý,1 GHz,15.632 TL
976,Lenovo,,,"9,9",Notebook,2666 MHz,Var,2 kg ve Altý,Yok,"15,6 inç",Dahili Ekran Kartý,Onboard,10.Nesil,Intel Core i5,Yok (Free Dos),3.6 GHz,1920 x 1080,Var,12 GB,DDR4,Yok,250 GB,3 Saat ve Altý,1 GHz,13.858 TL
977,Lenovo,,,"9,9",Notebook,2666 MHz,Var,2 kg ve Altý,Yok,"15,6 inç",Dahili Ekran Kartý,Onboard,10.Nesil,Intel Core i5,Yok (Free Dos),3.6 GHz,1920 x 1080,Var,8 GB,DDR4,Yok,500 GB,3 Saat ve Altý,1 GHz,14.080 TL
978,Lenovo,,,"9,4",Notebook,2400 MHz,Var,2 kg ve Altý,Yok,"15,6 inç",Dahili Ekran Kartý,Onboard,10.Nesil,Intel Core i5,Windows 10 Pro,,1920 x 1080,Var,8 GB,DDR4,Yok,512 GB,,1.60 GHz,23.979 TL
979,Lenovo,,,"9,4",Notebook,2666 MHz,Var,2 - 4 kg,Yok,"15,6 inç",Harici Ekran Kartý,GDDR5,10.Nesil,Intel Core i5,Windows 10 Pro,4.2 GHz,1920 x 1080,Var,16 GB,DDR4,Yok,1 TB,4 - 6 Saat,1.6 GHz,27.709 TL
980,Lenovo,,,"9,8",Oyun Bilgisayarlarý,3200 MHz,Var,2 - 4 kg,Yok,"15,6 inç",Yüksek Seviye Harici Ekran Kartý,GDDR6,Ryzen,AMD Ryzen 7,Windows 10 Home,4.4 GHz,1920 x 1080,Yok,16 GB,DDR4,Yok,512 GB,,3.2 GHz,20.460 TL
981,Lenovo,,,"9,8",Oyun Bilgisayarlarý,3200 MHz,Var,2 - 4 kg,Yok,"15,6 inç",Yüksek Seviye Harici Ekran Kartý,GDDR6,Ryzen,AMD Ryzen 7,Windows 10 Pro,4.4 GHz,1920 x 1080,Yok,16 GB,DDR4,1 TB,512 GB,,3.2 GHz,21.468 TL
982,Lenovo,,,"9,8",Oyun Bilgisayarlarý,3200 MHz,Var,2 - 4 kg,Yok,"15,6 inç",Yüksek Seviye Harici Ekran Kartý,GDDR6,Ryzen,AMD Ryzen 7,Windows 10 Pro (Ýngilizce),4.4 GHz,1920 x 1080,Yok,16 GB,DDR4,2 TB,512 GB,,3.2 GHz,21.972 TL
983,Lenovo,,,"9,8",Oyun Bilgisayarlarý,3200 MHz,Var,2 - 4 kg,Yok,"15,6 inç",Yüksek Seviye Harici Ekran Kartý,GDDR6,Ryzen,AMD Ryzen 7,Windows 10 Pro,4.4 GHz,1920 x 1080,Yok,16 GB,DDR4,2 TB,256 GB,,3.2 GHz,21.468 TL
984,Asus,,,"9,8",Notebook,2666 MHz,Var,1 - 2 kg,Yok,"15,6 inç",Dahili Ekran Kartý,Onboard,10. Nesil,Intel Core i7,Windows 10 Home,3.9 GHz,1920 x 1080,Yok,24 GB,DDR4,Yok,1 TB,,1.3 GHz,15.004 TL
985,HP,,,"9,9",Notebook,2666 MHz,Var,2 kg ve Altý,Yok,"15,6 inç",Dahili Ekran Kartý,Onboard,11.Nesil,Intel Core i5,Windows 10 Pro,4.2 GHz,1920 x 1080,Yok,8 GB,DDR4,Yok,256 GB,,2.4 GHz,15.799 TL
986,Lenovo,,,"9,8",Notebook,2666 MHz,Var,1 - 2 kg,Yok,14 inç,Dahili Ekran Kartý,Onboard,10.Nesil,Intel Core i7,Yok (Free Dos),4.9 GHz,1920 x 1080,Var,16 GB,DDR4,Yok,1 TB,6 Saat ve Üstü,1.8 GHz,20.999 TL
987,Lenovo,,,"9,8",Notebook,3200 MHz,Var,1 - 2 kg,Yok,"15,6 inç",Dahili Ekran Kartý,Onboard,Ryzen,AMD Ryzen 5,Yok (Free Dos),4.0 GHz,1920 x 1080,Var,8 GB,DDR4,Yok,1 TB,,2.1 GHz,14.899 TL
988,Dell,,,10,Notebook,3200 MHz,Var,2 kg ve Altý,Yok,"15,6 inç",Harici Ekran Kartý,GDDR6,11.Nesil,Intel Core i7,Windows 10 Pro,4.6 GHz,1920 x 1080,Yok,32 GB,DDR4,Yok,512 GB,,2.3 GHz,44.160 TL
989,Exa,,,,Notebook,2666 MHz,Var,2 kg ve Altý,Yok,14 inç,Dahili Ekran Kartý,Onboard,10.Nesil,Intel Core i5,Yok (Free Dos),4.2 GHz,1920 x 1080,Yok,8 GB,DDR4,Yok,256 GB,6 Saat ve Üstü,1.6 GHz,16.315 TL
990,Lenovo,,,10,Notebook,2666 MHz,Var,2 - 4 kg,Yok,"15,6 inç",Dahili Ekran Kartý,Onboard,Ryzen,AMD Ryzen 5,Yok (Free Dos),4 GHz,1920 x 1080,Var,40 GB,DDR4,512 GB,1 TB,,2.1 GHz,18.298 TL
991,Lenovo,,,10,Notebook,2666 MHz,Var,2 - 4 kg,Yok,"15,6 inç",Dahili Ekran Kartý,Onboard,Ryzen,AMD Ryzen 5,Windows 10 Pro,4 GHz,1920 x 1080,Var,24 GB,DDR4,Yok,512 GB,,2.1 GHz,17.998 TL
992,Dell,,,10,Notebook,2666 MHz,Var,1 - 2 kg,Yok,"15,6 inç",Dahili Ekran Kartý,Onboard,11.Nesil,Intel Core i5,Yok (Free Dos),4.2 GHz,1920 x 1080,Yok,32 GB,DDR4,Yok,1 TB,,2.4 GHz,19.068 TL
993,Lenovo,,,10,Notebook,2666 MHz,Var,2 kg ve Altý,Yok,"15,6 inç",Dahili Ekran Kartý,Onboard,11.Nesil,Intel Core i5,Windows 10 Home,4.2 GHz,1920 x 1080,Yok,36 GB,DDR4,Yok,1 TB,,2.4 GHz,14.498 TL
994,Lenovo,,,10,Notebook,2666 MHz,Var,2 kg ve Altý,Yok,"15,6 inç",Dahili Ekran Kartý,Onboard,11.Nesil,Intel Core i5,Windows 10 Home,4.2 GHz,1920 x 1080,Yok,20 GB,DDR4,Yok,512 GB,,2.4 GHz,12.398 TL
995,Lenovo,,,"9,9",Notebook,2666 MHz,Var,2 kg ve Altý,Yok,"15,6 inç",Harici Ekran Kartý,GDDR5,11.Nesil,Intel Core i7,Windows 11 Home,4.7 GHz,1920 x 1080,Yok,8 GB,DDR4,Yok,1 TB,3 Saat ve Altý,2.80 GHz,24.379 TL
996,Lenovo,,,"9,9",Notebook,2666 MHz,Var,2 kg ve Altý,Yok,"15,6 inç",Harici Ekran Kartý,GDDR5,11.Nesil,Intel Core i7,Windows 10 Pro,4.7 GHz,1920 x 1080,Yok,16 GB,DDR4,Yok,1 TB,3 Saat ve Altý,2.80 GHz,26.420 TL
997,Lenovo,,,"9,9",Notebook,2666 MHz,Var,2 kg ve Altý,Yok,"15,6 inç",Harici Ekran Kartý,GDDR5,11.Nesil,Intel Core i7,Windows 11 Home,4.7 GHz,1920 x 1080,Yok,8 GB,DDR4,Yok,512 GB,3 Saat ve Altý,2.80 GHz,23.418 TL
998,Lenovo,,,"9,9",Notebook,2666 MHz,Var,2 kg ve Altý,Yok,"15,6 inç",Harici Ekran Kartý,GDDR5,11.Nesil,Intel Core i7,Yok (Free Dos),4.7 GHz,1920 x 1080,Yok,8 GB,DDR4,Yok,2 TB,3 Saat ve Altý,2.80 GHz,24.389 TL
999,Lenovo,,,"9,9",Notebook,2666 MHz,Var,2 kg ve Altý,Yok,"15,6 inç",Harici Ekran Kartý,GDDR5,11.Nesil,Intel Core i7,Yok (Free Dos),4.7 GHz,1920 x 1080,Yok,32 GB,DDR4,Yok,2 TB,3 Saat ve Altý,2.80 GHz,26.460 TL
1000,HP,,,"9,9",Notebook,3200 MHz,Var,1 - 2 kg,Yok,"15,6 inç",Dahili Ekran Kartý,Onboard,Ryzen,AMD Ryzen 7,Windows 10 Home,4.3 GHz,1920 x 1080,Yok,16 GB,DDR4,Yok,512 GB,4 - 6 Saat,1.8 GHz,13.334 TL
1001,Asus,,,"9,8",Oyun Bilgisayarlarý,2933 MHz,Var,2 - 4 kg,Yok,"15,6 inç",Yüksek Seviye Harici Ekran Kartý,GDDR6,10.Nesil,Intel Core i5,Windows 10 Home,4.5 GHz,1920 x 1080,Yok,8 GB,DDR4,Yok,512 GB,,2.50 GHz,14.385 TL
1002,Asus,,,10,Notebook,2666 MHz,Var,2 kg ve Altý,Yok,"15,6 inç",Dahili Ekran Kartý,Onboard,10. Nesil,Intel Core i5,Windows 11 Home,3.6 GHz,1920 x 1080,Yok,16 GB,DDR4,Yok,256 GB,,1 GHz,11.548 TL
1003,Lenovo,,,"9,8",Oyun Bilgisayarlarý,2933 MHz,Var,2 kg ve Altý,Yok,"15,6 inç",Harici Ekran Kartý,GDDR5,10.Nesil,Intel Core i5,Windows 10 Home,4.5 GHz,1920 x 1080,Yok,32 GB,DDR4,2 TB,512 GB,,2.5 GHz,17.725 TL
1004,Lenovo,,,"9,9",Notebook,2666 MHz,Var,2 kg ve Altý,Yok,14 inç,Dahili Ekran Kartý,Onboard,Ryzen,AMD Ryzen 3,Windows 11 Pro,3.5 GHz,1920 x 1080,Yok,12 GB,DDR4,Yok,512 GB,3 Saat ve Altý,2.6 GHz,9.615 TL
1005,HP,4.0,1,"9,8",Notebook,2666 MHz,Var,2 - 4 kg,Yok,"15,6 inç",Harici Ekran Kartý,GDDR5,11.Nesil,Intel Core i5,Windows 10 Pro,4.2 GHz,1920 x 1080,Yok,8 GB,DDR4,Yok,512 GB,,2.4 GHz,15.000 TL
1006,Lenovo,,,"9,9",Notebook,2400 MHz,Var,2 kg ve Altý,Yok,14 inç,Dahili Ekran Kartý,Onboard,10.Nesil,AMD Athlon Gold,Yok (Free Dos),3.3 GHz,1366 x 768,Yok,4 GB,DDR4,Yok,256 GB,3 Saat ve Altý,2.4 GHz,6.989 TL
1007,Asus,,,"9,7",Oyun Bilgisayarlarý,2666 MHz,Var,2 - 4 kg,Yok,"15,6 inç",Harici Ekran Kartý,GDDR6,10.Nesil,Intel Core i7,Yok (Free Dos),5 GHz,1920 x 1080,Yok,24 GB,DDR4,Yok,512 GB,,2.6 GHz,22.499 TL
1008,Dell,,,"9,4",Notebook,3200 MHz,Var,1 - 2 kg,Yok,"15,6 inç",Dahili Ekran Kartý,Onboard,Ryzen,AMD Ryzen 5,Windows 10 Home,4.0 GHz,1920 x 1080,Var,8 GB,DDR4,Yok,2 TB,,2.1 GHz,23.489 TL
1009,Dell,,,10,Notebook,2666 MHz,Var,2 kg ve Altý,Yok,14 inç,Harici Ekran Kartý,GDDR5,11.Nesil,Intel Core i5,Windows 10 Pro,4.2 GHz,1920 x 1080,Yok,8 GB,DDR4,Yok,512 GB,,2.4 GHz,14.458 TL
1010,Dell,,,"9,4",Notebook,3200 MHz,Var,1 - 2 kg,Yok,"15,6 inç",Dahili Ekran Kartý,Onboard,Ryzen,AMD Ryzen 5,Windows 10 Home,4.0 GHz,1920 x 1080,Var,32 GB,DDR4,Yok,1 TB,,2.1 GHz,24.219 TL
1011,Dell,,,"9,4",Notebook,3200 MHz,Var,1 - 2 kg,Yok,"15,6 inç",Dahili Ekran Kartý,Onboard,Ryzen,AMD Ryzen 5,Windows 10 Pro,4.0 GHz,1920 x 1080,Var,16 GB,DDR4,Yok,2 TB,,2.1 GHz,25.889 TL
1012,Asus,4.2,5,"9,7",Oyun Bilgisayarlarý,2133 MHz,Var,2 - 4 kg,Yok,"15,6 inç",Yüksek Seviye Harici Ekran Kartý,GDDR6,10.Nesil,Intel Core i7,Linux,4.9 GHz,1920 x 1080,Yok,8 GB,DDR4,Yok,512 GB,,2.60 GHz,22.499 TL
1013,Dell,,,"9,6",Notebook,2666 MHz,Var,2 kg ve Altý,Yok,14 inç,Harici Ekran Kartý,GDDR5,11.Nesil,Intel Core i5,Windows 10 Pro,4.2 GHz,1920 x 1080,Yok,32 GB,DDR4,Yok,512 GB,,2.4 GHz,17.040 TL
1014,Dell,,,"9,4",Notebook,3200 MHz,Var,1 - 2 kg,Yok,"15,6 inç",Dahili Ekran Kartý,Onboard,Ryzen,AMD Ryzen 5,Windows 10 Pro,4.0 GHz,1920 x 1080,Var,8 GB,DDR4,Yok,512 GB,,2.1 GHz,22.019 TL
1015,Lenovo,,,"9,9",Notebook,3200 MHz,Var,1 - 2 kg,Yok,14 inç,Harici Ekran Kartý,GDDR5,11.Nesil,Intel Core i5,Yok (Free Dos),4.2 GHz,1920 x 1080,Yok,12 GB,DDR4,Yok,256 GB,3 Saat ve Altý,2.40 GHz,10.922 TL
1016,Dell,,,10,Notebook,2666 MHz,Var,Belirtilmemiþ,Yok,"15,6 inç",Dahili Ekran Kartý,Onboard,11.Nesil,Intel Core i5,Yok (Free Dos),4.2 GHz,1920 x 1080,Yok,64 GB,DDR4,Yok,512 GB,,2.4 GHz,18.699 TL
1017,Lenovo,,,"9,9",,2666 MHz,Var,2 - 4 kg,Yok,"15,6 inç",Dahili Ekran Kartý,GDDR4,10.Nesil,Intel Core i5,Windows 10 Pro  Windows 10 Pro  Windows 10 Pro  Windows 10 Pro  Windows 10 Pro  Windows 10 Pro Windows 10 Pro Windows 10 Pro Windows 10 ProWindows 10 Pro,,,,,,1TB,,,,16.635 TL
1018,Asus,5.0,1,"9,9",Notebook,2400 MHz,Var,1 - 2 kg,Yok,"15,6 inç",Harici Ekran Kartý,GDDR6,10.Nesil,Intel Core i5,Yok (Free Dos),3.6 GHz,1366 x 768,Yok,4 GB,DDR4,Yok,256 GB,3 Saat ve Altý,1 GHz,9.695 TL
1019,Dell,,,10,Notebook,2666 MHz,Var,Belirtilmemiþ,Yok,"15,6 inç",Dahili Ekran Kartý,Onboard,11.Nesil,Intel Core i5,Yok (Free Dos),4.2 GHz,1920 x 1080,Yok,32 GB,DDR4,1 TB,256 GB,,2.4 GHz,15.849 TL
1020,Asus,,,"9,9",Notebook,2666 MHz,Var,2 - 4 kg,Yok,"15,6 inç",Yüksek Seviye Harici Ekran Kartý,GDDR6,11.Nesil,Intel Core i7,Yok (Free Dos),5 GHz,1920 x 1080,Yok,16 GB,DDR4,Yok,1 TB,,2.2 GHz,23.226 TL
1021,HP,5.0,1,"9,9",Notebook,3200 MHz,Var,2 - 4 kg,Yok,"15,6 inç",Dahili Ekran Kartý,Onboard,10. Nesil,Intel Core i3,Windows 10 Home,4.1 GHz,1366 x 768,Yok,8 GB,DDR4,Yok,256 GB,4 - 6 Saat,2.1 GHz,7.599 TL
1022,Dell,,,"9,6",Notebook,3200 MHz,Var,2 kg ve Altý,Yok,"15,6 inç",Dahili Ekran Kartý,Onboard,11.Nesil,Intel Core i7,Windows 10 Pro,4.7 GHz,1920 x 1080,Yok,16 GB,DDR4,Yok,512 GB,,2.8 GHz,22.895 TL
1023,Dell,5.0,1,10,Notebook,2666 MHz,Var,1 - 2 kg,Yok,"15,6 inç",Dahili Ekran Kartý,Onboard,11.Nesil,Intel Core i5,Yok (Free Dos),4.2 GHz,1920 x 1080,Yok,16 GB,DDR4,Yok,512 GB,,2.4 GHz,16.399 TL
1024,Lenovo,,,"9,8",Notebook,3200 MHz,Var,1 - 2 kg,Yok,"15,6 inç",Harici Ekran Kartý,GDDR5,11.Nesil,Intel Core i5,Windows 11 Pro,4.2 GHz,1920 x 1080,Var,8 GB,DDR4,Yok,512 GB,,2.40 GHz,21.299 TL
1025,Dell,,,"9,6",Notebook,2666 MHz,Var,1 - 2 kg,Yok,"15,6 inç",Dahili Ekran Kartý,GDDR5,11.Nesil,Intel Core i3,Windows 10 Home,4.1 GHz,1366 x 768,Yok,16 GB,DDR4,Yok,512 GB,,1.7 GHz,10.060 TL
1026,Dell,,,"9,6",Notebook,2666 MHz,Var,1 - 2 kg,Yok,"15,6 inç",Dahili Ekran Kartý,Onboard,11.Nesil,Intel Core i3,Windows 10 Pro,4.1 GHz,1920 x 1080,Yok,16 GB,DDR4,Yok,1 TB,,1.7 GHz,11.960 TL
1027,Dell,,,10,Notebook,2666 MHz,Var,2 - 4 kg,Yok,"15,6 inç",Dahili Ekran Kartý,Onboard,11.Nesil,Intel Core i5,Yok (Free Dos),4.4 GHz,1920 x 1080,Yok,16 GB,DDR4,1 TB,512 GB,,2.4 GHz,14.999 TL
1028,Dell,,,10,Notebook,2666 MHz,Var,2 - 4 kg,Yok,"15,6 inç",Dahili Ekran Kartý,Onboard,Ryzen,AMD Ryzen 7,Yok (Free Dos),4 GHz,1920 x 1080,Yok,8 GB,DDR4,1 TB,1 TB,,2.30 GHz,14.899 TL
1029,Dell,5.0,1,10,Notebook,2666 MHz,Var,2 kg ve Altý,Yok,"15,6 inç",Harici Ekran Kartý,GDDR5,11.Nesil,Intel Core i7,Yok (Free Dos),4.7 GHz,1920 x 1080,Yok,64 GB,DDR4,Yok,1 TB,,2.8 GHz,27.899 TL
1030,Lenovo,4.0,1,"9,9",Notebook,3200 MHz,Var,1 - 2 kg,Yok,14 inç,Dahili Ekran Kartý,Onboard,11.Nesil,Intel Core i5,Windows 10 Pro,4.2 GHz,1920 x 1080,Yok,20 GB,DDR4,Yok,512 GB,3 Saat ve Altý,2.4 GHz,12.899 TL
1031,HP,4.9,19,,Notebook,3200 MHz,Var,1 - 2 kg,Yok,14 inç,Harici Ekran Kartý,GDDR5,11.Nesil,Intel Core i5,Windows 10 Home,4.2 GHz,1920 x 1080,Yok,8 GB,DDR4,Yok,256 GB,6 Saat ve Üstü,2.4 GHz,12.564 TL
1032,Asus,,,9,Oyun Bilgisayarlarý,3200 MHz,Var,2 - 4 kg,Yok,"15,6 inç",Yüksek Seviye Harici Ekran Kartý,GDDR6,11.Nesil,Intel Core i7,Yok (Free Dos),4.8 GHz,1920 x 1080,Yok,16 GB,DDR4,Yok,2 TB,,3.3 GHz,33.999 TL
1033,Asus,,,"9,9",Notebook,2666 MHz,Var,1 - 2 kg,Yok,"15,6 inç",Dahili Ekran Kartý,Onboard,10. Nesil,Intel Core i7,Windows 10 Home,3.9 GHz,1920 x 1080,Yok,40 GB,DDR4,Yok,512 GB,,1.3 GHz,15.299 TL
1034,HP,,,"9,6",Notebook,2666 MHz,Var,1 - 2 kg,Yok,"15,6 inç",Dahili Ekran Kartý,Onboard,11.Nesil,Intel Core i7,Windows 10 Home,4.7 GHz,1920 x 1080,Yok,16 GB,DDR4,Yok,512 GB,3 Saat ve Altý,2.8 GHz,19.499 TL
1035,Lenovo,,,"9,9",Notebook,3200 MHz,Var,2 kg ve Altý,Yok,"15,6 inç",Dahili Ekran Kartý,Onboard,Ryzen,AMD Ryzen 7,Windows 10 Home,4.3 GHz,1920 x 1080,Var,16 GB,DDR4,Yok,256 GB,3 Saat ve Altý,1.80 GHz,17.025 TL
1036,Lenovo,,,"9,9",Notebook,3200 MHz,Var,2 kg ve Altý,Yok,"15,6 inç",Dahili Ekran Kartý,Onboard,Ryzen,AMD Ryzen 7,Yok (Free Dos),4.3 GHz,1920 x 1080,Var,8 GB,DDR4,Yok,1 TB,3 Saat ve Altý,1.80 GHz,16.947 TL
1037,Lenovo,,,"9,9",Notebook,3200 MHz,Var,2 kg ve Altý,Yok,"15,6 inç",Dahili Ekran Kartý,Onboard,Ryzen,AMD Ryzen 7,Yok (Free Dos),4.3 GHz,1920 x 1080,Var,16 GB,DDR4,Yok,512 GB,3 Saat ve Altý,1.80 GHz,16.483 TL
1038,Lenovo,,,"9,8",Notebook,3200 MHz,Var,1 - 2 kg,Yok,"15,6 inç",Dahili Ekran Kartý,Onboard,11.Nesil,Intel Core i5,Windows 11 Home,4.2 GHz,1920 x 1080,Yok,8 GB,DDR4,Yok,512 GB,3 Saat ve Altý,2.40 GHz,11.750 TL
1039,Lenovo,,,"9,9",Notebook,3200 MHz,Var,2 kg ve Altý,Yok,"15,6 inç",Dahili Ekran Kartý,Onboard,Ryzen,AMD Ryzen 7,Yok (Free Dos),4.3 GHz,1920 x 1080,Var,8 GB,DDR4,Yok,256 GB,3 Saat ve Altý,1.80 GHz,15.290 TL
1040,Lenovo,,,"9,9",Notebook,3200 MHz,Var,2 kg ve Altý,Yok,"15,6 inç",Dahili Ekran Kartý,Onboard,Ryzen,AMD Ryzen 7,Windows 10 Home,4.3 GHz,1920 x 1080,Var,24 GB,DDR4,Yok,256 GB,3 Saat ve Altý,1.80 GHz,17.676 TL
1041,Lenovo,5.0,2,"9,9",Ýkisi Bir Arada,3200 MHz,Var,1 - 2 kg,Yok,"15,6 inç",Dahili Ekran Kartý,Onboard,Ryzen,AMD Ryzen 7,Yok (Free Dos),4.3 GHz,1920 x 1080,Belirtilmemiþ,16 GB,DDR4,Yok,1 TB,,1.8 GHz,17.351 TL
1042,HP,,,10,Notebook,3200 MHz,Var,2 kg ve Altý,Yok,"13,3 inç",Dahili Ekran Kartý,Onboard,11.Nesil,Intel Core i7,Windows 10 Pro,4.7 GHz,1920 x 1080,Var,8 GB,DDR4,Yok,1 TB,,2.8 GHz,21.698 TL
1043,Lenovo,,,"9,9",Notebook,3200 MHz,Var,2 kg ve Altý,Yok,"15,6 inç",Dahili Ekran Kartý,Onboard,Ryzen,AMD Ryzen 7,Windows 10 Pro,4.3 GHz,1920 x 1080,Var,24 GB,DDR4,Yok,1 TB,3 Saat ve Altý,1.80 GHz,19.894 TL
1044,HP,,,10,Notebook,3200 MHz,Var,2 kg ve Altý,Yok,"13,3 inç",Dahili Ekran Kartý,Onboard,11.Nesil,Intel Core i5,Windows 10 Pro,4.2 GHz,1920 x 1080,Var,8 GB,DDR4,Yok,256 GB,,2.4 GHz,18.398 TL
1045,HP,,,"9,7",Notebook,2666 MHz,Var,1 - 2 kg,Yok,"15,6 inç",Harici Ekran Kartý,GDDR4,10. Nesil,Intel Core i5,Yok (Free Dos),2.4 GHz,1920 x 1080,Yok,8 GB,DDR4,Yok,256 GB,4 - 6 Saat,2.4 GHz,13.414 TL
1046,HP,,,10,Notebook,3200 MHz,Var,2 kg ve Altý,Yok,"13,3 inç",Dahili Ekran Kartý,Onboard,11.Nesil,Intel Core i5,Windows 10 Pro,4.2 GHz,1920 x 1080,Var,8 GB,DDR4,Yok,256 GB,,2.4 GHz,19.898 TL
1047,HP,,,10,Notebook,3200 MHz,Var,2 kg ve Altý,Yok,"13,3 inç",Dahili Ekran Kartý,Onboard,11.Nesil,Intel Core i5,Windows 10 Pro,4.2 GHz,1920 x 1080,Var,8 GB,DDR4,Yok,256 GB,,2.4 GHz,19.198 TL
1048,Asus,,,"9,6",Notebook,Belirtilmemiþ,Var,1 - 2 kg,Yok,"15,6 inç",Dahili Ekran Kartý,Onboard,10. Nesil,Intel Core i3,Yok (Free Dos),4.1 GHz,1920 x 1080,Yok,16 GB,DDR4,Yok,256 GB,,2.1 GHz,7.371 TL
1049,Lenovo,,,10,Notebook,3200 MHz,Var,2 kg ve Altý,Var,14 inç,Dahili Ekran Kartý,Onboard,11.Nesil,Intel Core i5,Yok (Free Dos),4.2 GHz,1920 x 1080,Var,8 GB,DDR4,Yok,256 GB,3 Saat ve Altý,2.40 GHz,18.100 TL
1050,Fujitsu,,,"9,8",Notebook,3200 MHz,Var,2 - 4 kg,Yok,"15,6 inç",Dahili Ekran Kartý,Onboard,10.Nesil,Intel Core i5,Windows 10 Home,3.6 GHz,1920 x 1080,Yok,12 GB,DDR4,Yok,256 GB,,1 GHz,9.847 TL
1051,Fujitsu,,,"9,8",Notebook,3200 MHz,Var,2 - 4 kg,Yok,"15,6 inç",Dahili Ekran Kartý,Onboard,10.Nesil,Intel Core i5,Windows 10 Home,3.6 GHz,1920 x 1080,Yok,32 GB,DDR4,Yok,1 TB,,1 GHz,12.674 TL
1052,Fujitsu,,,"9,8",Notebook,3200 MHz,Var,2 - 4 kg,Yok,"15,6 inç",Dahili Ekran Kartý,Onboard,10.Nesil,Intel Core i5,Windows 10 Home,3.6 GHz,1920 x 1080,Yok,8 GB,DDR4,Yok,512 GB,,1 GHz,10.064 TL
1053,Huawei,,,"9,8",Notebook,3200 MHz,Var,Belirtilmemiþ,Yok,"15,6 inç",Dahili Ekran Kartý,Onboard,11.Nesil,Intel Core i5,Windows 11 Pro,4.2 GHz,1920 x 1080,Var,8 GB,DDR4,Yok,1 TB,,2.4 GHz,12.500 TL
1054,Lenovo,,,"9,9",Notebook,2400 MHz,Var,1 - 2 kg,Yok,"14,1 inç",Dahili Ekran Kartý,Onboard,Ryzen,AMD Ryzen 3,Windows 11 Home,3.5 GHz,1920 x 1080,Belirtilmemiþ,12 GB,DDR4,1 TB,1 TB,3 Saat ve Altý,3 GHz,10.453 TL
1055,Lenovo,,,"9,9",Notebook,2666 MHz,Var,1 - 2 kg,Yok,14 inç,Dahili Ekran Kartý,Onboard,Ryzen,AMD Ryzen 3,Windows 10 Home,3.5 GHz,1920 x 1080,Yok,12 GB,DDR4,1 TB,512 GB,,2.66 GHz,10.684 TL
1056,Dell,,,"9,9",Notebook,2666 MHz,Var,1 - 2 kg,Yok,"15,6 inç",Dahili Ekran Kartý,Onboard,11.Nesil,Intel Core i5,Windows 10 Pro,4.2 GHz,1920 x 1080,Yok,16 GB,DDR4,Yok,1 TB,,2.40 GHz,15.999 TL
1057,Lenovo,,,"9,8",Oyun Bilgisayarlarý,2933 MHz,Var,2 kg ve Altý,Yok,"15,6 inç",Harici Ekran Kartý,GDDR5,10.Nesil,Intel Core i5,Yok (Free Dos),4.5 GHz,1920 x 1080,Yok,32 GB,DDR4,1 TB,1 TB,,2.5 GHz,19.895 TL
1058,Lenovo,,,"9,9",Notebook,3200 MHz,Var,1 - 2 kg,Yok,"15,6 inç",Dahili Ekran Kartý,Onboard,Ryzen,AMD Ryzen 5,Windows 10 Pro,4.0 GHz,1920 x 1080,Var,16 GB,DDR4,Yok,1 TB,,4 GHz,15.599 TL
1059,Lenovo,,,"9,8",Notebook,3200 MHz,Var,2 - 4 kg,Yok,"15,6 inç",Dahili Ekran Kartý,Onboard,Ryzen,AMD Ryzen 7,Yok (Free Dos),4.1 GHz,1920 x 1080,Var,24 GB,DDR4,Yok,2 TB,6 Saat ve Üstü,2.00 GHz,29.990 TL
1060,Lenovo,,,"9,8",Notebook,3200 MHz,Var,1 - 2 kg,Yok,"15,6 inç",Dahili Ekran Kartý,Onboard,Ryzen,AMD Ryzen 5,Yok (Free Dos),4.0 GHz,1920 x 1080,Var,16 GB,DDR4,Yok,512 GB,,4 GHz,15.219 TL
1061,Lenovo,,,"9,8",Notebook,3200 MHz,Var,2 - 4 kg,Yok,"15,6 inç",Dahili Ekran Kartý,Onboard,Ryzen,AMD Ryzen 7,Yok (Free Dos),4.1 GHz,1920 x 1080,Var,24 GB,DDR4,Yok,1 TB,6 Saat ve Üstü,2.00 GHz,25.463 TL
1062,Lenovo,,,"9,9",Notebook,3200 MHz,Var,1 - 2 kg,Yok,"15,6 inç",Dahili Ekran Kartý,Onboard,Ryzen,AMD Ryzen 5,Windows 10 Pro,4.0 GHz,1920 x 1080,Var,12 GB,DDR4,Yok,1 TB,,4 GHz,15.399 TL
1063,Lenovo,,,"9,8",Notebook,3200 MHz,Var,2 - 4 kg,Yok,"15,6 inç",Dahili Ekran Kartý,Onboard,Ryzen,AMD Ryzen 7,Yok (Free Dos),4.1 GHz,1920 x 1080,Var,16 GB,DDR4,Yok,256 GB,6 Saat ve Üstü,2.00 GHz,22.715 TL
1064,Lenovo,,,"9,8",Notebook,3200 MHz,Var,2 - 4 kg,Yok,"15,6 inç",Dahili Ekran Kartý,Onboard,Ryzen,AMD Ryzen 7,Windows 10 Pro,4.1 GHz,1920 x 1080,Var,12 GB,DDR4,Yok,1 TB,6 Saat ve Üstü,2.00 GHz,25.948 TL
1065,Lenovo,,,"9,8",Notebook,2933 MHz,Var,2 - 4 kg,Yok,"15,6 inç",Harici Ekran Kartý,GDDR5,11.Nesil,Intel Core i7,Yok (Free Dos),4.7 GHz,1920 x 1080,Var,16 GB,DDR4,Yok,1 TB,,2.80 GHz,29.653 TL
1066,Lenovo,,,"9,8",Notebook,3200 MHz,Var,2 - 4 kg,Yok,"15,6 inç",Dahili Ekran Kartý,Onboard,Ryzen,AMD Ryzen 7,Windows 10 Pro,4.1 GHz,1920 x 1080,Var,40 GB,DDR4,Yok,512 GB,6 Saat ve Üstü,2.00 GHz,28.858 TL
1067,HP,1.0,2,"9,8",Notebook,2666 MHz,Var,1 - 2 kg,Yok,"15,6 inç",Dahili Ekran Kartý,Onboard,11.Nesil,Intel Core i3,Windows 10 Pro,4.1 GHz,1366 x 768,Yok,16 GB,DDR4,Yok,256 GB,,1.70 GHz,10.835 TL
1068,Asus,,,,Ýkisi Bir Arada,3200 MHz,Var,1 - 2 kg,Var,14 inç,Dahili Ekran Kartý,Onboard,Yok,Intel Core i7,Yok (Free Dos),5 GHz,2560 x 1600,Var,8 GB,DDR4,Yok,512 GB,,2.9 GHz,41.999 TL
1069,Lenovo,,,,Notebook,2666 MHz,Var,1 - 2 kg,Yok,14 inç,Dahili Ekran Kartý,Onboard,Yok,AMD Athlon Gold,Yok (Free Dos),3.3 GHz,1366 x 768,Yok,8 GB,DDR4,1 TB,512 GB,,2.4 GHz,7.899 TL
1070,Dell,,,"9,8",Notebook,2933 MHz,Var,2 - 4 kg,Yok,"15,6 inç",Dahili Ekran Kartý,Onboard,10.Nesil,Intel Core i7,Windows 10 Home,4.9 GHz,1920 x 1080,Yok,32 GB,DDR4,Yok,32 GB,,1.80 GHz,18.340 TL
1071,Lenovo,,,"9,8",Notebook,2666 MHz,Var,1 - 2 kg,Yok,"15,6 inç",Dahili Ekran Kartý,Onboard,Ryzen,AMD Ryzen 5,Windows 10 Pro,3.7 GHz,1920 x 1080,Yok,12 GB,DDR4,Yok,512 GB,3 Saat ve Altý,2.1 GHz,12.375 TL
1072,HP,,,"9,6",Notebook,2666 MHz,Var,2 kg ve Altý,Yok,"15,6 inç",Dahili Ekran Kartý,Onboard,Ryzen,AMD Ryzen 5,Windows 10 Pro,3.7 GHz,1920 x 1080,Yok,12 GB,DDR4,Yok,512 GB,3 Saat ve Altý,2.1 GHz,12.470 TL
1073,HP,,,"9,6",Notebook,3200 MHz,Var,1 - 2 kg,Yok,"15,6 inç",Dahili Ekran Kartý,Onboard,11.Nesil,Intel Core i3,Windows 10 Pro,3.7 GHz,1920 x 1080,Yok,8 GB,DDR4,Yok,512 GB,,2.00 GHz,11.395 TL
1074,Lenovo,,,"9,8",Notebook,3200 MHz,Var,1 - 2 kg,Yok,"15,6 inç",Dahili Ekran Kartý,Onboard,Ryzen,AMD Ryzen 7,Windows 10 Pro,4.3 GHz,1920 x 1080,Var,24 GB,DDR4,Yok,256 GB,,1.80 GHz,17.399 TL
1075,Lenovo,,,"9,8",Notebook,2933 MHz,Var,2 - 4 kg,Yok,"15,6 inç",Harici Ekran Kartý,GDDR5,11.Nesil,Intel Core i7,Yok (Free Dos),4.7 GHz,1920 x 1080,Var,16 GB,DDR4,Yok,512 GB,,2.80 GHz,28.170 TL
1076,Dell,,,9,Notebook,3200 MHz,Var,2 - 4 kg,Yok,"15,6 inç",Harici Ekran Kartý,Onboard,11.Nesil,Intel Core i7,Windows 10 Pro,4.8 GHz,1920 x 1080,Yok,16 GB,DDR4,Yok,512 GB,4 - 6 Saat,3 GHz,49.999 TL
1077,HP,3.6,13,"9,4",Notebook,2400 MHz,Var,1 - 2 kg,Yok,"15,6 inç",Dahili Ekran Kartý,Onboard,Ryzen,AMD Ryzen 3,Windows 10 Home,3.5 GHz,1366 x 768,Yok,4 GB,DDR4,Yok,256 GB,4 - 6 Saat,2.6 GHz,6.450 TL
1078,HP,,,"9,8",Notebook,2666 MHz,Var,1 - 2 kg,Yok,"15,6 inç",Dahili Ekran Kartý,Onboard,Ryzen,AMD Ryzen 3,Windows 10 Home,3.5 GHz,1366 x 768,Yok,12 GB,DDR4,Yok,512 GB,4 - 6 Saat,2.6 GHz,9.625 TL
1079,Lenovo,,,"9,9",Notebook,3200 MHz,Var,1 - 2 kg,Yok,14 inç,Harici Ekran Kartý,GDDR6,11.Nesil,Intel Core i7,Yok (Free Dos),4.7 GHz,1920 x 1080,Var,32 GB,DDR4,Yok,500 GB,3 Saat ve Altý,2.8 GHz,31.876 TL
1080,Casper,,,10,Notebook,3200 MHz,Var,1 - 2 kg,Yok,"15,6 inç",Dahili Ekran Kartý,Onboard,11.Nesil,Intel Core i3,Yok (Free Dos),4.1 GHz,1920 x 1080,Yok,4 GB,DDR4,Yok,120 GB,,3 GHz,9.399 TL
1081,Casper,,,10,Notebook,3200 MHz,Var,1 - 2 kg,Yok,"15,6 inç",Dahili Ekran Kartý,Onboard,11.Nesil,Intel Core i5,Windows 11 Home,4.2 GHz,1920 x 1080,Yok,8 GB,DDR4,Yok,500 GB,,2.4 GHz,13.399 TL
1082,Fujitsu,,,"9,7",Notebook,3200 MHz,Var,1 - 2 kg,Yok,"15,6 inç",Dahili Ekran Kartý,Onboard,10.Nesil,Intel Core i5,Yok (Free Dos),3.6 GHz,1920 x 1080,Yok,12 GB,DDR4,Yok,1 TB,4 - 6 Saat,1 GHz,10.612 TL
1083,Fujitsu,,,"9,7",Notebook,3200 MHz,Var,1 - 2 kg,Yok,"15,6 inç",Dahili Ekran Kartý,Onboard,10.Nesil,Intel Core i5,Windows 10 Pro,3.6 GHz,1920 x 1080,Yok,8 GB,DDR4,Yok,256 GB,4 - 6 Saat,1 GHz,9.859 TL
1084,Asus,,,9,Notebook,3200 MHz,Var,2 kg ve Altý,Yok,"15,6 inç",Dahili Ekran Kartý,Onboard,11.Nesil,Intel Core i7,Yok (Free Dos),4.7 GHz,1920 x 1080,Var,8 GB,DDR4,Yok,512 GB,6 Saat ve Üstü,2.8 GHz,29.999 TL
1085,Lenovo,,,"9,7",Notebook,2666 MHz,Var,1 - 2 kg,Yok,"15,6 inç",Dahili Ekran Kartý,Onboard,10.Nesil,Intel Core i5,Windows 10 Home,4.2 GHz,1920 x 1080,Var,32 GB,DDR4,1 TB,512 GB,4 - 6 Saat,1.6 GHz,21.513 TL
1086,Lenovo,,,"9,7",Notebook,2666 MHz,Var,1 - 2 kg,Yok,"15,6 inç",Dahili Ekran Kartý,Onboard,10.Nesil,Intel Core i5,Yok (Free Dos),4.2 GHz,1920 x 1080,Var,32 GB,DDR4,Yok,256 GB,4 - 6 Saat,1.6 GHz,18.072 TL
1087,Lenovo,,,"9,7",Notebook,3200 MHz,Var,1 - 2 kg,Yok,"15,6 inç",Dahili Ekran Kartý,Onboard,Ryzen,AMD Ryzen 5,Windows 10 Pro,4 GHz,1920 x 1080,Var,24 GB,DDR4,Yok,512 GB,4 - 6 Saat,2.3 GHz,16.395 TL
1088,Lenovo,,,"9,7",Notebook,2666 MHz,Var,1 - 2 kg,Yok,"15,6 inç",Dahili Ekran Kartý,Onboard,10.Nesil,Intel Core i5,Windows 10 Pro,4.2 GHz,1920 x 1080,Var,8 GB,DDR4,Yok,2 TB,4 - 6 Saat,1.6 GHz,21.579 TL
1089,Lenovo,,,"9,7",Notebook,3200 MHz,Var,1 - 2 kg,Yok,14 inç,Dahili Ekran Kartý,Onboard,11.Nesil,Intel Core i5,Windows 10 Home,4.2 GHz,1920 x 1080,Var,8 GB,DDR4,Yok,1 TB,4 - 6 Saat,2.4 GHz,17.879 TL
1090,Asus,,,"9,7",Notebook,2666 MHz,Var,2 - 4 kg,Yok,"15,6 inç",Dahili Ekran Kartý,Onboard,10.Nesil,Intel Core i3,Windows 10 Pro,4.2 GHz,1920 x 1080,Yok,20 GB,DDR4,Yok,512 GB,4 - 6 Saat,2.1 GHz,10.169 TL
1091,Lenovo,,,"9,7",Notebook,3200 MHz,Var,1 - 2 kg,Yok,"15,6 inç",Dahili Ekran Kartý,Onboard,11.Nesil,Intel Core i5,Windows 10 Home,4.2 GHz,1920 x 1080,Var,8 GB,DDR4,Yok,1 TB,3 Saat ve Altý,2.4 GHz,18.189 TL
1092,Lenovo,,,"9,7",Notebook,3200 MHz,Var,Belirtilmemiþ,Yok,14 inç,Dahili Ekran Kartý,Onboard,11.Nesil,Intel Core i7,Windows 10 Home,4.7 GHz,1920 x 1080,Yok,32 GB,DDR4,Yok,512 GB,,2.8 GHz,26.808 TL
1093,Lenovo,,,"9,7",Notebook,3200 MHz,Var,1 - 2 kg,Yok,14 inç,Dahili Ekran Kartý,Onboard,11.Nesil,Intel Core i5,Windows 10 Pro,4.2 GHz,1920 x 1080,Var,32 GB,DDR4,Yok,512 GB,4 - 6 Saat,2.4 GHz,21.956 TL
1094,Lenovo,,,"9,7",Notebook,3200 MHz,Var,1 - 2 kg,Yok,"15,6 inç",Harici Ekran Kartý,GDDR5,11.Nesil,Intel Core i5,Yok (Free Dos),4.2 GHz,1920 x 1080,Var,8 GB,DDR4,Yok,256 GB,4 - 6 Saat,2.4 GHz,17.060 TL
1095,Lenovo,,,"9,7",Notebook,3200 MHz,Var,1 - 2 kg,Yok,14 inç,Dahili Ekran Kartý,Onboard,11.Nesil,Intel Core i5,Windows 10 Pro,4.2 GHz,1920 x 1080,Var,8 GB,DDR4,Yok,1 TB,3 Saat ve Altý,2.4 GHz,18.721 TL
1096,Lenovo,,,"9,7",Notebook,3200 MHz,Var,1 - 2 kg,Yok,"15,6 inç",Harici Ekran Kartý,GDDR6,11.Nesil,Intel Core i5,Windows 10 Pro,4.2 GHz,1920 x 1080,Var,24 GB,DDR4,Yok,1 TB,4 - 6 Saat,2.4 GHz,19.718 TL
1097,Lenovo,,,"9,7",Notebook,3200 MHz,Var,1 - 2 kg,Yok,"15,6 inç",Dahili Ekran Kartý,Onboard,11.Nesil,Intel Core i5,Windows 10 Pro,4.2 GHz,1946 x 1080,Var,8 GB,DDR4,Yok,512 GB,6 Saat ve Üstü,2.4 GHz,20.538 TL
1098,Lenovo,,,"9,7",Notebook,3200 MHz,Var,1 - 2 kg,Yok,14 inç,Dahili Ekran Kartý,Onboard,11.Nesil,Intel Core i5,Windows 10 Home,4.2 GHz,1920 x 1080,Var,16 GB,DDR4,Yok,512 GB,4 - 6 Saat,2.4 GHz,19.297 TL
1099,Asus,,,"9,7",Notebook,3200 MHz,Var,1 - 2 kg,Yok,"15,6 inç",Dahili Ekran Kartý,Onboard,11.Nesil,Intel Core i3,Yok (Free Dos),4.1 GHz,1366 x 768,Var,8 GB,DDR4,Yok,256 GB,6 Saat ve Üstü,3 GHz,15.952 TL
1100,Lenovo,,,"9,7",Notebook,3200 MHz,Var,1 - 2 kg,Yok,"15,6 inç",Harici Ekran Kartý,GDDR5,11.Nesil,Intel Core i7,Windows 10 Home,4.7 GHz,1920 x 1080,Var,16 GB,DDR4,Yok,1 TB,3 Saat ve Altý,2.8 GHz,25.700 TL
1101,Lenovo,,,"9,7",Notebook,2666 MHz,Var,1 - 2 kg,Yok,"15,6 inç",Dahili Ekran Kartý,Onboard,11.Nesil,Intel Core i5,Windows 10 Home,4.2 GHz,1920 x 1080,Yok,16 GB,DDR4,Yok,1 TB,4 - 6 Saat,2.4 GHz,18.278 TL
1102,Lenovo,,,"9,7",Notebook,3200 MHz,Var,1 - 2 kg,Yok,"15,6 inç",Dahili Ekran Kartý,Onboard,11.Nesil,Intel Core i5,Windows 10 Pro,4.2 GHz,1920 x 1080,Var,32 GB,DDR4,Yok,1 TB,3 Saat ve Altý,2.4 GHz,20.782 TL
1103,Lenovo,,,"9,7",Notebook,3200 MHz,Var,1 - 2 kg,Yok,"15,6 inç",Harici Ekran Kartý,GDDR5,11.Nesil,Intel Core i7,Yok (Free Dos),4.7 GHz,1920 x 1080,Var,16 GB,DDR4,Yok,2 TB,3 Saat ve Altý,2.8 GHz,24.925 TL
1104,Asus,,,"9,6",Notebook,Belirtilmemiþ,Var,1 - 2 kg,Yok,"15,6 inç",Harici Ekran Kartý,GDDR5,10.Nesil,Intel Core i5,Windows 10 Pro,3.6 GHz,1920 x 1080,Yok,20 GB,DDR4,Yok,1 TB,,1.2 GHz,14.769 TL
1105,Asus,,,"9,9",Notebook,2666 MHz,Var,1 - 2 kg,Yok,"15,6 inç",Harici Ekran Kartý,GDDR5,10.Nesil,Intel Core i5,Windows 10 Pro,3.6 GHz,1920 x 1080,Yok,16 GB,DDR4,Yok,1 TB,4 - 6 Saat,1.1 GHz,14.281 TL
1106,Asus,3.0,1,"9,6",Notebook,Belirtilmemiþ,Var,1 - 2 kg,Yok,"15,6 inç",Harici Ekran Kartý,GDDR5,10.Nesil,Intel Core i5,Windows 10 Home,3.6 GHz,1920 x 1080,Yok,20 GB,DDR4,Yok,512 GB,,1.2 GHz,13.470 TL
1107,Lenovo,,,"9,9",Notebook,3200 MHz,Var,1 - 2 kg,Yok,"15,6 inç",Dahili Ekran Kartý,Onboard,10.Nesil,Intel Core i5,Windows 11 Home,4.2 GHz,1920 x 1080,Yok,16 GB,DDR4,Yok,512 GB,3 Saat ve Altý,1.60 GHz,16.943 TL
1108,Lenovo,,,"9,9",Notebook,3200 MHz,Var,1 - 2 kg,Yok,"15,6 inç",Dahili Ekran Kartý,Onboard,10.Nesil,Intel Core i5,Windows 11 Home,4.2 GHz,1920 x 1080,Yok,32 GB,DDR4,Yok,2 TB,3 Saat ve Altý,1.60 GHz,21.353 TL
1109,Lenovo,,,"9,9",Notebook,3200 MHz,Var,1 - 2 kg,Yok,"15,6 inç",Dahili Ekran Kartý,Onboard,10.Nesil,Intel Core i5,Windows 11 Home,4.2 GHz,1920 x 1080,Yok,16 GB,DDR4,Yok,250 GB,3 Saat ve Altý,1.60 GHz,16.363 TL
1110,Lenovo,,,"9,9",Notebook,3200 MHz,Var,2 kg ve Altý,Yok,"15,6 inç",Dahili Ekran Kartý,Onboard,10. Nesil,Intel Core i5,Yok (Free Dos),4.2 GHz,1920 x 1080,Yok,32 GB,DDR4,Yok,256 GB,3 Saat ve Altý,1.60 GHz,15.743 TL
1111,Lenovo,,,"9,9",Notebook,3200 MHz,Var,1 - 2 kg,Yok,"15,6 inç",Dahili Ekran Kartý,Onboard,10.Nesil,Intel Core i5,Windows 11 Home,4.2 GHz,1920 x 1080,Yok,64 GB,DDR4,Yok,240 GB,3 Saat ve Altý,1.60 GHz,20.541 TL
1112,Lenovo,,,"9,9",Notebook,3200 MHz,Var,1 - 2 kg,Yok,"15,6 inç",Dahili Ekran Kartý,Onboard,10.Nesil,Intel Core i5,Windows 11 Pro,4.2 GHz,1920 x 1080,Yok,32 GB,DDR4,Yok,240 GB,3 Saat ve Altý,1.60 GHz,18.336 TL
1113,Lenovo,,,"9,9",Notebook,3200 MHz,Var,2 kg ve Altý,Yok,"15,6 inç",Dahili Ekran Kartý,Onboard,10. Nesil,Intel Core i5,Yok (Free Dos),4.2 GHz,1920 x 1080,Yok,8 GB,DDR4,Yok,256 GB,3 Saat ve Altý,1.60 GHz,13.858 TL
1114,Lenovo,,,"9,9",Notebook,3200 MHz,Var,2 kg ve Altý,Yok,"15,6 inç",Dahili Ekran Kartý,Onboard,10. Nesil,Intel Core i5,Yok (Free Dos),4.2 GHz,1920 x 1080,Yok,32 GB,DDR4,Yok,512 GB,3 Saat ve Altý,1.60 GHz,16.298 TL
1115,Lenovo,,,"9,9",Notebook,3200 MHz,Var,2 kg ve Altý,Yok,"15,6 inç",Dahili Ekran Kartý,Onboard,10. Nesil,Intel Core i5,Windows 10 Pro,4.2 GHz,1920 x 1080,Yok,32 GB,DDR4,Yok,256 GB,3 Saat ve Altý,1.60 GHz,18.220 TL
1116,Lenovo,,,"9,9",Notebook,3200 MHz,Var,2 kg ve Altý,Yok,"15,6 inç",Dahili Ekran Kartý,Onboard,10. Nesil,Intel Core i5,Windows 10 Home,4.2 GHz,1920 x 1080,Yok,32 GB,DDR4,Yok,1 TB,3 Saat ve Altý,1.60 GHz,19.148 TL
1117,Lenovo,,,"9,9",Notebook,2933 MHz,Var,2 - 4 kg,Yok,"15,6 inç",Harici Ekran Kartý,GDDR6,10.Nesil,Intel Core i5,Windows 11 Home,4.5 GHz,1920 x 1080,Var,8 GB,DDR4,Yok,500 GB,,2.50 GHz,19.042 TL
1118,Lenovo,,,"9,9",Notebook,2933 MHz,Var,2 - 4 kg,Yok,"15,6 inç",Harici Ekran Kartý,GDDR6,10.Nesil,Intel Core i5,Windows 11 Home,4.5 GHz,1920 x 1080,Var,24 GB,DDR4,Yok,512 GB,,2.50 GHz,20.397 TL
1119,Lenovo,,,"9,9",Notebook,3200 MHz,Var,1 - 2 kg,Yok,"15,6 inç",Harici Ekran Kartý,GDDR5,11.Nesil,Intel Core i7,Windows 11 Pro,4.7 GHz,1920 x 1080,Yok,8 GB,DDR4,Yok,256 GB,,2.8 GHz,23.686 TL
1120,Lenovo,,,"9,9",Notebook,3200 MHz,Var,2 - 4 kg,Yok,"15,6 inç",Dahili Ekran Kartý,GDDR4,10.Nesil,Intel Core i5,Windows 10 Pro,3.4 GHz,1920 x 1080,Var,32 GB,DDR4,Yok,512 GB,4 - 6 Saat,2.2 GHz,18.444 TL
1121,Lenovo,,,"9,9",Notebook,3200 MHz,Var,2 - 4 kg,Yok,"15,6 inç",Dahili Ekran Kartý,GDDR4,10.Nesil,Intel Core i5,Windows 10 Pro,3.4 GHz,1920 x 1080,Var,32 GB,DDR4,Yok,512 GB,4 - 6 Saat,2.2 GHz,18.444 TL
1122,Lenovo,,,"9,9",Notebook,2666 MHz,Var,2 - 4 kg,Yok,"15,6 inç",Yüksek Seviye Harici Ekran Kartý,GDDR6,10.Nesil,Intel Core i7,Windows 10 Pro,5 GHz,1920 x 1080,Var,16 GB,DDR4,1 TB,512 GB,4 - 6 Saat,2.6 GHz,56.952 TL
1123,Lenovo,,,"9,9",Notebook,2666 MHz,Var,2 - 4 kg,Yok,"15,6 inç",Yüksek Seviye Harici Ekran Kartý,GDDR6,10.Nesil,Intel Core i7,Windows 10 Pro,5 GHz,1920 x 1080,Var,16 GB,DDR4,Yok,1 TB,4 - 6 Saat,2.6 GHz,55.582 TL
1124,Lenovo,,,"9,9",Notebook,2666 MHz,Var,2 - 4 kg,Yok,"15,6 inç",Yüksek Seviye Harici Ekran Kartý,GDDR6,10.Nesil,Intel Core i7,Windows 10 Pro,5 GHz,1920 x 1080,Var,8 GB,DDR4,Yok,512 GB,4 - 6 Saat,2.6 GHz,53.530 TL
1125,Lenovo,,,"9,9",Notebook,3200 MHz,Var,2 kg ve Altý,Yok,"15,6 inç",Harici Ekran Kartý,GDDR5,11.Nesil,Intel Core i7,Yok (Free Dos),4.7 GHz,1920 x 1080,Var,8 GB,DDR4,Yok,512 GB,3 Saat ve Altý,2.8 GHz,22.516 TL
1126,Lenovo,,,"9,9",Notebook,3200 MHz,Var,1 - 2 kg,Yok,"15,6 inç",Harici Ekran Kartý,GDDR5,11.Nesil,Intel Core i7,Windows 10 Pro,4.7 GHz,1920 x 1080,Yok,16 GB,DDR4,Yok,512 GB,,2.8 GHz,28.323 TL
1127,Lenovo,,,"9,9",Notebook,3200 MHz,Var,1 - 2 kg,Yok,"15,6 inç",Harici Ekran Kartý,GDDR5,11.Nesil,Intel Core i7,Windows 11 Home,4.7 GHz,1920 x 1080,Yok,8 GB,DDR4,Yok,256 GB,,2.8 GHz,23.640 TL
1128,Fujitsu,,,"9,7",Notebook,3200 MHz,Var,1 - 2 kg,Yok,"15,6 inç",Dahili Ekran Kartý,Onboard,10.Nesil,Intel Core i5,Yok (Free Dos),3.6 GHz,1920 x 1080,Yok,8 GB,DDR4,Yok,2 TB,4 - 6 Saat,1 GHz,11.255 TL
1129,Lenovo,,,"9,7",Notebook,3200 MHz,Var,2 - 4 kg,Yok,14 inç,Dahili Ekran Kartý,Onboard,11.Nesil,Intel Core i5,Yok (Free Dos),4.2 GHz,1920 x 1080,Var,8 GB,DDR4,Yok,512 GB,3 Saat ve Altý,2.4 GHz,15.930 TL
1130,Fujitsu,,,"9,7",Notebook,3200 MHz,Var,1 - 2 kg,Yok,"15,6 inç",Dahili Ekran Kartý,Onboard,10.Nesil,Intel Core i5,Windows 10 Pro,3.6 GHz,1920 x 1080,Yok,24 GB,DDR4,Yok,2 TB,4 - 6 Saat,1 GHz,13.958 TL
1131,Lenovo,,,"9,7",Notebook,3200 MHz,Var,2 - 4 kg,Yok,14 inç,Dahili Ekran Kartý,Onboard,11.Nesil,Intel Core i5,Windows 10 Pro,4.2 GHz,1920 x 1080,Var,32 GB,DDR4,Yok,2 TB,3 Saat ve Altý,2.4 GHz,22.288 TL
1132,Fujitsu,,,"9,7",Notebook,3200 MHz,Var,1 - 2 kg,Yok,"15,6 inç",Dahili Ekran Kartý,Onboard,10.Nesil,Intel Core i5,Windows 10 Home,3.6 GHz,1920 x 1080,Yok,32 GB,DDR4,Yok,512 GB,4 - 6 Saat,1 GHz,12.296 TL
1133,Lenovo,,,"9,7",Notebook,3200 MHz,Var,1 - 2 kg,Yok,"15,6 inç",Harici Ekran Kartý,GDDR6,11.Nesil,Intel Core i5,Yok (Free Dos),4.2 GHz,1920 x 1080,Var,12 GB,DDR4,1 TB,256 GB,4 - 6 Saat,2.4 GHz,16.749 TL
1134,Lenovo,,,"9,7",Notebook,3200 MHz,Var,2 - 4 kg,Yok,"15,6 inç",Harici Ekran Kartý,GDDR6,11.Nesil,Intel Core i7,Windows 10 Home,4.8 GHz,1920 x 1080,Yok,64 GB,DDR4,2 TB,256 GB,,3.3 GHz,28.093 TL
1135,Lenovo,,,"9,7",Notebook,3200 MHz,Var,2 - 4 kg,Yok,14 inç,Dahili Ekran Kartý,Onboard,11.Nesil,Intel Core i5,Yok (Free Dos),4.2 GHz,1920 x 1080,Var,16 GB,DDR4,Yok,1 TB,3 Saat ve Altý,2.4 GHz,17.525 TL
1136,Lenovo,,,"9,7",Notebook,2666 MHz,Var,1 - 2 kg,Yok,"15,6 inç",Dahili Ekran Kartý,Onboard,11.Nesil,Intel Core i5,Windows 10 Pro,4.2 GHz,1920 x 1080,Yok,8 GB,DDR4,Yok,1 TB,4 - 6 Saat,2.4 GHz,17.791 TL
1137,Lenovo,,,"9,7",Notebook,3200 MHz,Var,1 - 2 kg,Yok,"15,6 inç",Dahili Ekran Kartý,Onboard,11.Nesil,Intel Core i5,Windows 10 Pro,4.2 GHz,1947 x 1080,Var,8 GB,DDR4,Yok,256 GB,6 Saat ve Üstü,2.4 GHz,19.807 TL
1138,Lenovo,,,"9,7",Notebook,3200 MHz,Var,1 - 2 kg,Yok,"15,6 inç",Harici Ekran Kartý,GDDR5,11.Nesil,Intel Core i5,Windows 10 Pro,4.2 GHz,1920 x 1080,Var,16 GB,DDR4,Yok,1 TB,4 - 6 Saat,2.4 GHz,22.089 TL
1139,Lenovo,,,"9,7",Notebook,3200 MHz,Var,2 - 4 kg,Yok,14 inç,Dahili Ekran Kartý,Onboard,11.Nesil,Intel Core i5,Windows 10 Pro,4.2 GHz,1920 x 1080,Var,16 GB,DDR4,Yok,1 TB,3 Saat ve Altý,2.4 GHz,19.630 TL
1140,Lenovo,,,"9,7",Notebook,3200 MHz,Var,2 - 4 kg,Yok,14 inç,Dahili Ekran Kartý,Onboard,11.Nesil,Intel Core i5,Windows 10 Home,4.2 GHz,1920 x 1080,Var,8 GB,DDR4,Yok,1 TB,3 Saat ve Altý,2.4 GHz,19.031 TL
1141,Lenovo,,,"9,7",Notebook,3200 MHz,Var,1 - 2 kg,Yok,"15,6 inç",Dahili Ekran Kartý,Onboard,11.Nesil,Intel Core i5,Yok (Free Dos),4.2 GHz,1926 x 1080,Var,8 GB,DDR4,Yok,1 TB,6 Saat ve Üstü,2.4 GHz,18.433 TL
1142,Fujitsu,,,"9,7",Notebook,3200 MHz,Var,1 - 2 kg,Yok,"15,6 inç",Dahili Ekran Kartý,Belirtilmemiþ,10.Nesil,Intel Core i5,Yok (Free Dos),3.6 GHz,1920 x 1080,Yok,20 GB,DDR4,Yok,480 GB,4 - 6 Saat,1 GHz,9.637 TL
1143,Asus,,,"9,7",Notebook,3200 MHz,Var,1 - 2 kg,Yok,"15,6 inç",Dahili Ekran Kartý,GDDR5,11.Nesil,Intel Core i5,Windows 10 Home,4.2 GHz,1920 x 1080,Var,24 GB,DDR4,Yok,512 GB,,2.40 GHz,19.164 TL
1144,Lenovo,,,"9,7",Notebook,3200 MHz,Var,1 - 2 kg,Yok,"15,6 inç",Harici Ekran Kartý,GDDR5,11.Nesil,Intel Core i5,Windows 10 Pro,4.2 GHz,1920 x 1080,Var,16 GB,DDR4,Yok,256 GB,4 - 6 Saat,2.4 GHz,20.715 TL
1145,Lenovo,,,"9,7",Notebook,3200 MHz,Var,2 - 4 kg,Yok,14 inç,Dahili Ekran Kartý,Onboard,11.Nesil,Intel Core i5,Windows 10 Home,4.2 GHz,1920 x 1080,Var,32 GB,DDR4,Yok,2 TB,3 Saat ve Altý,2.4 GHz,22.399 TL
1146,Lenovo,,,"9,7",Notebook,3200 MHz,Var,Belirtilmemiþ,Yok,14 inç,Dahili Ekran Kartý,Onboard,11.Nesil,Intel Core i7,Windows 10 Pro,4.7 GHz,1920 x 1080,Yok,32 GB,DDR4,Yok,256 GB,,2.8 GHz,27.185 TL
1147,Lenovo,,,"9,7",Notebook,3200 MHz,Var,2 - 4 kg,Yok,14 inç,Dahili Ekran Kartý,Onboard,11.Nesil,Intel Core i5,Yok (Free Dos),4.2 GHz,1920 x 1080,Var,32 GB,DDR4,Yok,1 TB,3 Saat ve Altý,2.4 GHz,19.408 TL
1148,Lenovo,,,"9,7",Notebook,3200 MHz,Var,2 - 4 kg,Yok,"15,6 inç",Harici Ekran Kartý,GDDR6,11.Nesil,Intel Core i7,Yok (Free Dos),4.8 GHz,1920 x 1080,Yok,8 GB,DDR4,2 TB,256 GB,,3.3 GHz,21.956 TL
1149,Lenovo,,,"9,7",Notebook,3200 MHz,Var,2 - 4 kg,Yok,"15,6 inç",Harici Ekran Kartý,GDDR6,11.Nesil,Intel Core i7,Windows 10 Pro,4.8 GHz,1920 x 1080,Yok,16 GB,DDR4,2 TB,512 GB,,3.3 GHz,24.836 TL
1150,Lenovo,,,"9,7",Notebook,3200 MHz,Var,2 - 4 kg,Yok,14 inç,Dahili Ekran Kartý,Onboard,11.Nesil,Intel Core i5,Windows 10 Home,4.2 GHz,1920 x 1080,Var,16 GB,DDR4,Yok,512 GB,3 Saat ve Altý,2.4 GHz,18.854 TL
1151,Lenovo,,,"9,7",Notebook,3200 MHz,Var,1 - 2 kg,Yok,"15,6 inç",Harici Ekran Kartý,GDDR5,11.Nesil,Intel Core i7,Windows 10 Pro,4.7 GHz,1920 x 1080,Var,8 GB,DDR4,Yok,2 TB,3 Saat ve Altý,2.8 GHz,27.207 TL
1152,Lenovo,,,"9,9",Notebook,3200 MHz,Var,1 - 2 kg,Yok,14 inç,Dahili Ekran Kartý,Onboard,11.Nesil,Intel Core i5,Windows 10 Pro,4.2 GHz,1920 x 1080,Yok,32 GB,DDR4,Yok,1 TB,4 - 6 Saat,2.4 GHz,21.174 TL
1153,HP,,,"9,9",Notebook,2933 MHz,Var,1 - 2 kg,Yok,"15,6 inç",Dahili Ekran Kartý,Onboard,Ryzen,AMD Ryzen 5,Windows 10 Home,4 GHz,1920 x 1080,Yok,8 GB,DDR4,Yok,512 GB,4 - 6 Saat,2.1 GHz,10.168 TL
1154,Lenovo,,,"9,9",Notebook,3200 MHz,Var,1 - 2 kg,Yok,14 inç,Dahili Ekran Kartý,Onboard,11.Nesil,Intel Core i5,Yok (Free Dos),4.2 GHz,1920 x 1080,Yok,32 GB,DDR4,Yok,1 TB,4 - 6 Saat,2.4 GHz,20.440 TL
1155,Lenovo,,,"9,9",Notebook,3200 MHz,Var,1 - 2 kg,Yok,14 inç,Dahili Ekran Kartý,Onboard,11.Nesil,Intel Core i5,Windows 10 Pro,4.2 GHz,1920 x 1080,Yok,32 GB,DDR4,Yok,512 GB,4 - 6 Saat,2.4 GHz,19.297 TL
1156,Lenovo,,,"9,9",Notebook,Belirtilmemiþ,Var,1 - 2 kg,Yok,"15,6 inç",Dahili Ekran Kartý,Belirtilmemiþ,11.Nesil,Intel Core i5,Windows 10 Home,4.2 GHz,1920 x 1080,Yok,12 GB,Belirtilmemiþ,Yok,256 GB,4 - 6 Saat,2.4 GHz,12.546 TL
1157,Lenovo,,,"9,9",Notebook,3200 MHz,Var,1 - 2 kg,Yok,14 inç,Dahili Ekran Kartý,Onboard,11.Nesil,Intel Core i5,Yok (Free Dos),4.2 GHz,1920 x 1080,Yok,8 GB,DDR4,Yok,1 TB,4 - 6 Saat,2.4 GHz,17.437 TL
1158,Lenovo,,,"9,9",Notebook,3200 MHz,Var,1 - 2 kg,Yok,14 inç,Dahili Ekran Kartý,Onboard,11.Nesil,Intel Core i5,Windows 11 Pro,4.2 GHz,1920 x 1080,Yok,16 GB,DDR4,Yok,512 GB,,2.4 GHz,17.727 TL
1159,Lenovo,,,"9,7",Notebook,3200 MHz,Var,1 - 2 kg,Yok,"15,6 inç",Harici Ekran Kartý,GDDR5,11.Nesil,Intel Core i5,Yok (Free Dos),4.5 GHz,1920 x 1080,Var,16 GB,DDR4,Yok,256 GB,4 - 6 Saat,2.40 GHz,16.499 TL
1160,Lenovo,,,"9,9",Oyun Bilgisayarlarý,2666 MHz,Var,2 - 4 kg,Yok,"15,6 inç",Yüksek Seviye Harici Ekran Kartý,GDDR6,10.Nesil,Intel Core i5,Windows 10 Home,4.5 GHz,1920 x 1080,Yok,8 GB,DDR4,1 TB,128 GB,4 - 6 Saat,2.5 GHz,23.086 TL
1161,Lenovo,,,"9,9",Oyun Bilgisayarlarý,2666 MHz,Var,2 - 4 kg,Yok,"15,6 inç",Yüksek Seviye Harici Ekran Kartý,GDDR6,10.Nesil,Intel Core i5,Yok (Free Dos),4.5 GHz,1920 x 1080,Yok,8 GB,DDR4,1 TB,128 GB,4 - 6 Saat,2.5 GHz,22.757 TL
1162,Lenovo,,,"9,9",Oyun Bilgisayarlarý,2666 MHz,Var,2 - 4 kg,Yok,"15,6 inç",Yüksek Seviye Harici Ekran Kartý,GDDR6,10.Nesil,Intel Core i5,Yok (Free Dos),4.5 GHz,1920 x 1080,Yok,12 GB,DDR4,Yok,512 GB,4 - 6 Saat,2.5 GHz,21.616 TL
1163,Lenovo,,,"9,9",Notebook,3200 MHz,Var,1 - 2 kg,Yok,14 inç,Dahili Ekran Kartý,Onboard,Ryzen,AMD Ryzen 3,Windows 10 Home,3.8 GHz,1920 x 1080,Yok,12 GB,DDR4,Yok,256 GB,4 - 6 Saat,2.6 GHz,11.252 TL
1164,Lenovo,,,"9,9",Notebook,3200 MHz,Var,2 kg ve Altý,Yok,"15,6 inç",Dahili Ekran Kartý,Onboard,11.Nesil,Intel Core i7,Yok (Free Dos),4.7 GHz,1920 x 1080,Yok,32 GB,DDR4,Yok,512 GB,4 - 6 Saat,4.7 GHz,24.157 TL
1165,Lenovo,,,"9,9",Notebook,3200 MHz,Var,2 kg ve Altý,Yok,"15,6 inç",Dahili Ekran Kartý,Onboard,11.Nesil,Intel Core i7,Windows 10 Pro,4.7 GHz,1920 x 1080,Yok,32 GB,DDR4,Yok,256 GB,4 - 6 Saat,4.7 GHz,26.009 TL
1166,Lenovo,,,"9,9",Notebook,3200 MHz,Var,2 kg ve Altý,Yok,"15,6 inç",Dahili Ekran Kartý,Onboard,11.Nesil,Intel Core i7,Yok (Free Dos),4.7 GHz,1920 x 1080,Yok,32 GB,DDR4,1 TB,512 GB,4 - 6 Saat,4.7 GHz,26.721 TL
1167,Lenovo,,,"9,9",Notebook,Belirtilmemiþ,Var,1 - 2 kg,Yok,"15,6 inç",Dahili Ekran Kartý,Belirtilmemiþ,11.Nesil,Intel Core i5,Windows 10 Home,4.2 GHz,1920 x 1080,Yok,12 GB,Belirtilmemiþ,Yok,1 TB,4 - 6 Saat,2.4 GHz,14.637 TL
1168,Lenovo,,,"9,9",Notebook,2666 MHz,Var,2 - 4 kg,Var,"15,6 inç",Yüksek Seviye Harici Ekran Kartý,GDDR5,9.Nesil,Intel Core i7,Windows 10 Pro,4.6 GHz,3840 x 2160,Yok,64 GB,DDR4,Yok,512 GB,6 Saat ve Üstü,2.6 GHz,57.710 TL
1169,Lenovo,,,"9,9",Notebook,3200 MHz,Belirtilmemiþ,2 kg ve Altý,Yok,"15,6 inç",Dahili Ekran Kartý,Onboard,11.Nesil,Intel Core i5,Windows 10 Pro,4.2 GHz,1920 x 1080,Yok,4 GB,DDR4,Yok,256 GB,,2.4 GHz,11.601 TL
1170,Lenovo,,,"9,9",Notebook,3200 MHz,Belirtilmemiþ,2 kg ve Altý,Yok,"15,6 inç",Dahili Ekran Kartý,Onboard,11.Nesil,Intel Core i5,Windows 10 Pro,4.2 GHz,1920 x 1080,Yok,8 GB,DDR4,Yok,1 TB,,2.4 GHz,14.082 TL
1171,Lenovo,,,"9,9",Notebook,2400 MHz,Var,1 - 2 kg,Yok,"15,6 inç",Dahili Ekran Kartý,Onboard,Yok,AMD Athlon Gold,Windows 10 Pro,3.3 GHz,1366 x 768,Yok,4 GB,DDR4,1 TB,128 GB,,2.4 GHz,6.227 TL
1172,Lenovo,,,"9,9",Notebook,2666 MHz,Var,2 kg ve Altý,Yok,"15,6 inç",Harici Ekran Kartý,GDDR5,10.Nesil,Intel Core i5,Windows 10 Pro,4.2 GHz,1920 x 1080,Yok,16 GB,DDR4,1 TB,1 TB,,1.60 GHz,19.685 TL
1173,Lenovo,,,"9,9",Notebook,2666 MHz,Var,2 kg ve Altý,Yok,"15,6 inç",Harici Ekran Kartý,GDDR5,10.Nesil,Intel Core i5,Yok (Free Dos),4.2 GHz,1920 x 1080,Yok,8 GB,DDR4,1 TB,512 GB,,1.60 GHz,16.650 TL
1174,Lenovo,,,"9,9",Notebook,2666 MHz,Var,1 - 2 kg,Yok,"15,6 inç",Harici Ekran Kartý,GDDR5,10.Nesil,Intel Core i7,Windows 10 Pro,4.9 GHz,1920 x 1080,Var,24 GB,DDR4,Yok,2 TB,,1.8 GHz,48.855 TL
1175,Asus,,,10,Notebook,2666 MHz,Var,1 - 2 kg,Yok,"15,6 inç",Dahili Ekran Kartý,Onboard,Ryzen,AMD Ryzen 3,Yok (Free Dos),3.5 GHz,1366 x 768,Yok,12 GB,DDR4,Yok,512 GB,6 Saat ve Üstü,2.6 GHz,8.880 TL
1176,Asus,,,"9,7",Oyun Bilgisayarlarý,2666 MHz,Var,1 - 2 kg,Yok,"15,6 inç",Harici Ekran Kartý,GDDR6,10. Nesil,Intel Core i5,Yok (Free Dos),4.5 GHz,1920 x 1080,Yok,16 GB,DDR4,Yok,512 GB,6 Saat ve Üstü,2.50 GHz,19.499 TL
1177,Dell,,,10,Notebook,3200 MHz,Var,2 - 4 kg,Yok,"15,6 inç",Harici Ekran Kartý,GDDR6,11.Nesil,Intel Core i7,Windows 10 Pro,4.8 GHz,1920 x 1080,Yok,128 GB,DDR4,Yok,3 TB,,2.5 GHz,64.549 TL
1178,HP,,,10,Notebook,2666 MHz,Var,1 - 2 kg,Yok,14 inç,Harici Ekran Kartý,GDDR5,10.Nesil,Intel Core i7,Windows 10 Pro,4.9 GHz,1920 x 1080,Var,16 GB,DDR4,Yok,1 TB,,1.1 GHz,35.008 TL
1179,Dell,,,10,Notebook,3200 MHz,Var,2 - 4 kg,Yok,"15,6 inç",Harici Ekran Kartý,GDDR6,11.Nesil,Intel Core i7,Yok (Free Dos),4.8 GHz,1920 x 1080,Yok,64 GB,DDR4,512 GB,2 TB,,2.5 GHz,57.189 TL
1180,Dell,,,"9,6",Notebook,2666 MHz,Var,2 kg ve Altý,Yok,"15,6 inç",Harici Ekran Kartý,GDDR5,11.Nesil,Intel Core i5,Windows 10 Pro,4.2 GHz,1920 x 1080,Yok,8 GB,DDR4,Yok,512 GB,,2.4 GHz,17.864 TL
1181,Dell,,,"9,6",Notebook,2666 MHz,Var,2 kg ve Altý,Yok,"15,6 inç",Harici Ekran Kartý,GDDR5,11.Nesil,Intel Core i5,Windows 10 Pro,4.2 GHz,1920 x 1080,Yok,16 GB,DDR4,Yok,512 GB,,2.4 GHz,18.470 TL
1182,Lenovo,,,"9,7",Notebook,Belirtilmemiþ,Belirtilmemiþ,2 - 4 kg,Belirtilmemiþ,"15,6 inç",Dahili Ekran Kartý,Belirtilmemiþ,11.Nesil,Intel Core i5,Yok (Free Dos),4.2 GHz,1920 x 1080,Belirtilmemiþ,8 GB,DDR4,Yok,1 TB,,2.40 GHz,17.458 TL
1183,Dell,,,10,Notebook,2666 MHz,Var,2 kg ve Altý,Yok,"15,6 inç",Dahili Ekran Kartý,Onboard,11.Nesil,Intel Core i5,Yok (Free Dos),4.2 GHz,1920 x 1080,Yok,64 GB,DDR4,Yok,256 GB,,2.4 GHz,19.259 TL
1184,Dell,,,10,Notebook,2666 MHz,Var,2 kg ve Altý,Yok,"15,6 inç",Dahili Ekran Kartý,Onboard,11.Nesil,Intel Core i5,Yok (Free Dos),4.2 GHz,1920 x 1080,Yok,64 GB,DDR4,Yok,512 GB,,2.4 GHz,19.653 TL
1185,Lenovo,,,"9,8",Notebook,2933 MHz,Var,1 - 2 kg,Yok,"15,6 inç",Yüksek Seviye Harici Ekran Kartý,GDDR6,10. Nesil,Intel Core i5,Yok (Free Dos),4.5 GHz,1920 x 1080,Yok,8 GB,DDR4,Belirtilmemiþ,512 GB,,2.5 GHz,18.035 TL
1186,Lenovo,,,10,Notebook,2666 MHz,Var,2 kg ve Altý,Yok,"15,6 inç",Harici Ekran Kartý,GDDR6,10.Nesil,Intel Core i7,Yok (Free Dos),5 GHz,1920 x 1080,Var,64 GB,DDR4,Yok,2 TB,,2.6 GHz,30.823 TL
1187,Asus,,,"9,7",Notebook,3200 MHz,Var,1 - 2 kg,Yok,"15,6 inç",Dahili Ekran Kartý,Onboard,11.Nesil,Intel Core i7,Yok (Free Dos),4.7 GHz,1920 x 1080,Var,16 GB,DDR4,Yok,2 TB,6 Saat ve Üstü,2.9 GHz,19.299 TL
1188,Asus,,,"9,7",Notebook,3200 MHz,Var,1 - 2 kg,Yok,"15,6 inç",Dahili Ekran Kartý,Onboard,11.Nesil,Intel Core i3,Windows 10 Home,4.1 GHz,1366 x 768,Var,24 GB,DDR4,Yok,512 GB,6 Saat ve Üstü,3 GHz,11.676 TL
1189,Asus,,,"9,7",Notebook,3200 MHz,Var,1 - 2 kg,Var,14 inç,Dahili Ekran Kartý,Onboard,11.Nesil,Intel Core i7,Windows 10 Home,5 GHz,1920 x 1200,Var,8 GB,DDR4,Yok,2 TB,6 Saat ve Üstü,2.9 GHz,39.503 TL
1190,Asus,,,"9,7",Notebook,3200 MHz,Var,1 - 2 kg,Var,14 inç,Dahili Ekran Kartý,Onboard,11.Nesil,Intel Core i7,Windows 10 Home,5 GHz,1920 x 1200,Var,8 GB,DDR4,Yok,512 GB,6 Saat ve Üstü,2.9 GHz,37.509 TL
1191,Asus,,,"9,7",Notebook,3200 MHz,Var,1 - 2 kg,Yok,"15,6 inç",Dahili Ekran Kartý,Onboard,11.Nesil,Intel Core i7,Windows 10 Home,4.7 GHz,1920 x 1080,Var,40 GB,DDR4,Yok,256 GB,6 Saat ve Üstü,2.9 GHz,21.247 TL
1192,Asus,,,"9,7",Notebook,3200 MHz,Var,1 - 2 kg,Yok,"15,6 inç",Dahili Ekran Kartý,GDDR5,11.Nesil,Intel Core i5,Windows 11 Pro,4.2 GHz,1920 x 1080,Var,16 GB,DDR4,Yok,1 TB,,2.40 GHz,20.238 TL
1193,Asus,,,"9,7",Notebook,3200 MHz,Var,1 - 2 kg,Yok,"15,6 inç",Dahili Ekran Kartý,Onboard,10.Nesil,Intel Core i5,Windows 11 Pro,4.2 GHz,1920 x 1080,Var,40 GB,DDR4,Yok,2 TB,,2.4 GHz,22.488 TL
1194,Asus,,,"9,7",Notebook,3200 MHz,Var,1 - 2 kg,Yok,"15,6 inç",Dahili Ekran Kartý,Onboard,11.Nesil,Intel Core i7,Yok (Free Dos),4.7 GHz,1920 x 1080,Var,8 GB,DDR4,Yok,2 TB,6 Saat ve Üstü,2.9 GHz,19.164 TL
1195,Asus,,,"9,7",Notebook,3200 MHz,Var,1 - 2 kg,Var,14 inç,Dahili Ekran Kartý,Onboard,11.Nesil,Intel Core i7,Windows 10 Home,5 GHz,2560 x 1600,Var,32 GB,DDR4,Yok,1 TB,6 Saat ve Üstü,2.9 GHz,38.595 TL
1196,Asus,,,"9,7",Notebook,3200 MHz,Var,1 - 2 kg,Var,14 inç,Dahili Ekran Kartý,Onboard,11.Nesil,Intel Core i7,Windows 10 Home,5 GHz,2560 x 1600,Var,16 GB,DDR4,Yok,2 TB,6 Saat ve Üstü,2.9 GHz,38.152 TL
1197,Game Garaj,,,"9,8",Notebook,3200 MHz,Var,2 - 4 kg,Yok,"17,3 inç",Yüksek Seviye Harici Ekran Kartý,GDDR6,11.Nesil,Intel Core i5,Yok (Free Dos),4.5 GHz,1920 x 1080,Yok,16 GB,DDR4,Belirtilmemiþ,512 GB,4 - 6 Saat,2.70 GHz,17.348 TL
1198,Game Garaj,4.5,2,"9,8",Notebook,3200 MHz,Var,2 - 4 kg,Yok,"17,3 inç",Yüksek Seviye Harici Ekran Kartý,GDDR6,11.Nesil,Intel Core i7,Yok (Free Dos),4.6 GHz,1920 x 1080,Yok,16 GB,DDR4,Belirtilmemiþ,512 GB,4 - 6 Saat,2.3 GHz,25.421 TL
1199,Dell,,,10,Notebook,2666 MHz,Var,2 kg ve Altý,Yok,"15,6 inç",Dahili Ekran Kartý,Onboard,11.Nesil,Intel Core i5,Yok (Free Dos),4.2 GHz,1920 x 1080,Yok,16 GB,DDR4,1 TB,256 GB,,2.4 GHz,16.150 TL
1200,Lenovo,4.7,15,10,Notebook,3200 MHz,Var,2 kg ve Altý,Yok,14 inç,Dahili Ekran Kartý,Onboard,11.Nesil,Intel Core i5,Windows 10 Home,4.2 GHz,1920 x 1080,Yok,8 GB,DDR4,Yok,512 GB,3 Saat ve Altý,2.40 GHz,8.999 TL
1201,Lenovo,4.4,237,"9,6",Notebook,2400 MHz,Var,2 kg ve Altý,Belirtilmemiþ,14 inç,Dahili Ekran Kartý,Onboard,4.Nesil,Intel Celeron,Yok (Free Dos),2.8 GHz,1366 x 768,Yok,4 GB,DDR4,Yok,128 GB,6 Saat ve Üstü,1.1 GHz,3.820 TL
1202,HP,,,09,Notebook,3200 MHz,Var,1 - 2 kg,Yok,14 inç,Dahili Ekran Kartý,Onboard,11.Nesil,Intel Core i5,Windows 10 Pro,4.2 GHz,1920 x 1080,Yok,8 GB,DDR4,Yok,512 GB,4 - 6 Saat,2.4 GHz,14.088 TL
1203,Lenovo,,,"9,1",Notebook,2933 MHz,Var,1 - 2 kg,Yok,"15,6 inç",Dahili Ekran Kartý,Onboard,11.Nesil,Intel Core i5,Windows 10 Home,4.2 GHz,1920 x 1080,Yok,12 GB,DDR4,Yok,2 TB,,2.4 GHz,16.139 TL
1204,Casper,4.6,40,10,Oyun Bilgisayarlarý,2933 MHz,Var,2 - 4 kg,Yok,"15,6 inç",Yüksek Seviye Harici Ekran Kartý,GDDR6,10. Nesil,Intel Core i5,Windows 11 Home,4.5 GHz,1920 x 1080,Yok,8 GB,DDR4,Yok,250 GB,,2.5 GHz,12.499 TL
1205,Lenovo,5.0,2,"9,8",Notebook,2666 MHz,Var,2 kg ve Altý,Yok,14 inç,Dahili Ekran Kartý,Onboard,11.Nesil,Intel Core i5,Yok (Free Dos),4.2 GHz,1920 x 1080,Yok,8 GB,DDR4,Yok,512 GB,,2.4 GHz,7.999 TL
1206,Lenovo,4.7,267,10,Oyun Bilgisayarlarý,3200 MHz,Var,2 - 4 kg,Yok,"15,6 inç",Yüksek Seviye Harici Ekran Kartý,GDDR6,5.Nesil,AMD Ryzen 5,Yok (Free Dos),4.2 GHz,1920 x 1080,Yok,8 GB,DDR4,Yok,512 GB,6 Saat ve Üstü,3.3 GHz,13.998 TL
1207,Lenovo,4.6,13,"9,6",Notebook,3200 MHz,Var,2 - 4 kg,Yok,14 inç,Harici Ekran Kartý,GDDR5,11.Nesil,Intel Core i5,Yok (Free Dos),4.2 GHz,1920 x 1080,Yok,8 GB,DDR4,Yok,256 GB,4 - 6 Saat,2.4 GHz,8.999 TL
1208,Monster,4.7,268,"9,9",Oyun Bilgisayarlarý,3200 MHz,Var,2 - 4 kg,Yok,"15,6 inç",Harici Ekran Kartý,GDDR6,11.Nesil,Intel Core i5,Yok (Free Dos),4.5 GHz,1920 x 1080,Yok,16 GB,DDR4,Yok,500 GB,,2.70 GHz,16.099 TL
1209,HP,5.0,15,10,Notebook,2666 MHz,Var,2 - 4 kg,Yok,"15,6 inç",Dahili Ekran Kartý,Belirtilmemiþ,11.Nesil,Intel Core i3,Windows 10 Home,4.1 GHz,1920 x 1080,Yok,4 GB,DDR4,Yok,256 GB,,1.7 GHz,6.899 TL
1210,Lenovo,4.7,146,"9,9",Notebook,Belirtilmemiþ,Var,1 - 2 kg,Yok,"15,6 inç",Dahili Ekran Kartý,Belirtilmemiþ,11.Nesil,Intel Core i5,Windows 10 Home,4.2 GHz,1920 x 1080,Yok,8 GB,Belirtilmemiþ,Yok,256 GB,6 Saat ve Üstü,2.4 GHz,11.682 TL
1211,Dell,,,"9,8",Notebook,2666 MHz,Var,1 - 2 kg,Yok,"15,6 inç",Dahili Ekran Kartý,Onboard,11.Nesil,Intel Core i7,Windows 10 Home,4.7 GHz,1920 x 1080,Yok,8 GB,DDR4,Yok,512 GB,,2.8 GHz,18.175 TL
1212,Asus,4.8,85,10,Ýkisi Bir Arada,3733 MHz,Var,1 - 2 kg,Var,"13,3 inç",Dahili Ekran Kartý,Onboard,10.Nesil,Intel Core i5,Windows 10 Home,3.7 GHz,1920 x 1080,Yok,8 GB,LPDDR4X,Yok,512 GB,,1.1 GHz,11.599 TL
1213,Dell,4.7,129,10,Oyun Bilgisayarlarý,3200 MHz,Var,2 - 4 kg,Yok,"15,6 inç",Harici Ekran Kartý,GDDR6,Ryzen,AMD Ryzen 7,Windows 11 Home,4.4 GHz,1920 x 1080,Belirtilmemiþ,16 GB,DDR4,Yok,512 GB,,3.2 GHz,19.999 TL
1214,Acer,5.0,3,,Oyun Bilgisayarlarý,Belirtilmemiþ,Var,2 kg ve Altý,Yok,"15,6 inç",Yüksek Seviye Harici Ekran Kartý,GDDR6,5.Nesil,AMD Ryzen 5,Yok (Free Dos),4.3 GHz,1920 x 1080,Yok,16 GB,DDR4,Yok,512 GB,,3.3 GHz,18.998 TL
1215,Fujitsu,,,"9,7",Notebook,3200 MHz,Var,1 - 2 kg,Yok,"15,6 inç",Dahili Ekran Kartý,Belirtilmemiþ,10.Nesil,Intel Core i5,Windows 10 Home,3.6 GHz,1920 x 1080,Yok,8 GB,DDR4,Yok,480 GB,4 - 6 Saat,1 GHz,9.327 TL
1216,Dell,4.9,65,,Oyun Bilgisayarlarý,3200 MHz,Var,2 - 4 kg,Yok,"15,6 inç",Harici Ekran Kartý,GDDR6,11.Nesil,Intel Core i7,Ubuntu,4.6 GHz,1920 x 1080,Yok,16 GB,DDR4,Yok,512 GB,,2.30 GHz,19.998 TL
1217,Monster,4.7,213,"9,9",Oyun Bilgisayarlarý,3200 MHz,Var,2 - 4 kg,Yok,"15,6 inç",Harici Ekran Kartý,GDDR6,11.Nesil,Intel Core i5,Yok (Free Dos),4.5 GHz,1920 x 1080,Yok,8 GB,DDR4,Yok,500 GB,3 Saat ve Altý,2.70 GHz,15.699 TL
1218,Huawei,4.7,154,09,Notebook,Belirtilmemiþ,Var,1 - 2 kg,Yok,"15,6 inç",Dahili Ekran Kartý,Onboard,11.Nesil,Intel Core i7,Windows 11 Home,4.7 GHz,1920 x 1080,Var,16 GB,DDR4,Yok,512 GB,,2.8 GHz,13.908 TL
1219,HONOR,4.8,48,"9,1",Notebook,Belirtilmemiþ,Var,1 - 2 kg,Yok,"15,6 inç",Dahili Ekran Kartý,Onboard,10.Nesil,Intel Core i5,Windows 10 Home,Yok,1920 x 1080,Var,8 GB,DDR4,512 GB,512 GB,,Belirtilmemiþ,8.379 TL
1220,HP,4.2,16,"9,9",Notebook,3200 MHz,Var,2 - 4 kg,Yok,"15,6 inç",Harici Ekran Kartý,GDDR6,11.Nesil,Intel Core i5,Windows 11 Home,4.4 GHz,1920 x 1080,Yok,16 GB,DDR4,Yok,512 GB,4 - 6 Saat,2.6 GHz,15.999 TL
1221,Asus,4.8,165,,Notebook,2400 MHz,Var,1 - 2 kg,Yok,"15,6 inç",Dahili Ekran Kartý,Onboard,10.Nesil,Intel Core i3,Windows 10 Home,4.1 GHz,1366 x 768,Yok,4 GB,DDR4,Yok,256 GB,,2.1 GHz,5.988 TL
1222,Dell,4.4,7,"9,7",Notebook,2666 MHz,Var,1 - 2 kg,Yok,14 inç,Harici Ekran Kartý,GDDR5,11.Nesil,Intel Core i7,Ubuntu,4.7 GHz,1920 x 1080,Yok,8 GB,DDR4,Yok,512 GB,,2.80 GHz,16.399 TL
1223,Casper,4.4,167,,Notebook,2133 MHz,Var,1 - 2 kg,Yok,14 inç,Dahili Ekran Kartý,Onboard,Yok,Intel Celeron,Windows 11 Home,2.6 GHz,1366 x 768,Yok,4 GB,DDR3,Yok,120 GB,,1.10 GHz,3.948 TL
1224,Lenovo,4.7,15,10,Notebook,3200 MHz,Var,2 kg ve Altý,Yok,14 inç,Dahili Ekran Kartý,Onboard,11.Nesil,Intel Core i5,Windows 10 Home,4.2 GHz,1920 x 1080,Yok,8 GB,DDR4,Yok,512 GB,3 Saat ve Altý,2.40 GHz,8.999 TL
1225,Lenovo,4.4,237,"9,6",Notebook,2400 MHz,Var,2 kg ve Altý,Belirtilmemiþ,14 inç,Dahili Ekran Kartý,Onboard,4.Nesil,Intel Celeron,Yok (Free Dos),2.8 GHz,1366 x 768,Yok,4 GB,DDR4,Yok,128 GB,6 Saat ve Üstü,1.1 GHz,3.820 TL
1226,HP,,,09,Notebook,3200 MHz,Var,1 - 2 kg,Yok,14 inç,Dahili Ekran Kartý,Onboard,11.Nesil,Intel Core i5,Windows 10 Pro,4.2 GHz,1920 x 1080,Yok,8 GB,DDR4,Yok,512 GB,4 - 6 Saat,2.4 GHz,14.088 TL
1227,Casper,4.6,40,10,Oyun Bilgisayarlarý,2933 MHz,Var,2 - 4 kg,Yok,"15,6 inç",Yüksek Seviye Harici Ekran Kartý,GDDR6,10. Nesil,Intel Core i5,Windows 11 Home,4.5 GHz,1920 x 1080,Yok,8 GB,DDR4,Yok,250 GB,,2.5 GHz,12.499 TL
1228,Lenovo,5.0,2,"9,8",Notebook,2666 MHz,Var,2 kg ve Altý,Yok,14 inç,Dahili Ekran Kartý,Onboard,11.Nesil,Intel Core i5,Yok (Free Dos),4.2 GHz,1920 x 1080,Yok,8 GB,DDR4,Yok,512 GB,,2.4 GHz,7.999 TL
1229,Lenovo,,,"9,1",Notebook,2933 MHz,Var,1 - 2 kg,Yok,"15,6 inç",Dahili Ekran Kartý,Onboard,11.Nesil,Intel Core i5,Windows 10 Home,4.2 GHz,1920 x 1080,Yok,12 GB,DDR4,Yok,2 TB,,2.4 GHz,16.139 TL
1230,Lenovo,4.7,267,10,Oyun Bilgisayarlarý,3200 MHz,Var,2 - 4 kg,Yok,"15,6 inç",Yüksek Seviye Harici Ekran Kartý,GDDR6,5.Nesil,AMD Ryzen 5,Yok (Free Dos),4.2 GHz,1920 x 1080,Yok,8 GB,DDR4,Yok,512 GB,6 Saat ve Üstü,3.3 GHz,13.998 TL
1231,Lenovo,4.6,13,"9,6",Notebook,3200 MHz,Var,2 - 4 kg,Yok,14 inç,Harici Ekran Kartý,GDDR5,11.Nesil,Intel Core i5,Yok (Free Dos),4.2 GHz,1920 x 1080,Yok,8 GB,DDR4,Yok,256 GB,4 - 6 Saat,2.4 GHz,8.999 TL
1232,Monster,4.7,268,"9,9",Oyun Bilgisayarlarý,3200 MHz,Var,2 - 4 kg,Yok,"15,6 inç",Harici Ekran Kartý,GDDR6,11.Nesil,Intel Core i5,Yok (Free Dos),4.5 GHz,1920 x 1080,Yok,16 GB,DDR4,Yok,500 GB,,2.70 GHz,16.099 TL
1233,HP,5.0,15,10,Notebook,2666 MHz,Var,2 - 4 kg,Yok,"15,6 inç",Dahili Ekran Kartý,Belirtilmemiþ,11.Nesil,Intel Core i3,Windows 10 Home,4.1 GHz,1920 x 1080,Yok,4 GB,DDR4,Yok,256 GB,,1.7 GHz,6.899 TL
1234,Dell,,,"9,8",Notebook,2666 MHz,Var,1 - 2 kg,Yok,"15,6 inç",Dahili Ekran Kartý,Onboard,11.Nesil,Intel Core i7,Windows 10 Home,4.7 GHz,1920 x 1080,Yok,8 GB,DDR4,Yok,512 GB,,2.8 GHz,18.175 TL
1235,Lenovo,4.7,146,"9,9",Notebook,Belirtilmemiþ,Var,1 - 2 kg,Yok,"15,6 inç",Dahili Ekran Kartý,Belirtilmemiþ,11.Nesil,Intel Core i5,Windows 10 Home,4.2 GHz,1920 x 1080,Yok,8 GB,Belirtilmemiþ,Yok,256 GB,6 Saat ve Üstü,2.4 GHz,11.682 TL
1236,Asus,4.8,85,10,Ýkisi Bir Arada,3733 MHz,Var,1 - 2 kg,Var,"13,3 inç",Dahili Ekran Kartý,Onboard,10.Nesil,Intel Core i5,Windows 10 Home,3.7 GHz,1920 x 1080,Yok,8 GB,LPDDR4X,Yok,512 GB,,1.1 GHz,11.599 TL
1237,Dell,4.7,129,10,Oyun Bilgisayarlarý,3200 MHz,Var,2 - 4 kg,Yok,"15,6 inç",Harici Ekran Kartý,GDDR6,Ryzen,AMD Ryzen 7,Windows 11 Home,4.4 GHz,1920 x 1080,Belirtilmemiþ,16 GB,DDR4,Yok,512 GB,,3.2 GHz,19.999 TL
1238,Acer,5.0,3,,Oyun Bilgisayarlarý,Belirtilmemiþ,Var,2 kg ve Altý,Yok,"15,6 inç",Yüksek Seviye Harici Ekran Kartý,GDDR6,5.Nesil,AMD Ryzen 5,Yok (Free Dos),4.3 GHz,1920 x 1080,Yok,16 GB,DDR4,Yok,512 GB,,3.3 GHz,18.998 TL
1239,Dell,4.9,65,,Oyun Bilgisayarlarý,3200 MHz,Var,2 - 4 kg,Yok,"15,6 inç",Harici Ekran Kartý,GDDR6,11.Nesil,Intel Core i7,Ubuntu,4.6 GHz,1920 x 1080,Yok,16 GB,DDR4,Yok,512 GB,,2.30 GHz,19.998 TL
1240,Fujitsu,,,"9,7",Notebook,3200 MHz,Var,1 - 2 kg,Yok,"15,6 inç",Dahili Ekran Kartý,Belirtilmemiþ,10.Nesil,Intel Core i5,Windows 10 Home,3.6 GHz,1920 x 1080,Yok,8 GB,DDR4,Yok,480 GB,4 - 6 Saat,1 GHz,9.327 TL
1241,Monster,4.7,213,"9,9",Oyun Bilgisayarlarý,3200 MHz,Var,2 - 4 kg,Yok,"15,6 inç",Harici Ekran Kartý,GDDR6,11.Nesil,Intel Core i5,Yok (Free Dos),4.5 GHz,1920 x 1080,Yok,8 GB,DDR4,Yok,500 GB,3 Saat ve Altý,2.70 GHz,15.699 TL
1242,Huawei,4.7,154,09,Notebook,Belirtilmemiþ,Var,1 - 2 kg,Yok,"15,6 inç",Dahili Ekran Kartý,Onboard,11.Nesil,Intel Core i7,Windows 11 Home,4.7 GHz,1920 x 1080,Var,16 GB,DDR4,Yok,512 GB,,2.8 GHz,13.908 TL
1243,HONOR,4.8,48,"9,1",Notebook,Belirtilmemiþ,Var,1 - 2 kg,Yok,"15,6 inç",Dahili Ekran Kartý,Onboard,10.Nesil,Intel Core i5,Windows 10 Home,Yok,1920 x 1080,Var,8 GB,DDR4,512 GB,512 GB,,Belirtilmemiþ,8.379 TL
1244,HP,4.2,16,"9,9",Notebook,3200 MHz,Var,2 - 4 kg,Yok,"15,6 inç",Harici Ekran Kartý,GDDR6,11.Nesil,Intel Core i5,Windows 11 Home,4.4 GHz,1920 x 1080,Yok,16 GB,DDR4,Yok,512 GB,4 - 6 Saat,2.6 GHz,15.999 TL
1245,Asus,4.8,165,,Notebook,2400 MHz,Var,1 - 2 kg,Yok,"15,6 inç",Dahili Ekran Kartý,Onboard,10.Nesil,Intel Core i3,Windows 10 Home,4.1 GHz,1366 x 768,Yok,4 GB,DDR4,Yok,256 GB,,2.1 GHz,5.988 TL
1246,Dell,4.4,7,"9,7",Notebook,2666 MHz,Var,1 - 2 kg,Yok,14 inç,Harici Ekran Kartý,GDDR5,11.Nesil,Intel Core i7,Ubuntu,4.7 GHz,1920 x 1080,Yok,8 GB,DDR4,Yok,512 GB,,2.80 GHz,16.399 TL
1247,Casper,4.4,167,,Notebook,2133 MHz,Var,1 - 2 kg,Yok,14 inç,Dahili Ekran Kartý,Onboard,Yok,Intel Celeron,Windows 11 Home,2.6 GHz,1366 x 768,Yok,4 GB,DDR3,Yok,120 GB,,1.10 GHz,3.948 TL
1248,Lenovo,4.7,15,10,Notebook,3200 MHz,Var,2 kg ve Altý,Yok,14 inç,Dahili Ekran Kartý,Onboard,11.Nesil,Intel Core i5,Windows 10 Home,4.2 GHz,1920 x 1080,Yok,8 GB,DDR4,Yok,512 GB,3 Saat ve Altý,2.40 GHz,8.999 TL
1249,Lenovo,4.4,237,"9,6",Notebook,2400 MHz,Var,2 kg ve Altý,Belirtilmemiþ,14 inç,Dahili Ekran Kartý,Onboard,4.Nesil,Intel Celeron,Yok (Free Dos),2.8 GHz,1366 x 768,Yok,4 GB,DDR4,Yok,128 GB,6 Saat ve Üstü,1.1 GHz,3.820 TL
1250,HP,,,09,Notebook,3200 MHz,Var,1 - 2 kg,Yok,14 inç,Dahili Ekran Kartý,Onboard,11.Nesil,Intel Core i5,Windows 10 Pro,4.2 GHz,1920 x 1080,Yok,8 GB,DDR4,Yok,512 GB,4 - 6 Saat,2.4 GHz,14.088 TL
1251,Lenovo,,,"9,1",Notebook,2933 MHz,Var,1 - 2 kg,Yok,"15,6 inç",Dahili Ekran Kartý,Onboard,11.Nesil,Intel Core i5,Windows 10 Home,4.2 GHz,1920 x 1080,Yok,12 GB,DDR4,Yok,2 TB,,2.4 GHz,16.139 TL
1252,Casper,4.6,40,10,Oyun Bilgisayarlarý,2933 MHz,Var,2 - 4 kg,Yok,"15,6 inç",Yüksek Seviye Harici Ekran Kartý,GDDR6,10. Nesil,Intel Core i5,Windows 11 Home,4.5 GHz,1920 x 1080,Yok,8 GB,DDR4,Yok,250 GB,,2.5 GHz,12.499 TL
1253,Lenovo,5.0,2,"9,8",Notebook,2666 MHz,Var,2 kg ve Altý,Yok,14 inç,Dahili Ekran Kartý,Onboard,11.Nesil,Intel Core i5,Yok (Free Dos),4.2 GHz,1920 x 1080,Yok,8 GB,DDR4,Yok,512 GB,,2.4 GHz,7.999 TL
1254,Lenovo,4.7,267,10,Oyun Bilgisayarlarý,3200 MHz,Var,2 - 4 kg,Yok,"15,6 inç",Yüksek Seviye Harici Ekran Kartý,GDDR6,5.Nesil,AMD Ryzen 5,Yok (Free Dos),4.2 GHz,1920 x 1080,Yok,8 GB,DDR4,Yok,512 GB,6 Saat ve Üstü,3.3 GHz,13.998 TL
1255,Lenovo,4.6,13,"9,6",Notebook,3200 MHz,Var,2 - 4 kg,Yok,14 inç,Harici Ekran Kartý,GDDR5,11.Nesil,Intel Core i5,Yok (Free Dos),4.2 GHz,1920 x 1080,Yok,8 GB,DDR4,Yok,256 GB,4 - 6 Saat,2.4 GHz,8.999 TL
1256,Monster,4.7,268,"9,9",Oyun Bilgisayarlarý,3200 MHz,Var,2 - 4 kg,Yok,"15,6 inç",Harici Ekran Kartý,GDDR6,11.Nesil,Intel Core i5,Yok (Free Dos),4.5 GHz,1920 x 1080,Yok,16 GB,DDR4,Yok,500 GB,,2.70 GHz,16.099 TL
1257,HP,5.0,15,10,Notebook,2666 MHz,Var,2 - 4 kg,Yok,"15,6 inç",Dahili Ekran Kartý,Belirtilmemiþ,11.Nesil,Intel Core i3,Windows 10 Home,4.1 GHz,1920 x 1080,Yok,4 GB,DDR4,Yok,256 GB,,1.7 GHz,6.899 TL
1258,Lenovo,4.7,146,"9,9",Notebook,Belirtilmemiþ,Var,1 - 2 kg,Yok,"15,6 inç",Dahili Ekran Kartý,Belirtilmemiþ,11.Nesil,Intel Core i5,Windows 10 Home,4.2 GHz,1920 x 1080,Yok,8 GB,Belirtilmemiþ,Yok,256 GB,6 Saat ve Üstü,2.4 GHz,11.682 TL
1259,Dell,,,"9,8",Notebook,2666 MHz,Var,1 - 2 kg,Yok,"15,6 inç",Dahili Ekran Kartý,Onboard,11.Nesil,Intel Core i7,Windows 10 Home,4.7 GHz,1920 x 1080,Yok,8 GB,DDR4,Yok,512 GB,,2.8 GHz,18.175 TL
1260,Asus,4.8,85,10,Ýkisi Bir Arada,3733 MHz,Var,1 - 2 kg,Var,"13,3 inç",Dahili Ekran Kartý,Onboard,10.Nesil,Intel Core i5,Windows 10 Home,3.7 GHz,1920 x 1080,Yok,8 GB,LPDDR4X,Yok,512 GB,,1.1 GHz,11.599 TL
1261,Dell,4.7,129,10,Oyun Bilgisayarlarý,3200 MHz,Var,2 - 4 kg,Yok,"15,6 inç",Harici Ekran Kartý,GDDR6,Ryzen,AMD Ryzen 7,Windows 11 Home,4.4 GHz,1920 x 1080,Belirtilmemiþ,16 GB,DDR4,Yok,512 GB,,3.2 GHz,19.999 TL
1262,Acer,5.0,3,,Oyun Bilgisayarlarý,Belirtilmemiþ,Var,2 kg ve Altý,Yok,"15,6 inç",Yüksek Seviye Harici Ekran Kartý,GDDR6,5.Nesil,AMD Ryzen 5,Yok (Free Dos),4.3 GHz,1920 x 1080,Yok,16 GB,DDR4,Yok,512 GB,,3.3 GHz,18.998 TL
1263,Fujitsu,,,"9,7",Notebook,3200 MHz,Var,1 - 2 kg,Yok,"15,6 inç",Dahili Ekran Kartý,Belirtilmemiþ,10.Nesil,Intel Core i5,Windows 10 Home,3.6 GHz,1920 x 1080,Yok,8 GB,DDR4,Yok,480 GB,4 - 6 Saat,1 GHz,9.327 TL
1264,Dell,4.9,65,,Oyun Bilgisayarlarý,3200 MHz,Var,2 - 4 kg,Yok,"15,6 inç",Harici Ekran Kartý,GDDR6,11.Nesil,Intel Core i7,Ubuntu,4.6 GHz,1920 x 1080,Yok,16 GB,DDR4,Yok,512 GB,,2.30 GHz,19.998 TL
1265,Monster,4.7,213,"9,9",Oyun Bilgisayarlarý,3200 MHz,Var,2 - 4 kg,Yok,"15,6 inç",Harici Ekran Kartý,GDDR6,11.Nesil,Intel Core i5,Yok (Free Dos),4.5 GHz,1920 x 1080,Yok,8 GB,DDR4,Yok,500 GB,3 Saat ve Altý,2.70 GHz,15.699 TL
1266,Huawei,4.7,154,09,Notebook,Belirtilmemiþ,Var,1 - 2 kg,Yok,"15,6 inç",Dahili Ekran Kartý,Onboard,11.Nesil,Intel Core i7,Windows 11 Home,4.7 GHz,1920 x 1080,Var,16 GB,DDR4,Yok,512 GB,,2.8 GHz,13.908 TL
1267,HONOR,4.8,48,"9,1",Notebook,Belirtilmemiþ,Var,1 - 2 kg,Yok,"15,6 inç",Dahili Ekran Kartý,Onboard,10.Nesil,Intel Core i5,Windows 10 Home,Yok,1920 x 1080,Var,8 GB,DDR4,512 GB,512 GB,,Belirtilmemiþ,8.379 TL
1268,HP,4.2,16,"9,9",Notebook,3200 MHz,Var,2 - 4 kg,Yok,"15,6 inç",Harici Ekran Kartý,GDDR6,11.Nesil,Intel Core i5,Windows 11 Home,4.4 GHz,1920 x 1080,Yok,16 GB,DDR4,Yok,512 GB,4 - 6 Saat,2.6 GHz,15.999 TL
1269,Asus,4.8,165,,Notebook,2400 MHz,Var,1 - 2 kg,Yok,"15,6 inç",Dahili Ekran Kartý,Onboard,10.Nesil,Intel Core i3,Windows 10 Home,4.1 GHz,1366 x 768,Yok,4 GB,DDR4,Yok,256 GB,,2.1 GHz,5.988 TL
1270,Dell,4.4,7,"9,7",Notebook,2666 MHz,Var,1 - 2 kg,Yok,14 inç,Harici Ekran Kartý,GDDR5,11.Nesil,Intel Core i7,Ubuntu,4.7 GHz,1920 x 1080,Yok,8 GB,DDR4,Yok,512 GB,,2.80 GHz,16.399 TL
1271,Casper,4.4,167,,Notebook,2133 MHz,Var,1 - 2 kg,Yok,14 inç,Dahili Ekran Kartý,Onboard,Yok,Intel Celeron,Windows 11 Home,2.6 GHz,1366 x 768,Yok,4 GB,DDR3,Yok,120 GB,,1.10 GHz,3.948 TL
1272,Lenovo,4.7,15,10,Notebook,3200 MHz,Var,2 kg ve Altý,Yok,14 inç,Dahili Ekran Kartý,Onboard,11.Nesil,Intel Core i5,Windows 10 Home,4.2 GHz,1920 x 1080,Yok,8 GB,DDR4,Yok,512 GB,3 Saat ve Altý,2.40 GHz,8.999 TL
1273,Lenovo,4.4,237,"9,6",Notebook,2400 MHz,Var,2 kg ve Altý,Belirtilmemiþ,14 inç,Dahili Ekran Kartý,Onboard,4.Nesil,Intel Celeron,Yok (Free Dos),2.8 GHz,1366 x 768,Yok,4 GB,DDR4,Yok,128 GB,6 Saat ve Üstü,1.1 GHz,3.820 TL
1274,HP,,,09,Notebook,3200 MHz,Var,1 - 2 kg,Yok,14 inç,Dahili Ekran Kartý,Onboard,11.Nesil,Intel Core i5,Windows 10 Pro,4.2 GHz,1920 x 1080,Yok,8 GB,DDR4,Yok,512 GB,4 - 6 Saat,2.4 GHz,14.088 TL
1275,Lenovo,,,"9,1",Notebook,2933 MHz,Var,1 - 2 kg,Yok,"15,6 inç",Dahili Ekran Kartý,Onboard,11.Nesil,Intel Core i5,Windows 10 Home,4.2 GHz,1920 x 1080,Yok,12 GB,DDR4,Yok,2 TB,,2.4 GHz,16.139 TL
1276,Casper,4.6,40,10,Oyun Bilgisayarlarý,2933 MHz,Var,2 - 4 kg,Yok,"15,6 inç",Yüksek Seviye Harici Ekran Kartý,GDDR6,10. Nesil,Intel Core i5,Windows 11 Home,4.5 GHz,1920 x 1080,Yok,8 GB,DDR4,Yok,250 GB,,2.5 GHz,12.499 TL
1277,Lenovo,5.0,2,"9,8",Notebook,2666 MHz,Var,2 kg ve Altý,Yok,14 inç,Dahili Ekran Kartý,Onboard,11.Nesil,Intel Core i5,Yok (Free Dos),4.2 GHz,1920 x 1080,Yok,8 GB,DDR4,Yok,512 GB,,2.4 GHz,7.999 TL
1278,Lenovo,4.7,267,10,Oyun Bilgisayarlarý,3200 MHz,Var,2 - 4 kg,Yok,"15,6 inç",Yüksek Seviye Harici Ekran Kartý,GDDR6,5.Nesil,AMD Ryzen 5,Yok (Free Dos),4.2 GHz,1920 x 1080,Yok,8 GB,DDR4,Yok,512 GB,6 Saat ve Üstü,3.3 GHz,13.998 TL
1279,Lenovo,4.6,13,"9,6",Notebook,3200 MHz,Var,2 - 4 kg,Yok,14 inç,Harici Ekran Kartý,GDDR5,11.Nesil,Intel Core i5,Yok (Free Dos),4.2 GHz,1920 x 1080,Yok,8 GB,DDR4,Yok,256 GB,4 - 6 Saat,2.4 GHz,8.999 TL
1280,Monster,4.7,268,"9,9",Oyun Bilgisayarlarý,3200 MHz,Var,2 - 4 kg,Yok,"15,6 inç",Harici Ekran Kartý,GDDR6,11.Nesil,Intel Core i5,Yok (Free Dos),4.5 GHz,1920 x 1080,Yok,16 GB,DDR4,Yok,500 GB,,2.70 GHz,16.099 TL
1281,HP,5.0,15,10,Notebook,2666 MHz,Var,2 - 4 kg,Yok,"15,6 inç",Dahili Ekran Kartý,Belirtilmemiþ,11.Nesil,Intel Core i3,Windows 10 Home,4.1 GHz,1920 x 1080,Yok,4 GB,DDR4,Yok,256 GB,,1.7 GHz,6.899 TL
1282,Lenovo,4.7,146,"9,9",Notebook,Belirtilmemiþ,Var,1 - 2 kg,Yok,"15,6 inç",Dahili Ekran Kartý,Belirtilmemiþ,11.Nesil,Intel Core i5,Windows 10 Home,4.2 GHz,1920 x 1080,Yok,8 GB,Belirtilmemiþ,Yok,256 GB,6 Saat ve Üstü,2.4 GHz,11.682 TL
1283,Dell,,,"9,8",Notebook,2666 MHz,Var,1 - 2 kg,Yok,"15,6 inç",Dahili Ekran Kartý,Onboard,11.Nesil,Intel Core i7,Windows 10 Home,4.7 GHz,1920 x 1080,Yok,8 GB,DDR4,Yok,512 GB,,2.8 GHz,18.175 TL
1284,Asus,4.8,85,10,Ýkisi Bir Arada,3733 MHz,Var,1 - 2 kg,Var,"13,3 inç",Dahili Ekran Kartý,Onboard,10.Nesil,Intel Core i5,Windows 10 Home,3.7 GHz,1920 x 1080,Yok,8 GB,LPDDR4X,Yok,512 GB,,1.1 GHz,11.599 TL
1285,Dell,4.7,129,10,Oyun Bilgisayarlarý,3200 MHz,Var,2 - 4 kg,Yok,"15,6 inç",Harici Ekran Kartý,GDDR6,Ryzen,AMD Ryzen 7,Windows 11 Home,4.4 GHz,1920 x 1080,Belirtilmemiþ,16 GB,DDR4,Yok,512 GB,,3.2 GHz,19.999 TL
1286,Acer,5.0,3,,Oyun Bilgisayarlarý,Belirtilmemiþ,Var,2 kg ve Altý,Yok,"15,6 inç",Yüksek Seviye Harici Ekran Kartý,GDDR6,5.Nesil,AMD Ryzen 5,Yok (Free Dos),4.3 GHz,1920 x 1080,Yok,16 GB,DDR4,Yok,512 GB,,3.3 GHz,18.998 TL
1287,Fujitsu,,,"9,7",Notebook,3200 MHz,Var,1 - 2 kg,Yok,"15,6 inç",Dahili Ekran Kartý,Belirtilmemiþ,10.Nesil,Intel Core i5,Windows 10 Home,3.6 GHz,1920 x 1080,Yok,8 GB,DDR4,Yok,480 GB,4 - 6 Saat,1 GHz,9.327 TL
1288,Dell,4.9,65,,Oyun Bilgisayarlarý,3200 MHz,Var,2 - 4 kg,Yok,"15,6 inç",Harici Ekran Kartý,GDDR6,11.Nesil,Intel Core i7,Ubuntu,4.6 GHz,1920 x 1080,Yok,16 GB,DDR4,Yok,512 GB,,2.30 GHz,19.998 TL
1289,Monster,4.7,213,"9,9",Oyun Bilgisayarlarý,3200 MHz,Var,2 - 4 kg,Yok,"15,6 inç",Harici Ekran Kartý,GDDR6,11.Nesil,Intel Core i5,Yok (Free Dos),4.5 GHz,1920 x 1080,Yok,8 GB,DDR4,Yok,500 GB,3 Saat ve Altý,2.70 GHz,15.699 TL
1290,Huawei,4.7,154,09,Notebook,Belirtilmemiþ,Var,1 - 2 kg,Yok,"15,6 inç",Dahili Ekran Kartý,Onboard,11.Nesil,Intel Core i7,Windows 11 Home,4.7 GHz,1920 x 1080,Var,16 GB,DDR4,Yok,512 GB,,2.8 GHz,13.908 TL
1291,HONOR,4.8,48,"9,1",Notebook,Belirtilmemiþ,Var,1 - 2 kg,Yok,"15,6 inç",Dahili Ekran Kartý,Onboard,10.Nesil,Intel Core i5,Windows 10 Home,Yok,1920 x 1080,Var,8 GB,DDR4,512 GB,512 GB,,Belirtilmemiþ,8.379 TL
1292,HP,4.2,16,"9,9",Notebook,3200 MHz,Var,2 - 4 kg,Yok,"15,6 inç",Harici Ekran Kartý,GDDR6,11.Nesil,Intel Core i5,Windows 11 Home,4.4 GHz,1920 x 1080,Yok,16 GB,DDR4,Yok,512 GB,4 - 6 Saat,2.6 GHz,15.999 TL
1293,Asus,4.8,165,,Notebook,2400 MHz,Var,1 - 2 kg,Yok,"15,6 inç",Dahili Ekran Kartý,Onboard,10.Nesil,Intel Core i3,Windows 10 Home,4.1 GHz,1366 x 768,Yok,4 GB,DDR4,Yok,256 GB,,2.1 GHz,5.988 TL
1294,Dell,4.4,7,"9,7",Notebook,2666 MHz,Var,1 - 2 kg,Yok,14 inç,Harici Ekran Kartý,GDDR5,11.Nesil,Intel Core i7,Ubuntu,4.7 GHz,1920 x 1080,Yok,8 GB,DDR4,Yok,512 GB,,2.80 GHz,16.399 TL
1295,Casper,4.4,167,,Notebook,2133 MHz,Var,1 - 2 kg,Yok,14 inç,Dahili Ekran Kartý,Onboard,Yok,Intel Celeron,Windows 11 Home,2.6 GHz,1366 x 768,Yok,4 GB,DDR3,Yok,120 GB,,1.10 GHz,3.948 TL
1296,Lenovo,4.7,15,10,Notebook,3200 MHz,Var,2 kg ve Altý,Yok,14 inç,Dahili Ekran Kartý,Onboard,11.Nesil,Intel Core i5,Windows 10 Home,4.2 GHz,1920 x 1080,Yok,8 GB,DDR4,Yok,512 GB,3 Saat ve Altý,2.40 GHz,8.999 TL
1297,Lenovo,4.4,237,"9,6",Notebook,2400 MHz,Var,2 kg ve Altý,Belirtilmemiþ,14 inç,Dahili Ekran Kartý,Onboard,4.Nesil,Intel Celeron,Yok (Free Dos),2.8 GHz,1366 x 768,Yok,4 GB,DDR4,Yok,128 GB,6 Saat ve Üstü,1.1 GHz,3.820 TL
1298,HP,5.0,15,10,Notebook,2666 MHz,Var,2 - 4 kg,Yok,"15,6 inç",Dahili Ekran Kartý,Belirtilmemiþ,11.Nesil,Intel Core i3,Windows 10 Home,4.1 GHz,1920 x 1080,Yok,4 GB,DDR4,Yok,256 GB,,1.7 GHz,6.899 TL
1299,Casper,4.6,40,10,Oyun Bilgisayarlarý,2933 MHz,Var,2 - 4 kg,Yok,"15,6 inç",Yüksek Seviye Harici Ekran Kartý,GDDR6,10. Nesil,Intel Core i5,Windows 11 Home,4.5 GHz,1920 x 1080,Yok,8 GB,DDR4,Yok,250 GB,,2.5 GHz,12.499 TL
1300,Lenovo,5.0,2,"9,8",Notebook,2666 MHz,Var,2 kg ve Altý,Yok,14 inç,Dahili Ekran Kartý,Onboard,11.Nesil,Intel Core i5,Yok (Free Dos),4.2 GHz,1920 x 1080,Yok,8 GB,DDR4,Yok,512 GB,,2.4 GHz,7.999 TL
1301,Lenovo,,,"9,1",Notebook,2933 MHz,Var,1 - 2 kg,Yok,"15,6 inç",Dahili Ekran Kartý,Onboard,11.Nesil,Intel Core i5,Windows 10 Home,4.2 GHz,1920 x 1080,Yok,12 GB,DDR4,Yok,2 TB,,2.4 GHz,16.139 TL
1302,Lenovo,4.7,267,10,Oyun Bilgisayarlarý,3200 MHz,Var,2 - 4 kg,Yok,"15,6 inç",Yüksek Seviye Harici Ekran Kartý,GDDR6,5.Nesil,AMD Ryzen 5,Yok (Free Dos),4.2 GHz,1920 x 1080,Yok,8 GB,DDR4,Yok,512 GB,6 Saat ve Üstü,3.3 GHz,13.998 TL
1303,Lenovo,4.6,13,"9,6",Notebook,3200 MHz,Var,2 - 4 kg,Yok,14 inç,Harici Ekran Kartý,GDDR5,11.Nesil,Intel Core i5,Yok (Free Dos),4.2 GHz,1920 x 1080,Yok,8 GB,DDR4,Yok,256 GB,4 - 6 Saat,2.4 GHz,8.999 TL
1304,Monster,4.7,268,"9,9",Oyun Bilgisayarlarý,3200 MHz,Var,2 - 4 kg,Yok,"15,6 inç",Harici Ekran Kartý,GDDR6,11.Nesil,Intel Core i5,Yok (Free Dos),4.5 GHz,1920 x 1080,Yok,16 GB,DDR4,Yok,500 GB,,2.70 GHz,16.099 TL
1305,Lenovo,4.7,146,"9,9",Notebook,Belirtilmemiþ,Var,1 - 2 kg,Yok,"15,6 inç",Dahili Ekran Kartý,Belirtilmemiþ,11.Nesil,Intel Core i5,Windows 10 Home,4.2 GHz,1920 x 1080,Yok,8 GB,Belirtilmemiþ,Yok,256 GB,6 Saat ve Üstü,2.4 GHz,11.682 TL
1306,HP,,,09,Notebook,3200 MHz,Var,1 - 2 kg,Yok,14 inç,Dahili Ekran Kartý,Onboard,11.Nesil,Intel Core i5,Windows 10 Pro,4.2 GHz,1920 x 1080,Yok,8 GB,DDR4,Yok,512 GB,4 - 6 Saat,2.4 GHz,14.088 TL
1307,Dell,,,"9,8",Notebook,2666 MHz,Var,1 - 2 kg,Yok,"15,6 inç",Dahili Ekran Kartý,Onboard,11.Nesil,Intel Core i7,Windows 10 Home,4.7 GHz,1920 x 1080,Yok,8 GB,DDR4,Yok,512 GB,,2.8 GHz,18.175 TL
1308,Asus,4.8,85,10,Ýkisi Bir Arada,3733 MHz,Var,1 - 2 kg,Var,"13,3 inç",Dahili Ekran Kartý,Onboard,10.Nesil,Intel Core i5,Windows 10 Home,3.7 GHz,1920 x 1080,Yok,8 GB,LPDDR4X,Yok,512 GB,,1.1 GHz,11.599 TL
1309,Dell,4.7,129,10,Oyun Bilgisayarlarý,3200 MHz,Var,2 - 4 kg,Yok,"15,6 inç",Harici Ekran Kartý,GDDR6,Ryzen,AMD Ryzen 7,Windows 11 Home,4.4 GHz,1920 x 1080,Belirtilmemiþ,16 GB,DDR4,Yok,512 GB,,3.2 GHz,19.999 TL
1310,Acer,5.0,3,,Oyun Bilgisayarlarý,Belirtilmemiþ,Var,2 kg ve Altý,Yok,"15,6 inç",Yüksek Seviye Harici Ekran Kartý,GDDR6,5.Nesil,AMD Ryzen 5,Yok (Free Dos),4.3 GHz,1920 x 1080,Yok,16 GB,DDR4,Yok,512 GB,,3.3 GHz,18.998 TL
1311,Dell,4.9,65,,Oyun Bilgisayarlarý,3200 MHz,Var,2 - 4 kg,Yok,"15,6 inç",Harici Ekran Kartý,GDDR6,11.Nesil,Intel Core i7,Ubuntu,4.6 GHz,1920 x 1080,Yok,16 GB,DDR4,Yok,512 GB,,2.30 GHz,19.998 TL
1312,Monster,4.7,213,"9,9",Oyun Bilgisayarlarý,3200 MHz,Var,2 - 4 kg,Yok,"15,6 inç",Harici Ekran Kartý,GDDR6,11.Nesil,Intel Core i5,Yok (Free Dos),4.5 GHz,1920 x 1080,Yok,8 GB,DDR4,Yok,500 GB,3 Saat ve Altý,2.70 GHz,15.699 TL
1313,Fujitsu,,,"9,7",Notebook,3200 MHz,Var,1 - 2 kg,Yok,"15,6 inç",Dahili Ekran Kartý,Belirtilmemiþ,10.Nesil,Intel Core i5,Windows 10 Home,3.6 GHz,1920 x 1080,Yok,8 GB,DDR4,Yok,480 GB,4 - 6 Saat,1 GHz,9.327 TL
1314,Huawei,4.7,154,09,Notebook,Belirtilmemiþ,Var,1 - 2 kg,Yok,"15,6 inç",Dahili Ekran Kartý,Onboard,11.Nesil,Intel Core i7,Windows 11 Home,4.7 GHz,1920 x 1080,Var,16 GB,DDR4,Yok,512 GB,,2.8 GHz,13.908 TL
1315,HONOR,4.8,48,"9,1",Notebook,Belirtilmemiþ,Var,1 - 2 kg,Yok,"15,6 inç",Dahili Ekran Kartý,Onboard,10.Nesil,Intel Core i5,Windows 10 Home,Yok,1920 x 1080,Var,8 GB,DDR4,512 GB,512 GB,,Belirtilmemiþ,8.379 TL
1316,HP,4.2,16,"9,9",Notebook,3200 MHz,Var,2 - 4 kg,Yok,"15,6 inç",Harici Ekran Kartý,GDDR6,11.Nesil,Intel Core i5,Windows 11 Home,4.4 GHz,1920 x 1080,Yok,16 GB,DDR4,Yok,512 GB,4 - 6 Saat,2.6 GHz,15.999 TL
1317,Asus,4.8,165,,Notebook,2400 MHz,Var,1 - 2 kg,Yok,"15,6 inç",Dahili Ekran Kartý,Onboard,10.Nesil,Intel Core i3,Windows 10 Home,4.1 GHz,1366 x 768,Yok,4 GB,DDR4,Yok,256 GB,,2.1 GHz,5.988 TL
1318,Dell,4.4,7,"9,7",Notebook,2666 MHz,Var,1 - 2 kg,Yok,14 inç,Harici Ekran Kartý,GDDR5,11.Nesil,Intel Core i7,Ubuntu,4.7 GHz,1920 x 1080,Yok,8 GB,DDR4,Yok,512 GB,,2.80 GHz,16.399 TL
1319,Casper,4.4,167,,Notebook,2133 MHz,Var,1 - 2 kg,Yok,14 inç,Dahili Ekran Kartý,Onboard,Yok,Intel Celeron,Windows 11 Home,2.6 GHz,1366 x 768,Yok,4 GB,DDR3,Yok,120 GB,,1.10 GHz,3.948 TL
1320,Lenovo,4.7,15,10,Notebook,3200 MHz,Var,2 kg ve Altý,Yok,14 inç,Dahili Ekran Kartý,Onboard,11.Nesil,Intel Core i5,Windows 10 Home,4.2 GHz,1920 x 1080,Yok,8 GB,DDR4,Yok,512 GB,3 Saat ve Altý,2.40 GHz,8.999 TL
1321,Lenovo,4.4,237,"9,6",Notebook,2400 MHz,Var,2 kg ve Altý,Belirtilmemiþ,14 inç,Dahili Ekran Kartý,Onboard,4.Nesil,Intel Celeron,Yok (Free Dos),2.8 GHz,1366 x 768,Yok,4 GB,DDR4,Yok,128 GB,6 Saat ve Üstü,1.1 GHz,3.820 TL
1322,HP,5.0,15,10,Notebook,2666 MHz,Var,2 - 4 kg,Yok,"15,6 inç",Dahili Ekran Kartý,Belirtilmemiþ,11.Nesil,Intel Core i3,Windows 10 Home,4.1 GHz,1920 x 1080,Yok,4 GB,DDR4,Yok,256 GB,,1.7 GHz,6.899 TL
1323,Casper,4.6,40,10,Oyun Bilgisayarlarý,2933 MHz,Var,2 - 4 kg,Yok,"15,6 inç",Yüksek Seviye Harici Ekran Kartý,GDDR6,10. Nesil,Intel Core i5,Windows 11 Home,4.5 GHz,1920 x 1080,Yok,8 GB,DDR4,Yok,250 GB,,2.5 GHz,12.499 TL
1324,Lenovo,5.0,2,"9,8",Notebook,2666 MHz,Var,2 kg ve Altý,Yok,14 inç,Dahili Ekran Kartý,Onboard,11.Nesil,Intel Core i5,Yok (Free Dos),4.2 GHz,1920 x 1080,Yok,8 GB,DDR4,Yok,512 GB,,2.4 GHz,7.999 TL
1325,Lenovo,,,"9,1",Notebook,2933 MHz,Var,1 - 2 kg,Yok,"15,6 inç",Dahili Ekran Kartý,Onboard,11.Nesil,Intel Core i5,Windows 10 Home,4.2 GHz,1920 x 1080,Yok,12 GB,DDR4,Yok,2 TB,,2.4 GHz,16.139 TL
1326,Lenovo,4.7,267,10,Oyun Bilgisayarlarý,3200 MHz,Var,2 - 4 kg,Yok,"15,6 inç",Yüksek Seviye Harici Ekran Kartý,GDDR6,5.Nesil,AMD Ryzen 5,Yok (Free Dos),4.2 GHz,1920 x 1080,Yok,8 GB,DDR4,Yok,512 GB,6 Saat ve Üstü,3.3 GHz,13.998 TL
1327,Lenovo,4.6,13,"9,6",Notebook,3200 MHz,Var,2 - 4 kg,Yok,14 inç,Harici Ekran Kartý,GDDR5,11.Nesil,Intel Core i5,Yok (Free Dos),4.2 GHz,1920 x 1080,Yok,8 GB,DDR4,Yok,256 GB,4 - 6 Saat,2.4 GHz,8.999 TL
1328,Monster,4.7,268,"9,9",Oyun Bilgisayarlarý,3200 MHz,Var,2 - 4 kg,Yok,"15,6 inç",Harici Ekran Kartý,GDDR6,11.Nesil,Intel Core i5,Yok (Free Dos),4.5 GHz,1920 x 1080,Yok,16 GB,DDR4,Yok,500 GB,,2.70 GHz,16.099 TL
1329,Lenovo,4.7,146,"9,9",Notebook,Belirtilmemiþ,Var,1 - 2 kg,Yok,"15,6 inç",Dahili Ekran Kartý,Belirtilmemiþ,11.Nesil,Intel Core i5,Windows 10 Home,4.2 GHz,1920 x 1080,Yok,8 GB,Belirtilmemiþ,Yok,256 GB,6 Saat ve Üstü,2.4 GHz,11.682 TL
1330,HP,,,09,Notebook,3200 MHz,Var,1 - 2 kg,Yok,14 inç,Dahili Ekran Kartý,Onboard,11.Nesil,Intel Core i5,Windows 10 Pro,4.2 GHz,1920 x 1080,Yok,8 GB,DDR4,Yok,512 GB,4 - 6 Saat,2.4 GHz,14.088 TL
1331,Dell,,,"9,8",Notebook,2666 MHz,Var,1 - 2 kg,Yok,"15,6 inç",Dahili Ekran Kartý,Onboard,11.Nesil,Intel Core i7,Windows 10 Home,4.7 GHz,1920 x 1080,Yok,8 GB,DDR4,Yok,512 GB,,2.8 GHz,18.175 TL
1332,Asus,4.8,85,10,Ýkisi Bir Arada,3733 MHz,Var,1 - 2 kg,Var,"13,3 inç",Dahili Ekran Kartý,Onboard,10.Nesil,Intel Core i5,Windows 10 Home,3.7 GHz,1920 x 1080,Yok,8 GB,LPDDR4X,Yok,512 GB,,1.1 GHz,11.599 TL
1333,Dell,4.7,129,10,Oyun Bilgisayarlarý,3200 MHz,Var,2 - 4 kg,Yok,"15,6 inç",Harici Ekran Kartý,GDDR6,Ryzen,AMD Ryzen 7,Windows 11 Home,4.4 GHz,1920 x 1080,Belirtilmemiþ,16 GB,DDR4,Yok,512 GB,,3.2 GHz,19.999 TL
1334,Acer,5.0,3,,Oyun Bilgisayarlarý,Belirtilmemiþ,Var,2 kg ve Altý,Yok,"15,6 inç",Yüksek Seviye Harici Ekran Kartý,GDDR6,5.Nesil,AMD Ryzen 5,Yok (Free Dos),4.3 GHz,1920 x 1080,Yok,16 GB,DDR4,Yok,512 GB,,3.3 GHz,18.998 TL
1335,Dell,4.9,65,,Oyun Bilgisayarlarý,3200 MHz,Var,2 - 4 kg,Yok,"15,6 inç",Harici Ekran Kartý,GDDR6,11.Nesil,Intel Core i7,Ubuntu,4.6 GHz,1920 x 1080,Yok,16 GB,DDR4,Yok,512 GB,,2.30 GHz,19.998 TL
1336,Monster,4.7,213,"9,9",Oyun Bilgisayarlarý,3200 MHz,Var,2 - 4 kg,Yok,"15,6 inç",Harici Ekran Kartý,GDDR6,11.Nesil,Intel Core i5,Yok (Free Dos),4.5 GHz,1920 x 1080,Yok,8 GB,DDR4,Yok,500 GB,3 Saat ve Altý,2.70 GHz,15.699 TL
1337,Fujitsu,,,"9,7",Notebook,3200 MHz,Var,1 - 2 kg,Yok,"15,6 inç",Dahili Ekran Kartý,Belirtilmemiþ,10.Nesil,Intel Core i5,Windows 10 Home,3.6 GHz,1920 x 1080,Yok,8 GB,DDR4,Yok,480 GB,4 - 6 Saat,1 GHz,9.327 TL
1338,Huawei,4.7,154,09,Notebook,Belirtilmemiþ,Var,1 - 2 kg,Yok,"15,6 inç",Dahili Ekran Kartý,Onboard,11.Nesil,Intel Core i7,Windows 11 Home,4.7 GHz,1920 x 1080,Var,16 GB,DDR4,Yok,512 GB,,2.8 GHz,13.908 TL
1339,HONOR,4.8,48,"9,1",Notebook,Belirtilmemiþ,Var,1 - 2 kg,Yok,"15,6 inç",Dahili Ekran Kartý,Onboard,10.Nesil,Intel Core i5,Windows 10 Home,Yok,1920 x 1080,Var,8 GB,DDR4,512 GB,512 GB,,Belirtilmemiþ,8.379 TL
1340,HP,4.2,16,"9,9",Notebook,3200 MHz,Var,2 - 4 kg,Yok,"15,6 inç",Harici Ekran Kartý,GDDR6,11.Nesil,Intel Core i5,Windows 11 Home,4.4 GHz,1920 x 1080,Yok,16 GB,DDR4,Yok,512 GB,4 - 6 Saat,2.6 GHz,15.999 TL
1341,Asus,4.8,165,,Notebook,2400 MHz,Var,1 - 2 kg,Yok,"15,6 inç",Dahili Ekran Kartý,Onboard,10.Nesil,Intel Core i3,Windows 10 Home,4.1 GHz,1366 x 768,Yok,4 GB,DDR4,Yok,256 GB,,2.1 GHz,5.988 TL
1342,Dell,4.4,7,"9,7",Notebook,2666 MHz,Var,1 - 2 kg,Yok,14 inç,Harici Ekran Kartý,GDDR5,11.Nesil,Intel Core i7,Ubuntu,4.7 GHz,1920 x 1080,Yok,8 GB,DDR4,Yok,512 GB,,2.80 GHz,16.399 TL
1343,Casper,4.4,167,,Notebook,2133 MHz,Var,1 - 2 kg,Yok,14 inç,Dahili Ekran Kartý,Onboard,Yok,Intel Celeron,Windows 11 Home,2.6 GHz,1366 x 768,Yok,4 GB,DDR3,Yok,120 GB,,1.10 GHz,3.948 TL
1344,Lenovo,4.7,15,10,Notebook,3200 MHz,Var,2 kg ve Altý,Yok,14 inç,Dahili Ekran Kartý,Onboard,11.Nesil,Intel Core i5,Windows 10 Home,4.2 GHz,1920 x 1080,Yok,8 GB,DDR4,Yok,512 GB,3 Saat ve Altý,2.40 GHz,8.999 TL
1345,Lenovo,4.4,237,"9,6",Notebook,2400 MHz,Var,2 kg ve Altý,Belirtilmemiþ,14 inç,Dahili Ekran Kartý,Onboard,4.Nesil,Intel Celeron,Yok (Free Dos),2.8 GHz,1366 x 768,Yok,4 GB,DDR4,Yok,128 GB,6 Saat ve Üstü,1.1 GHz,3.820 TL
1346,HP,5.0,15,10,Notebook,2666 MHz,Var,2 - 4 kg,Yok,"15,6 inç",Dahili Ekran Kartý,Belirtilmemiþ,11.Nesil,Intel Core i3,Windows 10 Home,4.1 GHz,1920 x 1080,Yok,4 GB,DDR4,Yok,256 GB,,1.7 GHz,6.899 TL
1347,Casper,4.6,40,10,Oyun Bilgisayarlarý,2933 MHz,Var,2 - 4 kg,Yok,"15,6 inç",Yüksek Seviye Harici Ekran Kartý,GDDR6,10. Nesil,Intel Core i5,Windows 11 Home,4.5 GHz,1920 x 1080,Yok,8 GB,DDR4,Yok,250 GB,,2.5 GHz,12.499 TL
1348,Lenovo,5.0,2,"9,8",Notebook,2666 MHz,Var,2 kg ve Altý,Yok,14 inç,Dahili Ekran Kartý,Onboard,11.Nesil,Intel Core i5,Yok (Free Dos),4.2 GHz,1920 x 1080,Yok,8 GB,DDR4,Yok,512 GB,,2.4 GHz,7.999 TL
1349,Lenovo,,,"9,1",Notebook,2933 MHz,Var,1 - 2 kg,Yok,"15,6 inç",Dahili Ekran Kartý,Onboard,11.Nesil,Intel Core i5,Windows 10 Home,4.2 GHz,1920 x 1080,Yok,12 GB,DDR4,Yok,2 TB,,2.4 GHz,16.139 TL
1350,Lenovo,4.7,267,10,Oyun Bilgisayarlarý,3200 MHz,Var,2 - 4 kg,Yok,"15,6 inç",Yüksek Seviye Harici Ekran Kartý,GDDR6,5.Nesil,AMD Ryzen 5,Yok (Free Dos),4.2 GHz,1920 x 1080,Yok,8 GB,DDR4,Yok,512 GB,6 Saat ve Üstü,3.3 GHz,13.998 TL
1351,Lenovo,4.6,13,"9,6",Notebook,3200 MHz,Var,2 - 4 kg,Yok,14 inç,Harici Ekran Kartý,GDDR5,11.Nesil,Intel Core i5,Yok (Free Dos),4.2 GHz,1920 x 1080,Yok,8 GB,DDR4,Yok,256 GB,4 - 6 Saat,2.4 GHz,8.999 TL
1352,Monster,4.7,268,"9,9",Oyun Bilgisayarlarý,3200 MHz,Var,2 - 4 kg,Yok,"15,6 inç",Harici Ekran Kartý,GDDR6,11.Nesil,Intel Core i5,Yok (Free Dos),4.5 GHz,1920 x 1080,Yok,16 GB,DDR4,Yok,500 GB,,2.70 GHz,16.099 TL
1353,Lenovo,4.7,146,"9,9",Notebook,Belirtilmemiþ,Var,1 - 2 kg,Yok,"15,6 inç",Dahili Ekran Kartý,Belirtilmemiþ,11.Nesil,Intel Core i5,Windows 10 Home,4.2 GHz,1920 x 1080,Yok,8 GB,Belirtilmemiþ,Yok,256 GB,6 Saat ve Üstü,2.4 GHz,11.682 TL
1354,HP,,,09,Notebook,3200 MHz,Var,1 - 2 kg,Yok,14 inç,Dahili Ekran Kartý,Onboard,11.Nesil,Intel Core i5,Windows 10 Pro,4.2 GHz,1920 x 1080,Yok,8 GB,DDR4,Yok,512 GB,4 - 6 Saat,2.4 GHz,14.088 TL
1355,Dell,,,"9,8",Notebook,2666 MHz,Var,1 - 2 kg,Yok,"15,6 inç",Dahili Ekran Kartý,Onboard,11.Nesil,Intel Core i7,Windows 10 Home,4.7 GHz,1920 x 1080,Yok,8 GB,DDR4,Yok,512 GB,,2.8 GHz,18.175 TL
1356,Asus,4.8,85,10,Ýkisi Bir Arada,3733 MHz,Var,1 - 2 kg,Var,"13,3 inç",Dahili Ekran Kartý,Onboard,10.Nesil,Intel Core i5,Windows 10 Home,3.7 GHz,1920 x 1080,Yok,8 GB,LPDDR4X,Yok,512 GB,,1.1 GHz,11.599 TL
1357,Dell,4.7,129,10,Oyun Bilgisayarlarý,3200 MHz,Var,2 - 4 kg,Yok,"15,6 inç",Harici Ekran Kartý,GDDR6,Ryzen,AMD Ryzen 7,Windows 11 Home,4.4 GHz,1920 x 1080,Belirtilmemiþ,16 GB,DDR4,Yok,512 GB,,3.2 GHz,19.999 TL
1358,Acer,5.0,3,,Oyun Bilgisayarlarý,Belirtilmemiþ,Var,2 kg ve Altý,Yok,"15,6 inç",Yüksek Seviye Harici Ekran Kartý,GDDR6,5.Nesil,AMD Ryzen 5,Yok (Free Dos),4.3 GHz,1920 x 1080,Yok,16 GB,DDR4,Yok,512 GB,,3.3 GHz,18.998 TL
1359,Dell,4.9,65,,Oyun Bilgisayarlarý,3200 MHz,Var,2 - 4 kg,Yok,"15,6 inç",Harici Ekran Kartý,GDDR6,11.Nesil,Intel Core i7,Ubuntu,4.6 GHz,1920 x 1080,Yok,16 GB,DDR4,Yok,512 GB,,2.30 GHz,19.998 TL
1360,Monster,4.7,213,"9,9",Oyun Bilgisayarlarý,3200 MHz,Var,2 - 4 kg,Yok,"15,6 inç",Harici Ekran Kartý,GDDR6,11.Nesil,Intel Core i5,Yok (Free Dos),4.5 GHz,1920 x 1080,Yok,8 GB,DDR4,Yok,500 GB,3 Saat ve Altý,2.70 GHz,15.699 TL
1361,Fujitsu,,,"9,7",Notebook,3200 MHz,Var,1 - 2 kg,Yok,"15,6 inç",Dahili Ekran Kartý,Belirtilmemiþ,10.Nesil,Intel Core i5,Windows 10 Home,3.6 GHz,1920 x 1080,Yok,8 GB,DDR4,Yok,480 GB,4 - 6 Saat,1 GHz,9.327 TL
1362,Huawei,4.7,154,09,Notebook,Belirtilmemiþ,Var,1 - 2 kg,Yok,"15,6 inç",Dahili Ekran Kartý,Onboard,11.Nesil,Intel Core i7,Windows 11 Home,4.7 GHz,1920 x 1080,Var,16 GB,DDR4,Yok,512 GB,,2.8 GHz,13.908 TL
1363,HONOR,4.8,48,"9,1",Notebook,Belirtilmemiþ,Var,1 - 2 kg,Yok,"15,6 inç",Dahili Ekran Kartý,Onboard,10.Nesil,Intel Core i5,Windows 10 Home,Yok,1920 x 1080,Var,8 GB,DDR4,512 GB,512 GB,,Belirtilmemiþ,8.379 TL
1364,HP,4.2,16,"9,9",Notebook,3200 MHz,Var,2 - 4 kg,Yok,"15,6 inç",Harici Ekran Kartý,GDDR6,11.Nesil,Intel Core i5,Windows 11 Home,4.4 GHz,1920 x 1080,Yok,16 GB,DDR4,Yok,512 GB,4 - 6 Saat,2.6 GHz,15.999 TL
1365,Asus,4.8,165,,Notebook,2400 MHz,Var,1 - 2 kg,Yok,"15,6 inç",Dahili Ekran Kartý,Onboard,10.Nesil,Intel Core i3,Windows 10 Home,4.1 GHz,1366 x 768,Yok,4 GB,DDR4,Yok,256 GB,,2.1 GHz,5.988 TL
1366,Dell,4.4,7,"9,7",Notebook,2666 MHz,Var,1 - 2 kg,Yok,14 inç,Harici Ekran Kartý,GDDR5,11.Nesil,Intel Core i7,Ubuntu,4.7 GHz,1920 x 1080,Yok,8 GB,DDR4,Yok,512 GB,,2.80 GHz,16.399 TL
1367,Casper,4.4,167,,Notebook,2133 MHz,Var,1 - 2 kg,Yok,14 inç,Dahili Ekran Kartý,Onboard,Yok,Intel Celeron,Windows 11 Home,2.6 GHz,1366 x 768,Yok,4 GB,DDR3,Yok,120 GB,,1.10 GHz,3.948 TL
1368,Lenovo,4.7,15,10,Notebook,3200 MHz,Var,2 kg ve Altý,Yok,14 inç,Dahili Ekran Kartý,Onboard,11.Nesil,Intel Core i5,Windows 10 Home,4.2 GHz,1920 x 1080,Yok,8 GB,DDR4,Yok,512 GB,3 Saat ve Altý,2.40 GHz,8.999 TL
1369,Lenovo,4.4,237,"9,6",Notebook,2400 MHz,Var,2 kg ve Altý,Belirtilmemiþ,14 inç,Dahili Ekran Kartý,Onboard,4.Nesil,Intel Celeron,Yok (Free Dos),2.8 GHz,1366 x 768,Yok,4 GB,DDR4,Yok,128 GB,6 Saat ve Üstü,1.1 GHz,3.820 TL
1370,HP,5.0,15,10,Notebook,2666 MHz,Var,2 - 4 kg,Yok,"15,6 inç",Dahili Ekran Kartý,Belirtilmemiþ,11.Nesil,Intel Core i3,Windows 10 Home,4.1 GHz,1920 x 1080,Yok,4 GB,DDR4,Yok,256 GB,,1.7 GHz,6.899 TL
1371,Casper,4.6,40,10,Oyun Bilgisayarlarý,2933 MHz,Var,2 - 4 kg,Yok,"15,6 inç",Yüksek Seviye Harici Ekran Kartý,GDDR6,10. Nesil,Intel Core i5,Windows 11 Home,4.5 GHz,1920 x 1080,Yok,8 GB,DDR4,Yok,250 GB,,2.5 GHz,12.499 TL
1372,Lenovo,5.0,2,"9,8",Notebook,2666 MHz,Var,2 kg ve Altý,Yok,14 inç,Dahili Ekran Kartý,Onboard,11.Nesil,Intel Core i5,Yok (Free Dos),4.2 GHz,1920 x 1080,Yok,8 GB,DDR4,Yok,512 GB,,2.4 GHz,7.999 TL
1373,Lenovo,,,"9,1",Notebook,2933 MHz,Var,1 - 2 kg,Yok,"15,6 inç",Dahili Ekran Kartý,Onboard,11.Nesil,Intel Core i5,Windows 10 Home,4.2 GHz,1920 x 1080,Yok,12 GB,DDR4,Yok,2 TB,,2.4 GHz,16.139 TL
1374,Lenovo,4.7,267,10,Oyun Bilgisayarlarý,3200 MHz,Var,2 - 4 kg,Yok,"15,6 inç",Yüksek Seviye Harici Ekran Kartý,GDDR6,5.Nesil,AMD Ryzen 5,Yok (Free Dos),4.2 GHz,1920 x 1080,Yok,8 GB,DDR4,Yok,512 GB,6 Saat ve Üstü,3.3 GHz,13.998 TL
1375,Lenovo,4.6,13,"9,6",Notebook,3200 MHz,Var,2 - 4 kg,Yok,14 inç,Harici Ekran Kartý,GDDR5,11.Nesil,Intel Core i5,Yok (Free Dos),4.2 GHz,1920 x 1080,Yok,8 GB,DDR4,Yok,256 GB,4 - 6 Saat,2.4 GHz,8.999 TL
1376,Monster,4.7,268,"9,9",Oyun Bilgisayarlarý,3200 MHz,Var,2 - 4 kg,Yok,"15,6 inç",Harici Ekran Kartý,GDDR6,11.Nesil,Intel Core i5,Yok (Free Dos),4.5 GHz,1920 x 1080,Yok,16 GB,DDR4,Yok,500 GB,,2.70 GHz,16.099 TL
1377,Lenovo,4.7,146,"9,9",Notebook,Belirtilmemiþ,Var,1 - 2 kg,Yok,"15,6 inç",Dahili Ekran Kartý,Belirtilmemiþ,11.Nesil,Intel Core i5,Windows 10 Home,4.2 GHz,1920 x 1080,Yok,8 GB,Belirtilmemiþ,Yok,256 GB,6 Saat ve Üstü,2.4 GHz,11.682 TL
1378,HP,,,09,Notebook,3200 MHz,Var,1 - 2 kg,Yok,14 inç,Dahili Ekran Kartý,Onboard,11.Nesil,Intel Core i5,Windows 10 Pro,4.2 GHz,1920 x 1080,Yok,8 GB,DDR4,Yok,512 GB,4 - 6 Saat,2.4 GHz,14.088 TL
1379,Dell,,,"9,8",Notebook,2666 MHz,Var,1 - 2 kg,Yok,"15,6 inç",Dahili Ekran Kartý,Onboard,11.Nesil,Intel Core i7,Windows 10 Home,4.7 GHz,1920 x 1080,Yok,8 GB,DDR4,Yok,512 GB,,2.8 GHz,18.175 TL
1380,Asus,4.8,85,10,Ýkisi Bir Arada,3733 MHz,Var,1 - 2 kg,Var,"13,3 inç",Dahili Ekran Kartý,Onboard,10.Nesil,Intel Core i5,Windows 10 Home,3.7 GHz,1920 x 1080,Yok,8 GB,LPDDR4X,Yok,512 GB,,1.1 GHz,11.599 TL
1381,Dell,4.7,129,10,Oyun Bilgisayarlarý,3200 MHz,Var,2 - 4 kg,Yok,"15,6 inç",Harici Ekran Kartý,GDDR6,Ryzen,AMD Ryzen 7,Windows 11 Home,4.4 GHz,1920 x 1080,Belirtilmemiþ,16 GB,DDR4,Yok,512 GB,,3.2 GHz,19.999 TL
1382,Acer,5.0,3,,Oyun Bilgisayarlarý,Belirtilmemiþ,Var,2 kg ve Altý,Yok,"15,6 inç",Yüksek Seviye Harici Ekran Kartý,GDDR6,5.Nesil,AMD Ryzen 5,Yok (Free Dos),4.3 GHz,1920 x 1080,Yok,16 GB,DDR4,Yok,512 GB,,3.3 GHz,18.998 TL
1383,Dell,4.9,65,,Oyun Bilgisayarlarý,3200 MHz,Var,2 - 4 kg,Yok,"15,6 inç",Harici Ekran Kartý,GDDR6,11.Nesil,Intel Core i7,Ubuntu,4.6 GHz,1920 x 1080,Yok,16 GB,DDR4,Yok,512 GB,,2.30 GHz,19.998 TL
1384,Monster,4.7,213,"9,9",Oyun Bilgisayarlarý,3200 MHz,Var,2 - 4 kg,Yok,"15,6 inç",Harici Ekran Kartý,GDDR6,11.Nesil,Intel Core i5,Yok (Free Dos),4.5 GHz,1920 x 1080,Yok,8 GB,DDR4,Yok,500 GB,3 Saat ve Altý,2.70 GHz,15.699 TL
1385,Fujitsu,,,"9,7",Notebook,3200 MHz,Var,1 - 2 kg,Yok,"15,6 inç",Dahili Ekran Kartý,Belirtilmemiþ,10.Nesil,Intel Core i5,Windows 10 Home,3.6 GHz,1920 x 1080,Yok,8 GB,DDR4,Yok,480 GB,4 - 6 Saat,1 GHz,9.327 TL
1386,Huawei,4.7,154,09,Notebook,Belirtilmemiþ,Var,1 - 2 kg,Yok,"15,6 inç",Dahili Ekran Kartý,Onboard,11.Nesil,Intel Core i7,Windows 11 Home,4.7 GHz,1920 x 1080,Var,16 GB,DDR4,Yok,512 GB,,2.8 GHz,13.908 TL
1387,HONOR,4.8,48,"9,1",Notebook,Belirtilmemiþ,Var,1 - 2 kg,Yok,"15,6 inç",Dahili Ekran Kartý,Onboard,10.Nesil,Intel Core i5,Windows 10 Home,Yok,1920 x 1080,Var,8 GB,DDR4,512 GB,512 GB,,Belirtilmemiþ,8.379 TL
1388,HP,4.2,16,"9,9",Notebook,3200 MHz,Var,2 - 4 kg,Yok,"15,6 inç",Harici Ekran Kartý,GDDR6,11.Nesil,Intel Core i5,Windows 11 Home,4.4 GHz,1920 x 1080,Yok,16 GB,DDR4,Yok,512 GB,4 - 6 Saat,2.6 GHz,15.999 TL
1389,Asus,4.8,165,,Notebook,2400 MHz,Var,1 - 2 kg,Yok,"15,6 inç",Dahili Ekran Kartý,Onboard,10.Nesil,Intel Core i3,Windows 10 Home,4.1 GHz,1366 x 768,Yok,4 GB,DDR4,Yok,256 GB,,2.1 GHz,5.988 TL
1390,Dell,4.4,7,"9,7",Notebook,2666 MHz,Var,1 - 2 kg,Yok,14 inç,Harici Ekran Kartý,GDDR5,11.Nesil,Intel Core i7,Ubuntu,4.7 GHz,1920 x 1080,Yok,8 GB,DDR4,Yok,512 GB,,2.80 GHz,16.399 TL
1391,Casper,4.4,167,,Notebook,2133 MHz,Var,1 - 2 kg,Yok,14 inç,Dahili Ekran Kartý,Onboard,Yok,Intel Celeron,Windows 11 Home,2.6 GHz,1366 x 768,Yok,4 GB,DDR3,Yok,120 GB,,1.10 GHz,3.948 TL
1392,Lenovo,4.7,15,10,Notebook,3200 MHz,Var,2 kg ve Altý,Yok,14 inç,Dahili Ekran Kartý,Onboard,11.Nesil,Intel Core i5,Windows 10 Home,4.2 GHz,1920 x 1080,Yok,8 GB,DDR4,Yok,512 GB,3 Saat ve Altý,2.40 GHz,8.999 TL
1393,Lenovo,4.4,237,"9,6",Notebook,2400 MHz,Var,2 kg ve Altý,Belirtilmemiþ,14 inç,Dahili Ekran Kartý,Onboard,4.Nesil,Intel Celeron,Yok (Free Dos),2.8 GHz,1366 x 768,Yok,4 GB,DDR4,Yok,128 GB,6 Saat ve Üstü,1.1 GHz,3.820 TL
1394,HP,5.0,15,10,Notebook,2666 MHz,Var,2 - 4 kg,Yok,"15,6 inç",Dahili Ekran Kartý,Belirtilmemiþ,11.Nesil,Intel Core i3,Windows 10 Home,4.1 GHz,1920 x 1080,Yok,4 GB,DDR4,Yok,256 GB,,1.7 GHz,6.899 TL
1395,Casper,4.6,40,10,Oyun Bilgisayarlarý,2933 MHz,Var,2 - 4 kg,Yok,"15,6 inç",Yüksek Seviye Harici Ekran Kartý,GDDR6,10. Nesil,Intel Core i5,Windows 11 Home,4.5 GHz,1920 x 1080,Yok,8 GB,DDR4,Yok,250 GB,,2.5 GHz,12.499 TL
1396,Lenovo,5.0,2,"9,8",Notebook,2666 MHz,Var,2 kg ve Altý,Yok,14 inç,Dahili Ekran Kartý,Onboard,11.Nesil,Intel Core i5,Yok (Free Dos),4.2 GHz,1920 x 1080,Yok,8 GB,DDR4,Yok,512 GB,,2.4 GHz,7.999 TL
1397,Lenovo,,,"9,1",Notebook,2933 MHz,Var,1 - 2 kg,Yok,"15,6 inç",Dahili Ekran Kartý,Onboard,11.Nesil,Intel Core i5,Windows 10 Home,4.2 GHz,1920 x 1080,Yok,12 GB,DDR4,Yok,2 TB,,2.4 GHz,16.139 TL
1398,Lenovo,4.7,267,10,Oyun Bilgisayarlarý,3200 MHz,Var,2 - 4 kg,Yok,"15,6 inç",Yüksek Seviye Harici Ekran Kartý,GDDR6,5.Nesil,AMD Ryzen 5,Yok (Free Dos),4.2 GHz,1920 x 1080,Yok,8 GB,DDR4,Yok,512 GB,6 Saat ve Üstü,3.3 GHz,13.998 TL
1399,Lenovo,4.6,13,"9,6",Notebook,3200 MHz,Var,2 - 4 kg,Yok,14 inç,Harici Ekran Kartý,GDDR5,11.Nesil,Intel Core i5,Yok (Free Dos),4.2 GHz,1920 x 1080,Yok,8 GB,DDR4,Yok,256 GB,4 - 6 Saat,2.4 GHz,8.999 TL
1400,Monster,4.7,268,"9,9",Oyun Bilgisayarlarý,3200 MHz,Var,2 - 4 kg,Yok,"15,6 inç",Harici Ekran Kartý,GDDR6,11.Nesil,Intel Core i5,Yok (Free Dos),4.5 GHz,1920 x 1080,Yok,16 GB,DDR4,Yok,500 GB,,2.70 GHz,16.099 TL
1401,Lenovo,4.7,146,"9,9",Notebook,Belirtilmemiþ,Var,1 - 2 kg,Yok,"15,6 inç",Dahili Ekran Kartý,Belirtilmemiþ,11.Nesil,Intel Core i5,Windows 10 Home,4.2 GHz,1920 x 1080,Yok,8 GB,Belirtilmemiþ,Yok,256 GB,6 Saat ve Üstü,2.4 GHz,11.682 TL
1402,HP,,,09,Notebook,3200 MHz,Var,1 - 2 kg,Yok,14 inç,Dahili Ekran Kartý,Onboard,11.Nesil,Intel Core i5,Windows 10 Pro,4.2 GHz,1920 x 1080,Yok,8 GB,DDR4,Yok,512 GB,4 - 6 Saat,2.4 GHz,14.088 TL
1403,Dell,,,"9,8",Notebook,2666 MHz,Var,1 - 2 kg,Yok,"15,6 inç",Dahili Ekran Kartý,Onboard,11.Nesil,Intel Core i7,Windows 10 Home,4.7 GHz,1920 x 1080,Yok,8 GB,DDR4,Yok,512 GB,,2.8 GHz,18.175 TL
1404,Asus,4.8,85,10,Ýkisi Bir Arada,3733 MHz,Var,1 - 2 kg,Var,"13,3 inç",Dahili Ekran Kartý,Onboard,10.Nesil,Intel Core i5,Windows 10 Home,3.7 GHz,1920 x 1080,Yok,8 GB,LPDDR4X,Yok,512 GB,,1.1 GHz,11.599 TL
1405,Dell,4.7,129,10,Oyun Bilgisayarlarý,3200 MHz,Var,2 - 4 kg,Yok,"15,6 inç",Harici Ekran Kartý,GDDR6,Ryzen,AMD Ryzen 7,Windows 11 Home,4.4 GHz,1920 x 1080,Belirtilmemiþ,16 GB,DDR4,Yok,512 GB,,3.2 GHz,19.999 TL
1406,Acer,5.0,3,,Oyun Bilgisayarlarý,Belirtilmemiþ,Var,2 kg ve Altý,Yok,"15,6 inç",Yüksek Seviye Harici Ekran Kartý,GDDR6,5.Nesil,AMD Ryzen 5,Yok (Free Dos),4.3 GHz,1920 x 1080,Yok,16 GB,DDR4,Yok,512 GB,,3.3 GHz,18.998 TL
1407,Dell,4.9,65,,Oyun Bilgisayarlarý,3200 MHz,Var,2 - 4 kg,Yok,"15,6 inç",Harici Ekran Kartý,GDDR6,11.Nesil,Intel Core i7,Ubuntu,4.6 GHz,1920 x 1080,Yok,16 GB,DDR4,Yok,512 GB,,2.30 GHz,19.998 TL
1408,Monster,4.7,213,"9,9",Oyun Bilgisayarlarý,3200 MHz,Var,2 - 4 kg,Yok,"15,6 inç",Harici Ekran Kartý,GDDR6,11.Nesil,Intel Core i5,Yok (Free Dos),4.5 GHz,1920 x 1080,Yok,8 GB,DDR4,Yok,500 GB,3 Saat ve Altý,2.70 GHz,15.699 TL
1409,Fujitsu,,,"9,7",Notebook,3200 MHz,Var,1 - 2 kg,Yok,"15,6 inç",Dahili Ekran Kartý,Belirtilmemiþ,10.Nesil,Intel Core i5,Windows 10 Home,3.6 GHz,1920 x 1080,Yok,8 GB,DDR4,Yok,480 GB,4 - 6 Saat,1 GHz,9.327 TL
1410,Huawei,4.7,154,09,Notebook,Belirtilmemiþ,Var,1 - 2 kg,Yok,"15,6 inç",Dahili Ekran Kartý,Onboard,11.Nesil,Intel Core i7,Windows 11 Home,4.7 GHz,1920 x 1080,Var,16 GB,DDR4,Yok,512 GB,,2.8 GHz,13.908 TL
1411,HONOR,4.8,48,"9,1",Notebook,Belirtilmemiþ,Var,1 - 2 kg,Yok,"15,6 inç",Dahili Ekran Kartý,Onboard,10.Nesil,Intel Core i5,Windows 10 Home,Yok,1920 x 1080,Var,8 GB,DDR4,512 GB,512 GB,,Belirtilmemiþ,8.379 TL
1412,HP,4.2,16,"9,9",Notebook,3200 MHz,Var,2 - 4 kg,Yok,"15,6 inç",Harici Ekran Kartý,GDDR6,11.Nesil,Intel Core i5,Windows 11 Home,4.4 GHz,1920 x 1080,Yok,16 GB,DDR4,Yok,512 GB,4 - 6 Saat,2.6 GHz,15.999 TL
1413,Asus,4.8,165,,Notebook,2400 MHz,Var,1 - 2 kg,Yok,"15,6 inç",Dahili Ekran Kartý,Onboard,10.Nesil,Intel Core i3,Windows 10 Home,4.1 GHz,1366 x 768,Yok,4 GB,DDR4,Yok,256 GB,,2.1 GHz,5.988 TL
1414,Dell,4.4,7,"9,7",Notebook,2666 MHz,Var,1 - 2 kg,Yok,14 inç,Harici Ekran Kartý,GDDR5,11.Nesil,Intel Core i7,Ubuntu,4.7 GHz,1920 x 1080,Yok,8 GB,DDR4,Yok,512 GB,,2.80 GHz,16.399 TL
1415,Casper,4.4,167,,Notebook,2133 MHz,Var,1 - 2 kg,Yok,14 inç,Dahili Ekran Kartý,Onboard,Yok,Intel Celeron,Windows 11 Home,2.6 GHz,1366 x 768,Yok,4 GB,DDR3,Yok,120 GB,,1.10 GHz,3.948 TL
1416,Lenovo,4.7,15,10,Notebook,3200 MHz,Var,2 kg ve Altý,Yok,14 inç,Dahili Ekran Kartý,Onboard,11.Nesil,Intel Core i5,Windows 10 Home,4.2 GHz,1920 x 1080,Yok,8 GB,DDR4,Yok,512 GB,3 Saat ve Altý,2.40 GHz,8.999 TL
1417,Lenovo,4.4,237,"9,6",Notebook,2400 MHz,Var,2 kg ve Altý,Belirtilmemiþ,14 inç,Dahili Ekran Kartý,Onboard,4.Nesil,Intel Celeron,Yok (Free Dos),2.8 GHz,1366 x 768,Yok,4 GB,DDR4,Yok,128 GB,6 Saat ve Üstü,1.1 GHz,3.820 TL
1418,HP,,,09,Notebook,3200 MHz,Var,1 - 2 kg,Yok,14 inç,Dahili Ekran Kartý,Onboard,11.Nesil,Intel Core i5,Windows 10 Pro,4.2 GHz,1920 x 1080,Yok,8 GB,DDR4,Yok,512 GB,4 - 6 Saat,2.4 GHz,14.088 TL
1419,Casper,4.6,40,10,Oyun Bilgisayarlarý,2933 MHz,Var,2 - 4 kg,Yok,"15,6 inç",Yüksek Seviye Harici Ekran Kartý,GDDR6,10. Nesil,Intel Core i5,Windows 11 Home,4.5 GHz,1920 x 1080,Yok,8 GB,DDR4,Yok,250 GB,,2.5 GHz,12.499 TL
1420,Lenovo,5.0,2,"9,8",Notebook,2666 MHz,Var,2 kg ve Altý,Yok,14 inç,Dahili Ekran Kartý,Onboard,11.Nesil,Intel Core i5,Yok (Free Dos),4.2 GHz,1920 x 1080,Yok,8 GB,DDR4,Yok,512 GB,,2.4 GHz,7.999 TL
1421,Lenovo,,,"9,1",Notebook,2933 MHz,Var,1 - 2 kg,Yok,"15,6 inç",Dahili Ekran Kartý,Onboard,11.Nesil,Intel Core i5,Windows 10 Home,4.2 GHz,1920 x 1080,Yok,12 GB,DDR4,Yok,2 TB,,2.4 GHz,16.139 TL
1422,Lenovo,4.7,267,10,Oyun Bilgisayarlarý,3200 MHz,Var,2 - 4 kg,Yok,"15,6 inç",Yüksek Seviye Harici Ekran Kartý,GDDR6,5.Nesil,AMD Ryzen 5,Yok (Free Dos),4.2 GHz,1920 x 1080,Yok,8 GB,DDR4,Yok,512 GB,6 Saat ve Üstü,3.3 GHz,13.998 TL
1423,Lenovo,4.6,13,"9,6",Notebook,3200 MHz,Var,2 - 4 kg,Yok,14 inç,Harici Ekran Kartý,GDDR5,11.Nesil,Intel Core i5,Yok (Free Dos),4.2 GHz,1920 x 1080,Yok,8 GB,DDR4,Yok,256 GB,4 - 6 Saat,2.4 GHz,8.999 TL
1424,Monster,4.7,268,"9,9",Oyun Bilgisayarlarý,3200 MHz,Var,2 - 4 kg,Yok,"15,6 inç",Harici Ekran Kartý,GDDR6,11.Nesil,Intel Core i5,Yok (Free Dos),4.5 GHz,1920 x 1080,Yok,16 GB,DDR4,Yok,500 GB,,2.70 GHz,16.099 TL
1425,HP,5.0,15,10,Notebook,2666 MHz,Var,2 - 4 kg,Yok,"15,6 inç",Dahili Ekran Kartý,Belirtilmemiþ,11.Nesil,Intel Core i3,Windows 10 Home,4.1 GHz,1920 x 1080,Yok,4 GB,DDR4,Yok,256 GB,,1.7 GHz,6.899 TL
1426,Dell,,,"9,8",Notebook,2666 MHz,Var,1 - 2 kg,Yok,"15,6 inç",Dahili Ekran Kartý,Onboard,11.Nesil,Intel Core i7,Windows 10 Home,4.7 GHz,1920 x 1080,Yok,8 GB,DDR4,Yok,512 GB,,2.8 GHz,18.175 TL
1427,Lenovo,4.7,146,"9,9",Notebook,Belirtilmemiþ,Var,1 - 2 kg,Yok,"15,6 inç",Dahili Ekran Kartý,Belirtilmemiþ,11.Nesil,Intel Core i5,Windows 10 Home,4.2 GHz,1920 x 1080,Yok,8 GB,Belirtilmemiþ,Yok,256 GB,6 Saat ve Üstü,2.4 GHz,11.682 TL
1428,Asus,4.8,85,10,Ýkisi Bir Arada,3733 MHz,Var,1 - 2 kg,Var,"13,3 inç",Dahili Ekran Kartý,Onboard,10.Nesil,Intel Core i5,Windows 10 Home,3.7 GHz,1920 x 1080,Yok,8 GB,LPDDR4X,Yok,512 GB,,1.1 GHz,11.599 TL
1429,Dell,4.7,129,10,Oyun Bilgisayarlarý,3200 MHz,Var,2 - 4 kg,Yok,"15,6 inç",Harici Ekran Kartý,GDDR6,Ryzen,AMD Ryzen 7,Windows 11 Home,4.4 GHz,1920 x 1080,Belirtilmemiþ,16 GB,DDR4,Yok,512 GB,,3.2 GHz,19.999 TL
1430,Acer,5.0,3,,Oyun Bilgisayarlarý,Belirtilmemiþ,Var,2 kg ve Altý,Yok,"15,6 inç",Yüksek Seviye Harici Ekran Kartý,GDDR6,5.Nesil,AMD Ryzen 5,Yok (Free Dos),4.3 GHz,1920 x 1080,Yok,16 GB,DDR4,Yok,512 GB,,3.3 GHz,18.998 TL
1431,Dell,4.9,65,,Oyun Bilgisayarlarý,3200 MHz,Var,2 - 4 kg,Yok,"15,6 inç",Harici Ekran Kartý,GDDR6,11.Nesil,Intel Core i7,Ubuntu,4.6 GHz,1920 x 1080,Yok,16 GB,DDR4,Yok,512 GB,,2.30 GHz,19.998 TL
1432,Fujitsu,,,"9,7",Notebook,3200 MHz,Var,1 - 2 kg,Yok,"15,6 inç",Dahili Ekran Kartý,Belirtilmemiþ,10.Nesil,Intel Core i5,Windows 10 Home,3.6 GHz,1920 x 1080,Yok,8 GB,DDR4,Yok,480 GB,4 - 6 Saat,1 GHz,9.327 TL
1433,Monster,4.7,213,"9,9",Oyun Bilgisayarlarý,3200 MHz,Var,2 - 4 kg,Yok,"15,6 inç",Harici Ekran Kartý,GDDR6,11.Nesil,Intel Core i5,Yok (Free Dos),4.5 GHz,1920 x 1080,Yok,8 GB,DDR4,Yok,500 GB,3 Saat ve Altý,2.70 GHz,15.699 TL
1434,Huawei,4.7,154,09,Notebook,Belirtilmemiþ,Var,1 - 2 kg,Yok,"15,6 inç",Dahili Ekran Kartý,Onboard,11.Nesil,Intel Core i7,Windows 11 Home,4.7 GHz,1920 x 1080,Var,16 GB,DDR4,Yok,512 GB,,2.8 GHz,13.908 TL
1435,HONOR,4.8,48,"9,1",Notebook,Belirtilmemiþ,Var,1 - 2 kg,Yok,"15,6 inç",Dahili Ekran Kartý,Onboard,10.Nesil,Intel Core i5,Windows 10 Home,Yok,1920 x 1080,Var,8 GB,DDR4,512 GB,512 GB,,Belirtilmemiþ,8.379 TL
1436,HP,4.2,16,"9,9",Notebook,3200 MHz,Var,2 - 4 kg,Yok,"15,6 inç",Harici Ekran Kartý,GDDR6,11.Nesil,Intel Core i5,Windows 11 Home,4.4 GHz,1920 x 1080,Yok,16 GB,DDR4,Yok,512 GB,4 - 6 Saat,2.6 GHz,15.999 TL
1437,Asus,4.8,165,,Notebook,2400 MHz,Var,1 - 2 kg,Yok,"15,6 inç",Dahili Ekran Kartý,Onboard,10.Nesil,Intel Core i3,Windows 10 Home,4.1 GHz,1366 x 768,Yok,4 GB,DDR4,Yok,256 GB,,2.1 GHz,5.988 TL
1438,Dell,4.4,7,"9,7",Notebook,2666 MHz,Var,1 - 2 kg,Yok,14 inç,Harici Ekran Kartý,GDDR5,11.Nesil,Intel Core i7,Ubuntu,4.7 GHz,1920 x 1080,Yok,8 GB,DDR4,Yok,512 GB,,2.80 GHz,16.399 TL
1439,Casper,4.4,167,,Notebook,2133 MHz,Var,1 - 2 kg,Yok,14 inç,Dahili Ekran Kartý,Onboard,Yok,Intel Celeron,Windows 11 Home,2.6 GHz,1366 x 768,Yok,4 GB,DDR3,Yok,120 GB,,1.10 GHz,3.948 TL
1440,Lenovo,4.7,15,10,Notebook,3200 MHz,Var,2 kg ve Altý,Yok,14 inç,Dahili Ekran Kartý,Onboard,11.Nesil,Intel Core i5,Windows 10 Home,4.2 GHz,1920 x 1080,Yok,8 GB,DDR4,Yok,512 GB,3 Saat ve Altý,2.40 GHz,8.999 TL
1441,Lenovo,4.4,237,"9,6",Notebook,2400 MHz,Var,2 kg ve Altý,Belirtilmemiþ,14 inç,Dahili Ekran Kartý,Onboard,4.Nesil,Intel Celeron,Yok (Free Dos),2.8 GHz,1366 x 768,Yok,4 GB,DDR4,Yok,128 GB,6 Saat ve Üstü,1.1 GHz,3.820 TL
1442,HP,5.0,15,10,Notebook,2666 MHz,Var,2 - 4 kg,Yok,"15,6 inç",Dahili Ekran Kartý,Belirtilmemiþ,11.Nesil,Intel Core i3,Windows 10 Home,4.1 GHz,1920 x 1080,Yok,4 GB,DDR4,Yok,256 GB,,1.7 GHz,6.899 TL
1443,Casper,4.6,40,10,Oyun Bilgisayarlarý,2933 MHz,Var,2 - 4 kg,Yok,"15,6 inç",Yüksek Seviye Harici Ekran Kartý,GDDR6,10. Nesil,Intel Core i5,Windows 11 Home,4.5 GHz,1920 x 1080,Yok,8 GB,DDR4,Yok,250 GB,,2.5 GHz,12.499 TL
1444,Lenovo,5.0,2,"9,8",Notebook,2666 MHz,Var,2 kg ve Altý,Yok,14 inç,Dahili Ekran Kartý,Onboard,11.Nesil,Intel Core i5,Yok (Free Dos),4.2 GHz,1920 x 1080,Yok,8 GB,DDR4,Yok,512 GB,,2.4 GHz,7.999 TL
1445,Lenovo,,,"9,1",Notebook,2933 MHz,Var,1 - 2 kg,Yok,"15,6 inç",Dahili Ekran Kartý,Onboard,11.Nesil,Intel Core i5,Windows 10 Home,4.2 GHz,1920 x 1080,Yok,12 GB,DDR4,Yok,2 TB,,2.4 GHz,16.139 TL
1446,Lenovo,4.7,267,10,Oyun Bilgisayarlarý,3200 MHz,Var,2 - 4 kg,Yok,"15,6 inç",Yüksek Seviye Harici Ekran Kartý,GDDR6,5.Nesil,AMD Ryzen 5,Yok (Free Dos),4.2 GHz,1920 x 1080,Yok,8 GB,DDR4,Yok,512 GB,6 Saat ve Üstü,3.3 GHz,13.998 TL
1447,Lenovo,4.6,13,"9,6",Notebook,3200 MHz,Var,2 - 4 kg,Yok,14 inç,Harici Ekran Kartý,GDDR5,11.Nesil,Intel Core i5,Yok (Free Dos),4.2 GHz,1920 x 1080,Yok,8 GB,DDR4,Yok,256 GB,4 - 6 Saat,2.4 GHz,8.999 TL
1448,Monster,4.7,268,"9,9",Oyun Bilgisayarlarý,3200 MHz,Var,2 - 4 kg,Yok,"15,6 inç",Harici Ekran Kartý,GDDR6,11.Nesil,Intel Core i5,Yok (Free Dos),4.5 GHz,1920 x 1080,Yok,16 GB,DDR4,Yok,500 GB,,2.70 GHz,16.099 TL
1449,Lenovo,4.7,146,"9,9",Notebook,Belirtilmemiþ,Var,1 - 2 kg,Yok,"15,6 inç",Dahili Ekran Kartý,Belirtilmemiþ,11.Nesil,Intel Core i5,Windows 10 Home,4.2 GHz,1920 x 1080,Yok,8 GB,Belirtilmemiþ,Yok,256 GB,6 Saat ve Üstü,2.4 GHz,11.682 TL
1450,HP,,,09,Notebook,3200 MHz,Var,1 - 2 kg,Yok,14 inç,Dahili Ekran Kartý,Onboard,11.Nesil,Intel Core i5,Windows 10 Pro,4.2 GHz,1920 x 1080,Yok,8 GB,DDR4,Yok,512 GB,4 - 6 Saat,2.4 GHz,14.088 TL
1451,Dell,,,"9,8",Notebook,2666 MHz,Var,1 - 2 kg,Yok,"15,6 inç",Dahili Ekran Kartý,Onboard,11.Nesil,Intel Core i7,Windows 10 Home,4.7 GHz,1920 x 1080,Yok,8 GB,DDR4,Yok,512 GB,,2.8 GHz,18.175 TL
1452,Asus,4.8,85,10,Ýkisi Bir Arada,3733 MHz,Var,1 - 2 kg,Var,"13,3 inç",Dahili Ekran Kartý,Onboard,10.Nesil,Intel Core i5,Windows 10 Home,3.7 GHz,1920 x 1080,Yok,8 GB,LPDDR4X,Yok,512 GB,,1.1 GHz,11.599 TL
1453,Dell,4.7,129,10,Oyun Bilgisayarlarý,3200 MHz,Var,2 - 4 kg,Yok,"15,6 inç",Harici Ekran Kartý,GDDR6,Ryzen,AMD Ryzen 7,Windows 11 Home,4.4 GHz,1920 x 1080,Belirtilmemiþ,16 GB,DDR4,Yok,512 GB,,3.2 GHz,19.999 TL
1454,Acer,5.0,3,,Oyun Bilgisayarlarý,Belirtilmemiþ,Var,2 kg ve Altý,Yok,"15,6 inç",Yüksek Seviye Harici Ekran Kartý,GDDR6,5.Nesil,AMD Ryzen 5,Yok (Free Dos),4.3 GHz,1920 x 1080,Yok,16 GB,DDR4,Yok,512 GB,,3.3 GHz,18.998 TL
1455,Dell,4.9,65,,Oyun Bilgisayarlarý,3200 MHz,Var,2 - 4 kg,Yok,"15,6 inç",Harici Ekran Kartý,GDDR6,11.Nesil,Intel Core i7,Ubuntu,4.6 GHz,1920 x 1080,Yok,16 GB,DDR4,Yok,512 GB,,2.30 GHz,19.998 TL
1456,Monster,4.7,213,"9,9",Oyun Bilgisayarlarý,3200 MHz,Var,2 - 4 kg,Yok,"15,6 inç",Harici Ekran Kartý,GDDR6,11.Nesil,Intel Core i5,Yok (Free Dos),4.5 GHz,1920 x 1080,Yok,8 GB,DDR4,Yok,500 GB,3 Saat ve Altý,2.70 GHz,15.699 TL
1457,Fujitsu,,,"9,7",Notebook,3200 MHz,Var,1 - 2 kg,Yok,"15,6 inç",Dahili Ekran Kartý,Belirtilmemiþ,10.Nesil,Intel Core i5,Windows 10 Home,3.6 GHz,1920 x 1080,Yok,8 GB,DDR4,Yok,480 GB,4 - 6 Saat,1 GHz,9.327 TL
1458,Huawei,4.7,154,09,Notebook,Belirtilmemiþ,Var,1 - 2 kg,Yok,"15,6 inç",Dahili Ekran Kartý,Onboard,11.Nesil,Intel Core i7,Windows 11 Home,4.7 GHz,1920 x 1080,Var,16 GB,DDR4,Yok,512 GB,,2.8 GHz,13.908 TL
1459,HONOR,4.8,48,"9,1",Notebook,Belirtilmemiþ,Var,1 - 2 kg,Yok,"15,6 inç",Dahili Ekran Kartý,Onboard,10.Nesil,Intel Core i5,Windows 10 Home,Yok,1920 x 1080,Var,8 GB,DDR4,512 GB,512 GB,,Belirtilmemiþ,8.379 TL
1460,HP,4.2,16,"9,9",Notebook,3200 MHz,Var,2 - 4 kg,Yok,"15,6 inç",Harici Ekran Kartý,GDDR6,11.Nesil,Intel Core i5,Windows 11 Home,4.4 GHz,1920 x 1080,Yok,16 GB,DDR4,Yok,512 GB,4 - 6 Saat,2.6 GHz,15.999 TL
1461,Asus,4.8,165,,Notebook,2400 MHz,Var,1 - 2 kg,Yok,"15,6 inç",Dahili Ekran Kartý,Onboard,10.Nesil,Intel Core i3,Windows 10 Home,4.1 GHz,1366 x 768,Yok,4 GB,DDR4,Yok,256 GB,,2.1 GHz,5.988 TL
1462,Dell,4.4,7,"9,7",Notebook,2666 MHz,Var,1 - 2 kg,Yok,14 inç,Harici Ekran Kartý,GDDR5,11.Nesil,Intel Core i7,Ubuntu,4.7 GHz,1920 x 1080,Yok,8 GB,DDR4,Yok,512 GB,,2.80 GHz,16.399 TL
1463,Casper,4.4,167,,Notebook,2133 MHz,Var,1 - 2 kg,Yok,14 inç,Dahili Ekran Kartý,Onboard,Yok,Intel Celeron,Windows 11 Home,2.6 GHz,1366 x 768,Yok,4 GB,DDR3,Yok,120 GB,,1.10 GHz,3.948 TL
1464,Lenovo,4.7,15,10,Notebook,3200 MHz,Var,2 kg ve Altý,Yok,14 inç,Dahili Ekran Kartý,Onboard,11.Nesil,Intel Core i5,Windows 10 Home,4.2 GHz,1920 x 1080,Yok,8 GB,DDR4,Yok,512 GB,3 Saat ve Altý,2.40 GHz,8.999 TL
1465,Lenovo,4.4,237,"9,6",Notebook,2400 MHz,Var,2 kg ve Altý,Belirtilmemiþ,14 inç,Dahili Ekran Kartý,Onboard,4.Nesil,Intel Celeron,Yok (Free Dos),2.8 GHz,1366 x 768,Yok,4 GB,DDR4,Yok,128 GB,6 Saat ve Üstü,1.1 GHz,3.820 TL
1466,HP,5.0,15,10,Notebook,2666 MHz,Var,2 - 4 kg,Yok,"15,6 inç",Dahili Ekran Kartý,Belirtilmemiþ,11.Nesil,Intel Core i3,Windows 10 Home,4.1 GHz,1920 x 1080,Yok,4 GB,DDR4,Yok,256 GB,,1.7 GHz,6.899 TL
1467,Casper,4.6,40,10,Oyun Bilgisayarlarý,2933 MHz,Var,2 - 4 kg,Yok,"15,6 inç",Yüksek Seviye Harici Ekran Kartý,GDDR6,10. Nesil,Intel Core i5,Windows 11 Home,4.5 GHz,1920 x 1080,Yok,8 GB,DDR4,Yok,250 GB,,2.5 GHz,12.499 TL
1468,Lenovo,5.0,2,"9,8",Notebook,2666 MHz,Var,2 kg ve Altý,Yok,14 inç,Dahili Ekran Kartý,Onboard,11.Nesil,Intel Core i5,Yok (Free Dos),4.2 GHz,1920 x 1080,Yok,8 GB,DDR4,Yok,512 GB,,2.4 GHz,7.999 TL
1469,Lenovo,,,"9,1",Notebook,2933 MHz,Var,1 - 2 kg,Yok,"15,6 inç",Dahili Ekran Kartý,Onboard,11.Nesil,Intel Core i5,Windows 10 Home,4.2 GHz,1920 x 1080,Yok,12 GB,DDR4,Yok,2 TB,,2.4 GHz,16.139 TL
1470,Lenovo,4.7,267,10,Oyun Bilgisayarlarý,3200 MHz,Var,2 - 4 kg,Yok,"15,6 inç",Yüksek Seviye Harici Ekran Kartý,GDDR6,5.Nesil,AMD Ryzen 5,Yok (Free Dos),4.2 GHz,1920 x 1080,Yok,8 GB,DDR4,Yok,512 GB,6 Saat ve Üstü,3.3 GHz,13.998 TL
1471,Lenovo,4.6,13,"9,6",Notebook,3200 MHz,Var,2 - 4 kg,Yok,14 inç,Harici Ekran Kartý,GDDR5,11.Nesil,Intel Core i5,Yok (Free Dos),4.2 GHz,1920 x 1080,Yok,8 GB,DDR4,Yok,256 GB,4 - 6 Saat,2.4 GHz,8.999 TL
1472,Monster,4.7,268,"9,9",Oyun Bilgisayarlarý,3200 MHz,Var,2 - 4 kg,Yok,"15,6 inç",Harici Ekran Kartý,GDDR6,11.Nesil,Intel Core i5,Yok (Free Dos),4.5 GHz,1920 x 1080,Yok,16 GB,DDR4,Yok,500 GB,,2.70 GHz,16.099 TL
1473,Lenovo,4.7,146,"9,9",Notebook,Belirtilmemiþ,Var,1 - 2 kg,Yok,"15,6 inç",Dahili Ekran Kartý,Belirtilmemiþ,11.Nesil,Intel Core i5,Windows 10 Home,4.2 GHz,1920 x 1080,Yok,8 GB,Belirtilmemiþ,Yok,256 GB,6 Saat ve Üstü,2.4 GHz,11.682 TL
1474,HP,,,09,Notebook,3200 MHz,Var,1 - 2 kg,Yok,14 inç,Dahili Ekran Kartý,Onboard,11.Nesil,Intel Core i5,Windows 10 Pro,4.2 GHz,1920 x 1080,Yok,8 GB,DDR4,Yok,512 GB,4 - 6 Saat,2.4 GHz,14.088 TL
1475,Dell,,,"9,8",Notebook,2666 MHz,Var,1 - 2 kg,Yok,"15,6 inç",Dahili Ekran Kartý,Onboard,11.Nesil,Intel Core i7,Windows 10 Home,4.7 GHz,1920 x 1080,Yok,8 GB,DDR4,Yok,512 GB,,2.8 GHz,18.175 TL
1476,Asus,4.8,85,10,Ýkisi Bir Arada,3733 MHz,Var,1 - 2 kg,Var,"13,3 inç",Dahili Ekran Kartý,Onboard,10.Nesil,Intel Core i5,Windows 10 Home,3.7 GHz,1920 x 1080,Yok,8 GB,LPDDR4X,Yok,512 GB,,1.1 GHz,11.599 TL
1477,Dell,4.7,129,10,Oyun Bilgisayarlarý,3200 MHz,Var,2 - 4 kg,Yok,"15,6 inç",Harici Ekran Kartý,GDDR6,Ryzen,AMD Ryzen 7,Windows 11 Home,4.4 GHz,1920 x 1080,Belirtilmemiþ,16 GB,DDR4,Yok,512 GB,,3.2 GHz,19.999 TL
1478,Acer,5.0,3,,Oyun Bilgisayarlarý,Belirtilmemiþ,Var,2 kg ve Altý,Yok,"15,6 inç",Yüksek Seviye Harici Ekran Kartý,GDDR6,5.Nesil,AMD Ryzen 5,Yok (Free Dos),4.3 GHz,1920 x 1080,Yok,16 GB,DDR4,Yok,512 GB,,3.3 GHz,18.998 TL
1479,Dell,4.9,65,,Oyun Bilgisayarlarý,3200 MHz,Var,2 - 4 kg,Yok,"15,6 inç",Harici Ekran Kartý,GDDR6,11.Nesil,Intel Core i7,Ubuntu,4.6 GHz,1920 x 1080,Yok,16 GB,DDR4,Yok,512 GB,,2.30 GHz,19.998 TL
1480,Monster,4.7,213,"9,9",Oyun Bilgisayarlarý,3200 MHz,Var,2 - 4 kg,Yok,"15,6 inç",Harici Ekran Kartý,GDDR6,11.Nesil,Intel Core i5,Yok (Free Dos),4.5 GHz,1920 x 1080,Yok,8 GB,DDR4,Yok,500 GB,3 Saat ve Altý,2.70 GHz,15.699 TL
1481,Fujitsu,,,"9,7",Notebook,3200 MHz,Var,1 - 2 kg,Yok,"15,6 inç",Dahili Ekran Kartý,Belirtilmemiþ,10.Nesil,Intel Core i5,Windows 10 Home,3.6 GHz,1920 x 1080,Yok,8 GB,DDR4,Yok,480 GB,4 - 6 Saat,1 GHz,9.327 TL
1482,Huawei,4.7,154,09,Notebook,Belirtilmemiþ,Var,1 - 2 kg,Yok,"15,6 inç",Dahili Ekran Kartý,Onboard,11.Nesil,Intel Core i7,Windows 11 Home,4.7 GHz,1920 x 1080,Var,16 GB,DDR4,Yok,512 GB,,2.8 GHz,13.908 TL
1483,HONOR,4.8,48,"9,1",Notebook,Belirtilmemiþ,Var,1 - 2 kg,Yok,"15,6 inç",Dahili Ekran Kartý,Onboard,10.Nesil,Intel Core i5,Windows 10 Home,Yok,1920 x 1080,Var,8 GB,DDR4,512 GB,512 GB,,Belirtilmemiþ,8.379 TL
1484,HP,4.2,16,"9,9",Notebook,3200 MHz,Var,2 - 4 kg,Yok,"15,6 inç",Harici Ekran Kartý,GDDR6,11.Nesil,Intel Core i5,Windows 11 Home,4.4 GHz,1920 x 1080,Yok,16 GB,DDR4,Yok,512 GB,4 - 6 Saat,2.6 GHz,15.999 TL
1485,Asus,4.8,165,,Notebook,2400 MHz,Var,1 - 2 kg,Yok,"15,6 inç",Dahili Ekran Kartý,Onboard,10.Nesil,Intel Core i3,Windows 10 Home,4.1 GHz,1366 x 768,Yok,4 GB,DDR4,Yok,256 GB,,2.1 GHz,5.988 TL
1486,Dell,4.4,7,"9,7",Notebook,2666 MHz,Var,1 - 2 kg,Yok,14 inç,Harici Ekran Kartý,GDDR5,11.Nesil,Intel Core i7,Ubuntu,4.7 GHz,1920 x 1080,Yok,8 GB,DDR4,Yok,512 GB,,2.80 GHz,16.399 TL
1487,Casper,4.4,167,,Notebook,2133 MHz,Var,1 - 2 kg,Yok,14 inç,Dahili Ekran Kartý,Onboard,Yok,Intel Celeron,Windows 11 Home,2.6 GHz,1366 x 768,Yok,4 GB,DDR3,Yok,120 GB,,1.10 GHz,3.948 TL
1488,Lenovo,4.7,15,10,Notebook,3200 MHz,Var,2 kg ve Altý,Yok,14 inç,Dahili Ekran Kartý,Onboard,11.Nesil,Intel Core i5,Windows 10 Home,4.2 GHz,1920 x 1080,Yok,8 GB,DDR4,Yok,512 GB,3 Saat ve Altý,2.40 GHz,8.999 TL
1489,Lenovo,4.4,237,"9,8",Notebook,2400 MHz,Var,2 kg ve Altý,Belirtilmemiþ,14 inç,Dahili Ekran Kartý,Onboard,4.Nesil,Intel Celeron,Yok (Free Dos),2.8 GHz,1366 x 768,Yok,4 GB,DDR4,Yok,128 GB,6 Saat ve Üstü,1.1 GHz,3.821 TL
1490,HP,,,09,Notebook,3200 MHz,Var,1 - 2 kg,Yok,14 inç,Dahili Ekran Kartý,Onboard,11.Nesil,Intel Core i5,Windows 10 Pro,4.2 GHz,1920 x 1080,Yok,8 GB,DDR4,Yok,512 GB,4 - 6 Saat,2.4 GHz,14.088 TL
1491,Lenovo,,,"9,1",Notebook,2933 MHz,Var,1 - 2 kg,Yok,"15,6 inç",Dahili Ekran Kartý,Onboard,11.Nesil,Intel Core i5,Windows 10 Home,4.2 GHz,1920 x 1080,Yok,12 GB,DDR4,Yok,2 TB,,2.4 GHz,16.139 TL
1492,Casper,4.6,40,10,Oyun Bilgisayarlarý,2933 MHz,Var,2 - 4 kg,Yok,"15,6 inç",Yüksek Seviye Harici Ekran Kartý,GDDR6,10. Nesil,Intel Core i5,Windows 11 Home,4.5 GHz,1920 x 1080,Yok,8 GB,DDR4,Yok,250 GB,,2.5 GHz,12.499 TL
1493,Lenovo,5.0,2,"9,8",Notebook,2666 MHz,Var,2 kg ve Altý,Yok,14 inç,Dahili Ekran Kartý,Onboard,11.Nesil,Intel Core i5,Yok (Free Dos),4.2 GHz,1920 x 1080,Yok,8 GB,DDR4,Yok,512 GB,,2.4 GHz,7.999 TL
1494,Lenovo,4.7,267,10,Oyun Bilgisayarlarý,3200 MHz,Var,2 - 4 kg,Yok,"15,6 inç",Yüksek Seviye Harici Ekran Kartý,GDDR6,5.Nesil,AMD Ryzen 5,Yok (Free Dos),4.2 GHz,1920 x 1080,Yok,8 GB,DDR4,Yok,512 GB,6 Saat ve Üstü,3.3 GHz,13.998 TL
1495,Lenovo,4.6,13,"9,6",Notebook,3200 MHz,Var,2 - 4 kg,Yok,14 inç,Harici Ekran Kartý,GDDR5,11.Nesil,Intel Core i5,Yok (Free Dos),4.2 GHz,1920 x 1080,Yok,8 GB,DDR4,Yok,256 GB,4 - 6 Saat,2.4 GHz,8.999 TL
1496,Monster,4.7,268,"9,9",Oyun Bilgisayarlarý,3200 MHz,Var,2 - 4 kg,Yok,"15,6 inç",Harici Ekran Kartý,GDDR6,11.Nesil,Intel Core i5,Yok (Free Dos),4.5 GHz,1920 x 1080,Yok,16 GB,DDR4,Yok,500 GB,,2.70 GHz,16.099 TL
1497,HP,5.0,15,10,Notebook,2666 MHz,Var,2 - 4 kg,Yok,"15,6 inç",Dahili Ekran Kartý,Belirtilmemiþ,11.Nesil,Intel Core i3,Windows 10 Home,4.1 GHz,1920 x 1080,Yok,4 GB,DDR4,Yok,256 GB,,1.7 GHz,6.899 TL
1498,Lenovo,4.7,146,"9,9",Notebook,Belirtilmemiþ,Var,1 - 2 kg,Yok,"15,6 inç",Dahili Ekran Kartý,Belirtilmemiþ,11.Nesil,Intel Core i5,Windows 10 Home,4.2 GHz,1920 x 1080,Yok,8 GB,Belirtilmemiþ,Yok,256 GB,6 Saat ve Üstü,2.4 GHz,11.682 TL
1499,Dell,,,"9,8",Notebook,2666 MHz,Var,1 - 2 kg,Yok,"15,6 inç",Dahili Ekran Kartý,Onboard,11.Nesil,Intel Core i7,Windows 10 Home,4.7 GHz,1920 x 1080,Yok,8 GB,DDR4,Yok,512 GB,,2.8 GHz,18.175 TL
1500,Asus,4.8,85,10,Ýkisi Bir Arada,3733 MHz,Var,1 - 2 kg,Var,"13,3 inç",Dahili Ekran Kartý,Onboard,10.Nesil,Intel Core i5,Windows 10 Home,3.7 GHz,1920 x 1080,Yok,8 GB,LPDDR4X,Yok,512 GB,,1.1 GHz,11.599 TL
1501,Dell,4.7,129,10,Oyun Bilgisayarlarý,3200 MHz,Var,2 - 4 kg,Yok,"15,6 inç",Harici Ekran Kartý,GDDR6,Ryzen,AMD Ryzen 7,Windows 11 Home,4.4 GHz,1920 x 1080,Belirtilmemiþ,16 GB,DDR4,Yok,512 GB,,3.2 GHz,19.999 TL
1502,Acer,5.0,3,,Oyun Bilgisayarlarý,Belirtilmemiþ,Var,2 kg ve Altý,Yok,"15,6 inç",Yüksek Seviye Harici Ekran Kartý,GDDR6,5.Nesil,AMD Ryzen 5,Yok (Free Dos),4.3 GHz,1920 x 1080,Yok,16 GB,DDR4,Yok,512 GB,,3.3 GHz,18.998 TL
1503,Fujitsu,,,"9,7",Notebook,3200 MHz,Var,1 - 2 kg,Yok,"15,6 inç",Dahili Ekran Kartý,Belirtilmemiþ,10.Nesil,Intel Core i5,Windows 10 Home,3.6 GHz,1920 x 1080,Yok,8 GB,DDR4,Yok,480 GB,4 - 6 Saat,1 GHz,9.327 TL
1504,Dell,4.9,65,,Oyun Bilgisayarlarý,3200 MHz,Var,2 - 4 kg,Yok,"15,6 inç",Harici Ekran Kartý,GDDR6,11.Nesil,Intel Core i7,Ubuntu,4.6 GHz,1920 x 1080,Yok,16 GB,DDR4,Yok,512 GB,,2.30 GHz,19.998 TL
1505,Monster,4.7,213,"9,9",Oyun Bilgisayarlarý,3200 MHz,Var,2 - 4 kg,Yok,"15,6 inç",Harici Ekran Kartý,GDDR6,11.Nesil,Intel Core i5,Yok (Free Dos),4.5 GHz,1920 x 1080,Yok,8 GB,DDR4,Yok,500 GB,3 Saat ve Altý,2.70 GHz,15.699 TL
1506,Huawei,4.7,154,09,Notebook,Belirtilmemiþ,Var,1 - 2 kg,Yok,"15,6 inç",Dahili Ekran Kartý,Onboard,11.Nesil,Intel Core i7,Windows 11 Home,4.7 GHz,1920 x 1080,Var,16 GB,DDR4,Yok,512 GB,,2.8 GHz,13.908 TL
1507,HONOR,4.8,48,"9,1",Notebook,Belirtilmemiþ,Var,1 - 2 kg,Yok,"15,6 inç",Dahili Ekran Kartý,Onboard,10.Nesil,Intel Core i5,Windows 10 Home,Yok,1920 x 1080,Var,8 GB,DDR4,512 GB,512 GB,,Belirtilmemiþ,8.379 TL
1508,HP,4.2,16,"9,9",Notebook,3200 MHz,Var,2 - 4 kg,Yok,"15,6 inç",Harici Ekran Kartý,GDDR6,11.Nesil,Intel Core i5,Windows 11 Home,4.4 GHz,1920 x 1080,Yok,16 GB,DDR4,Yok,512 GB,4 - 6 Saat,2.6 GHz,15.999 TL
1509,Asus,4.8,165,,Notebook,2400 MHz,Var,1 - 2 kg,Yok,"15,6 inç",Dahili Ekran Kartý,Onboard,10.Nesil,Intel Core i3,Windows 10 Home,4.1 GHz,1366 x 768,Yok,4 GB,DDR4,Yok,256 GB,,2.1 GHz,5.988 TL
1510,Dell,4.4,7,"9,7",Notebook,2666 MHz,Var,1 - 2 kg,Yok,14 inç,Harici Ekran Kartý,GDDR5,11.Nesil,Intel Core i7,Ubuntu,4.7 GHz,1920 x 1080,Yok,8 GB,DDR4,Yok,512 GB,,2.80 GHz,16.399 TL
1511,Casper,4.4,167,,Notebook,2133 MHz,Var,1 - 2 kg,Yok,14 inç,Dahili Ekran Kartý,Onboard,Yok,Intel Celeron,Windows 11 Home,2.6 GHz,1366 x 768,Yok,4 GB,DDR3,Yok,120 GB,,1.10 GHz,3.948 TL
1512,Lenovo,4.7,15,10,Notebook,3200 MHz,Var,2 kg ve Altý,Yok,14 inç,Dahili Ekran Kartý,Onboard,11.Nesil,Intel Core i5,Windows 10 Home,4.2 GHz,1920 x 1080,Yok,8 GB,DDR4,Yok,512 GB,3 Saat ve Altý,2.40 GHz,8.999 TL
1513,Lenovo,4.4,237,"9,8",Notebook,2400 MHz,Var,2 kg ve Altý,Belirtilmemiþ,14 inç,Dahili Ekran Kartý,Onboard,4.Nesil,Intel Celeron,Yok (Free Dos),2.8 GHz,1366 x 768,Yok,4 GB,DDR4,Yok,128 GB,6 Saat ve Üstü,1.1 GHz,3.821 TL
1514,HP,5.0,15,10,Notebook,2666 MHz,Var,2 - 4 kg,Yok,"15,6 inç",Dahili Ekran Kartý,Belirtilmemiþ,11.Nesil,Intel Core i3,Windows 10 Home,4.1 GHz,1920 x 1080,Yok,4 GB,DDR4,Yok,256 GB,,1.7 GHz,6.899 TL
1515,Casper,4.6,40,10,Oyun Bilgisayarlarý,2933 MHz,Var,2 - 4 kg,Yok,"15,6 inç",Yüksek Seviye Harici Ekran Kartý,GDDR6,10. Nesil,Intel Core i5,Windows 11 Home,4.5 GHz,1920 x 1080,Yok,8 GB,DDR4,Yok,250 GB,,2.5 GHz,12.499 TL
1516,Lenovo,5.0,2,"9,8",Notebook,2666 MHz,Var,2 kg ve Altý,Yok,14 inç,Dahili Ekran Kartý,Onboard,11.Nesil,Intel Core i5,Yok (Free Dos),4.2 GHz,1920 x 1080,Yok,8 GB,DDR4,Yok,512 GB,,2.4 GHz,7.999 TL
1517,Lenovo,,,"9,1",Notebook,2933 MHz,Var,1 - 2 kg,Yok,"15,6 inç",Dahili Ekran Kartý,Onboard,11.Nesil,Intel Core i5,Windows 10 Home,4.2 GHz,1920 x 1080,Yok,12 GB,DDR4,Yok,2 TB,,2.4 GHz,16.139 TL
1518,Lenovo,4.7,267,10,Oyun Bilgisayarlarý,3200 MHz,Var,2 - 4 kg,Yok,"15,6 inç",Yüksek Seviye Harici Ekran Kartý,GDDR6,5.Nesil,AMD Ryzen 5,Yok (Free Dos),4.2 GHz,1920 x 1080,Yok,8 GB,DDR4,Yok,512 GB,6 Saat ve Üstü,3.3 GHz,13.998 TL
1519,Lenovo,4.6,13,"9,6",Notebook,3200 MHz,Var,2 - 4 kg,Yok,14 inç,Harici Ekran Kartý,GDDR5,11.Nesil,Intel Core i5,Yok (Free Dos),4.2 GHz,1920 x 1080,Yok,8 GB,DDR4,Yok,256 GB,4 - 6 Saat,2.4 GHz,8.999 TL
1520,Monster,4.7,268,"9,9",Oyun Bilgisayarlarý,3200 MHz,Var,2 - 4 kg,Yok,"15,6 inç",Harici Ekran Kartý,GDDR6,11.Nesil,Intel Core i5,Yok (Free Dos),4.5 GHz,1920 x 1080,Yok,16 GB,DDR4,Yok,500 GB,,2.70 GHz,16.099 TL
1521,Lenovo,4.7,146,"9,9",Notebook,Belirtilmemiþ,Var,1 - 2 kg,Yok,"15,6 inç",Dahili Ekran Kartý,Belirtilmemiþ,11.Nesil,Intel Core i5,Windows 10 Home,4.2 GHz,1920 x 1080,Yok,8 GB,Belirtilmemiþ,Yok,256 GB,6 Saat ve Üstü,2.4 GHz,11.682 TL
1522,HP,,,09,Notebook,3200 MHz,Var,1 - 2 kg,Yok,14 inç,Dahili Ekran Kartý,Onboard,11.Nesil,Intel Core i5,Windows 10 Pro,4.2 GHz,1920 x 1080,Yok,8 GB,DDR4,Yok,512 GB,4 - 6 Saat,2.4 GHz,14.088 TL
1523,Dell,,,"9,8",Notebook,2666 MHz,Var,1 - 2 kg,Yok,"15,6 inç",Dahili Ekran Kartý,Onboard,11.Nesil,Intel Core i7,Windows 10 Home,4.7 GHz,1920 x 1080,Yok,8 GB,DDR4,Yok,512 GB,,2.8 GHz,18.175 TL
1524,Asus,4.8,85,10,Ýkisi Bir Arada,3733 MHz,Var,1 - 2 kg,Var,"13,3 inç",Dahili Ekran Kartý,Onboard,10.Nesil,Intel Core i5,Windows 10 Home,3.7 GHz,1920 x 1080,Yok,8 GB,LPDDR4X,Yok,512 GB,,1.1 GHz,11.599 TL
1525,Dell,4.7,129,10,Oyun Bilgisayarlarý,3200 MHz,Var,2 - 4 kg,Yok,"15,6 inç",Harici Ekran Kartý,GDDR6,Ryzen,AMD Ryzen 7,Windows 11 Home,4.4 GHz,1920 x 1080,Belirtilmemiþ,16 GB,DDR4,Yok,512 GB,,3.2 GHz,19.999 TL
1526,Acer,5.0,3,,Oyun Bilgisayarlarý,Belirtilmemiþ,Var,2 kg ve Altý,Yok,"15,6 inç",Yüksek Seviye Harici Ekran Kartý,GDDR6,5.Nesil,AMD Ryzen 5,Yok (Free Dos),4.3 GHz,1920 x 1080,Yok,16 GB,DDR4,Yok,512 GB,,3.3 GHz,18.998 TL
1527,Dell,4.9,65,,Oyun Bilgisayarlarý,3200 MHz,Var,2 - 4 kg,Yok,"15,6 inç",Harici Ekran Kartý,GDDR6,11.Nesil,Intel Core i7,Ubuntu,4.6 GHz,1920 x 1080,Yok,16 GB,DDR4,Yok,512 GB,,2.30 GHz,19.998 TL
1528,Monster,4.7,213,"9,9",Oyun Bilgisayarlarý,3200 MHz,Var,2 - 4 kg,Yok,"15,6 inç",Harici Ekran Kartý,GDDR6,11.Nesil,Intel Core i5,Yok (Free Dos),4.5 GHz,1920 x 1080,Yok,8 GB,DDR4,Yok,500 GB,3 Saat ve Altý,2.70 GHz,15.699 TL
1529,Fujitsu,,,"9,7",Notebook,3200 MHz,Var,1 - 2 kg,Yok,"15,6 inç",Dahili Ekran Kartý,Belirtilmemiþ,10.Nesil,Intel Core i5,Windows 10 Home,3.6 GHz,1920 x 1080,Yok,8 GB,DDR4,Yok,480 GB,4 - 6 Saat,1 GHz,9.327 TL
1530,Huawei,4.7,154,09,Notebook,Belirtilmemiþ,Var,1 - 2 kg,Yok,"15,6 inç",Dahili Ekran Kartý,Onboard,11.Nesil,Intel Core i7,Windows 11 Home,4.7 GHz,1920 x 1080,Var,16 GB,DDR4,Yok,512 GB,,2.8 GHz,13.908 TL
1531,HONOR,4.8,48,"9,1",Notebook,Belirtilmemiþ,Var,1 - 2 kg,Yok,"15,6 inç",Dahili Ekran Kartý,Onboard,10.Nesil,Intel Core i5,Windows 10 Home,Yok,1920 x 1080,Var,8 GB,DDR4,512 GB,512 GB,,Belirtilmemiþ,8.379 TL
1532,HP,4.2,16,"9,9",Notebook,3200 MHz,Var,2 - 4 kg,Yok,"15,6 inç",Harici Ekran Kartý,GDDR6,11.Nesil,Intel Core i5,Windows 11 Home,4.4 GHz,1920 x 1080,Yok,16 GB,DDR4,Yok,512 GB,4 - 6 Saat,2.6 GHz,15.999 TL
1533,Asus,4.8,165,,Notebook,2400 MHz,Var,1 - 2 kg,Yok,"15,6 inç",Dahili Ekran Kartý,Onboard,10.Nesil,Intel Core i3,Windows 10 Home,4.1 GHz,1366 x 768,Yok,4 GB,DDR4,Yok,256 GB,,2.1 GHz,5.988 TL
1534,Dell,4.4,7,"9,7",Notebook,2666 MHz,Var,1 - 2 kg,Yok,14 inç,Harici Ekran Kartý,GDDR5,11.Nesil,Intel Core i7,Ubuntu,4.7 GHz,1920 x 1080,Yok,8 GB,DDR4,Yok,512 GB,,2.80 GHz,16.399 TL
1535,Casper,4.4,167,,Notebook,2133 MHz,Var,1 - 2 kg,Yok,14 inç,Dahili Ekran Kartý,Onboard,Yok,Intel Celeron,Windows 11 Home,2.6 GHz,1366 x 768,Yok,4 GB,DDR3,Yok,120 GB,,1.10 GHz,3.948 TL
1536,Lenovo,4.7,15,10,Notebook,3200 MHz,Var,2 kg ve Altý,Yok,14 inç,Dahili Ekran Kartý,Onboard,11.Nesil,Intel Core i5,Windows 10 Home,4.2 GHz,1920 x 1080,Yok,8 GB,DDR4,Yok,512 GB,3 Saat ve Altý,2.40 GHz,8.999 TL
1537,Lenovo,4.4,237,"9,8",Notebook,2400 MHz,Var,2 kg ve Altý,Belirtilmemiþ,14 inç,Dahili Ekran Kartý,Onboard,4.Nesil,Intel Celeron,Yok (Free Dos),2.8 GHz,1366 x 768,Yok,4 GB,DDR4,Yok,128 GB,6 Saat ve Üstü,1.1 GHz,3.821 TL
1538,HP,,,09,Notebook,3200 MHz,Var,1 - 2 kg,Yok,14 inç,Dahili Ekran Kartý,Onboard,11.Nesil,Intel Core i5,Windows 10 Pro,4.2 GHz,1920 x 1080,Yok,8 GB,DDR4,Yok,512 GB,4 - 6 Saat,2.4 GHz,14.088 TL
1539,Casper,4.6,40,10,Oyun Bilgisayarlarý,2933 MHz,Var,2 - 4 kg,Yok,"15,6 inç",Yüksek Seviye Harici Ekran Kartý,GDDR6,10. Nesil,Intel Core i5,Windows 11 Home,4.5 GHz,1920 x 1080,Yok,8 GB,DDR4,Yok,250 GB,,2.5 GHz,12.499 TL
1540,Lenovo,5.0,2,"9,8",Notebook,2666 MHz,Var,2 kg ve Altý,Yok,14 inç,Dahili Ekran Kartý,Onboard,11.Nesil,Intel Core i5,Yok (Free Dos),4.2 GHz,1920 x 1080,Yok,8 GB,DDR4,Yok,512 GB,,2.4 GHz,7.999 TL
1541,Lenovo,,,"9,1",Notebook,2933 MHz,Var,1 - 2 kg,Yok,"15,6 inç",Dahili Ekran Kartý,Onboard,11.Nesil,Intel Core i5,Windows 10 Home,4.2 GHz,1920 x 1080,Yok,12 GB,DDR4,Yok,2 TB,,2.4 GHz,16.139 TL
1542,Lenovo,4.7,267,10,Oyun Bilgisayarlarý,3200 MHz,Var,2 - 4 kg,Yok,"15,6 inç",Yüksek Seviye Harici Ekran Kartý,GDDR6,5.Nesil,AMD Ryzen 5,Yok (Free Dos),4.2 GHz,1920 x 1080,Yok,8 GB,DDR4,Yok,512 GB,6 Saat ve Üstü,3.3 GHz,13.998 TL
1543,Lenovo,4.6,13,"9,6",Notebook,3200 MHz,Var,2 - 4 kg,Yok,14 inç,Harici Ekran Kartý,GDDR5,11.Nesil,Intel Core i5,Yok (Free Dos),4.2 GHz,1920 x 1080,Yok,8 GB,DDR4,Yok,256 GB,4 - 6 Saat,2.4 GHz,8.999 TL
1544,Monster,4.7,268,"9,9",Oyun Bilgisayarlarý,3200 MHz,Var,2 - 4 kg,Yok,"15,6 inç",Harici Ekran Kartý,GDDR6,11.Nesil,Intel Core i5,Yok (Free Dos),4.5 GHz,1920 x 1080,Yok,16 GB,DDR4,Yok,500 GB,,2.70 GHz,16.099 TL
1545,HP,5.0,15,10,Notebook,2666 MHz,Var,2 - 4 kg,Yok,"15,6 inç",Dahili Ekran Kartý,Belirtilmemiþ,11.Nesil,Intel Core i3,Windows 10 Home,4.1 GHz,1920 x 1080,Yok,4 GB,DDR4,Yok,256 GB,,1.7 GHz,6.899 TL
1546,Dell,,,"9,8",Notebook,2666 MHz,Var,1 - 2 kg,Yok,"15,6 inç",Dahili Ekran Kartý,Onboard,11.Nesil,Intel Core i7,Windows 10 Home,4.7 GHz,1920 x 1080,Yok,8 GB,DDR4,Yok,512 GB,,2.8 GHz,18.175 TL
1547,Lenovo,4.7,146,"9,9",Notebook,Belirtilmemiþ,Var,1 - 2 kg,Yok,"15,6 inç",Dahili Ekran Kartý,Belirtilmemiþ,11.Nesil,Intel Core i5,Windows 10 Home,4.2 GHz,1920 x 1080,Yok,8 GB,Belirtilmemiþ,Yok,256 GB,6 Saat ve Üstü,2.4 GHz,11.682 TL
1548,Asus,4.8,85,10,Ýkisi Bir Arada,3733 MHz,Var,1 - 2 kg,Var,"13,3 inç",Dahili Ekran Kartý,Onboard,10.Nesil,Intel Core i5,Windows 10 Home,3.7 GHz,1920 x 1080,Yok,8 GB,LPDDR4X,Yok,512 GB,,1.1 GHz,11.599 TL
1549,Dell,4.7,129,10,Oyun Bilgisayarlarý,3200 MHz,Var,2 - 4 kg,Yok,"15,6 inç",Harici Ekran Kartý,GDDR6,Ryzen,AMD Ryzen 7,Windows 11 Home,4.4 GHz,1920 x 1080,Belirtilmemiþ,16 GB,DDR4,Yok,512 GB,,3.2 GHz,19.999 TL
1550,Acer,5.0,3,,Oyun Bilgisayarlarý,Belirtilmemiþ,Var,2 kg ve Altý,Yok,"15,6 inç",Yüksek Seviye Harici Ekran Kartý,GDDR6,5.Nesil,AMD Ryzen 5,Yok (Free Dos),4.3 GHz,1920 x 1080,Yok,16 GB,DDR4,Yok,512 GB,,3.3 GHz,18.998 TL
1551,Dell,4.9,65,,Oyun Bilgisayarlarý,3200 MHz,Var,2 - 4 kg,Yok,"15,6 inç",Harici Ekran Kartý,GDDR6,11.Nesil,Intel Core i7,Ubuntu,4.6 GHz,1920 x 1080,Yok,16 GB,DDR4,Yok,512 GB,,2.30 GHz,19.998 TL
1552,Fujitsu,,,"9,7",Notebook,3200 MHz,Var,1 - 2 kg,Yok,"15,6 inç",Dahili Ekran Kartý,Belirtilmemiþ,10.Nesil,Intel Core i5,Windows 10 Home,3.6 GHz,1920 x 1080,Yok,8 GB,DDR4,Yok,480 GB,4 - 6 Saat,1 GHz,9.327 TL
1553,Monster,4.7,213,"9,9",Oyun Bilgisayarlarý,3200 MHz,Var,2 - 4 kg,Yok,"15,6 inç",Harici Ekran Kartý,GDDR6,11.Nesil,Intel Core i5,Yok (Free Dos),4.5 GHz,1920 x 1080,Yok,8 GB,DDR4,Yok,500 GB,3 Saat ve Altý,2.70 GHz,15.699 TL
1554,Huawei,4.7,154,09,Notebook,Belirtilmemiþ,Var,1 - 2 kg,Yok,"15,6 inç",Dahili Ekran Kartý,Onboard,11.Nesil,Intel Core i7,Windows 11 Home,4.7 GHz,1920 x 1080,Var,16 GB,DDR4,Yok,512 GB,,2.8 GHz,13.908 TL
1555,HONOR,4.8,48,"9,1",Notebook,Belirtilmemiþ,Var,1 - 2 kg,Yok,"15,6 inç",Dahili Ekran Kartý,Onboard,10.Nesil,Intel Core i5,Windows 10 Home,Yok,1920 x 1080,Var,8 GB,DDR4,512 GB,512 GB,,Belirtilmemiþ,8.379 TL
1556,HP,4.2,16,"9,9",Notebook,3200 MHz,Var,2 - 4 kg,Yok,"15,6 inç",Harici Ekran Kartý,GDDR6,11.Nesil,Intel Core i5,Windows 11 Home,4.4 GHz,1920 x 1080,Yok,16 GB,DDR4,Yok,512 GB,4 - 6 Saat,2.6 GHz,15.999 TL
1557,Asus,4.8,165,,Notebook,2400 MHz,Var,1 - 2 kg,Yok,"15,6 inç",Dahili Ekran Kartý,Onboard,10.Nesil,Intel Core i3,Windows 10 Home,4.1 GHz,1366 x 768,Yok,4 GB,DDR4,Yok,256 GB,,2.1 GHz,5.988 TL
1558,Dell,4.4,7,"9,7",Notebook,2666 MHz,Var,1 - 2 kg,Yok,14 inç,Harici Ekran Kartý,GDDR5,11.Nesil,Intel Core i7,Ubuntu,4.7 GHz,1920 x 1080,Yok,8 GB,DDR4,Yok,512 GB,,2.80 GHz,16.399 TL
1559,Casper,4.4,167,,Notebook,2133 MHz,Var,1 - 2 kg,Yok,14 inç,Dahili Ekran Kartý,Onboard,Yok,Intel Celeron,Windows 11 Home,2.6 GHz,1366 x 768,Yok,4 GB,DDR3,Yok,120 GB,,1.10 GHz,3.948 TL
1560,Lenovo,4.7,15,10,Notebook,3200 MHz,Var,2 kg ve Altý,Yok,14 inç,Dahili Ekran Kartý,Onboard,11.Nesil,Intel Core i5,Windows 10 Home,4.2 GHz,1920 x 1080,Yok,8 GB,DDR4,Yok,512 GB,3 Saat ve Altý,2.40 GHz,8.999 TL
1561,Lenovo,4.4,237,"9,8",Notebook,2400 MHz,Var,2 kg ve Altý,Belirtilmemiþ,14 inç,Dahili Ekran Kartý,Onboard,4.Nesil,Intel Celeron,Yok (Free Dos),2.8 GHz,1366 x 768,Yok,4 GB,DDR4,Yok,128 GB,6 Saat ve Üstü,1.1 GHz,3.821 TL
1562,HP,5.0,15,10,Notebook,2666 MHz,Var,2 - 4 kg,Yok,"15,6 inç",Dahili Ekran Kartý,Belirtilmemiþ,11.Nesil,Intel Core i3,Windows 10 Home,4.1 GHz,1920 x 1080,Yok,4 GB,DDR4,Yok,256 GB,,1.7 GHz,6.899 TL
1563,Casper,4.6,40,10,Oyun Bilgisayarlarý,2933 MHz,Var,2 - 4 kg,Yok,"15,6 inç",Yüksek Seviye Harici Ekran Kartý,GDDR6,10. Nesil,Intel Core i5,Windows 11 Home,4.5 GHz,1920 x 1080,Yok,8 GB,DDR4,Yok,250 GB,,2.5 GHz,12.499 TL
1564,Lenovo,5.0,2,"9,8",Notebook,2666 MHz,Var,2 kg ve Altý,Yok,14 inç,Dahili Ekran Kartý,Onboard,11.Nesil,Intel Core i5,Yok (Free Dos),4.2 GHz,1920 x 1080,Yok,8 GB,DDR4,Yok,512 GB,,2.4 GHz,7.999 TL
1565,Lenovo,,,"9,1",Notebook,2933 MHz,Var,1 - 2 kg,Yok,"15,6 inç",Dahili Ekran Kartý,Onboard,11.Nesil,Intel Core i5,Windows 10 Home,4.2 GHz,1920 x 1080,Yok,12 GB,DDR4,Yok,2 TB,,2.4 GHz,16.139 TL
1566,Lenovo,4.7,267,10,Oyun Bilgisayarlarý,3200 MHz,Var,2 - 4 kg,Yok,"15,6 inç",Yüksek Seviye Harici Ekran Kartý,GDDR6,5.Nesil,AMD Ryzen 5,Yok (Free Dos),4.2 GHz,1920 x 1080,Yok,8 GB,DDR4,Yok,512 GB,6 Saat ve Üstü,3.3 GHz,13.998 TL
1567,Lenovo,4.6,13,"9,6",Notebook,3200 MHz,Var,2 - 4 kg,Yok,14 inç,Harici Ekran Kartý,GDDR5,11.Nesil,Intel Core i5,Yok (Free Dos),4.2 GHz,1920 x 1080,Yok,8 GB,DDR4,Yok,256 GB,4 - 6 Saat,2.4 GHz,8.999 TL
1568,Monster,4.7,268,"9,9",Oyun Bilgisayarlarý,3200 MHz,Var,2 - 4 kg,Yok,"15,6 inç",Harici Ekran Kartý,GDDR6,11.Nesil,Intel Core i5,Yok (Free Dos),4.5 GHz,1920 x 1080,Yok,16 GB,DDR4,Yok,500 GB,,2.70 GHz,16.099 TL
1569,Lenovo,4.7,146,"9,9",Notebook,Belirtilmemiþ,Var,1 - 2 kg,Yok,"15,6 inç",Dahili Ekran Kartý,Belirtilmemiþ,11.Nesil,Intel Core i5,Windows 10 Home,4.2 GHz,1920 x 1080,Yok,8 GB,Belirtilmemiþ,Yok,256 GB,6 Saat ve Üstü,2.4 GHz,11.682 TL
1570,HP,,,09,Notebook,3200 MHz,Var,1 - 2 kg,Yok,14 inç,Dahili Ekran Kartý,Onboard,11.Nesil,Intel Core i5,Windows 10 Pro,4.2 GHz,1920 x 1080,Yok,8 GB,DDR4,Yok,512 GB,4 - 6 Saat,2.4 GHz,14.088 TL
1571,Dell,,,"9,8",Notebook,2666 MHz,Var,1 - 2 kg,Yok,"15,6 inç",Dahili Ekran Kartý,Onboard,11.Nesil,Intel Core i7,Windows 10 Home,4.7 GHz,1920 x 1080,Yok,8 GB,DDR4,Yok,512 GB,,2.8 GHz,18.175 TL
1572,Asus,4.8,85,10,Ýkisi Bir Arada,3733 MHz,Var,1 - 2 kg,Var,"13,3 inç",Dahili Ekran Kartý,Onboard,10.Nesil,Intel Core i5,Windows 10 Home,3.7 GHz,1920 x 1080,Yok,8 GB,LPDDR4X,Yok,512 GB,,1.1 GHz,11.599 TL
1573,Dell,4.7,129,10,Oyun Bilgisayarlarý,3200 MHz,Var,2 - 4 kg,Yok,"15,6 inç",Harici Ekran Kartý,GDDR6,Ryzen,AMD Ryzen 7,Windows 11 Home,4.4 GHz,1920 x 1080,Belirtilmemiþ,16 GB,DDR4,Yok,512 GB,,3.2 GHz,19.999 TL
1574,Acer,5.0,3,,Oyun Bilgisayarlarý,Belirtilmemiþ,Var,2 kg ve Altý,Yok,"15,6 inç",Yüksek Seviye Harici Ekran Kartý,GDDR6,5.Nesil,AMD Ryzen 5,Yok (Free Dos),4.3 GHz,1920 x 1080,Yok,16 GB,DDR4,Yok,512 GB,,3.3 GHz,18.998 TL
1575,Dell,4.9,65,,Oyun Bilgisayarlarý,3200 MHz,Var,2 - 4 kg,Yok,"15,6 inç",Harici Ekran Kartý,GDDR6,11.Nesil,Intel Core i7,Ubuntu,4.6 GHz,1920 x 1080,Yok,16 GB,DDR4,Yok,512 GB,,2.30 GHz,19.998 TL
1576,Monster,4.7,213,"9,9",Oyun Bilgisayarlarý,3200 MHz,Var,2 - 4 kg,Yok,"15,6 inç",Harici Ekran Kartý,GDDR6,11.Nesil,Intel Core i5,Yok (Free Dos),4.5 GHz,1920 x 1080,Yok,8 GB,DDR4,Yok,500 GB,3 Saat ve Altý,2.70 GHz,15.699 TL
1577,Fujitsu,,,"9,7",Notebook,3200 MHz,Var,1 - 2 kg,Yok,"15,6 inç",Dahili Ekran Kartý,Belirtilmemiþ,10.Nesil,Intel Core i5,Windows 10 Home,3.6 GHz,1920 x 1080,Yok,8 GB,DDR4,Yok,480 GB,4 - 6 Saat,1 GHz,9.327 TL
1578,Huawei,4.7,154,09,Notebook,Belirtilmemiþ,Var,1 - 2 kg,Yok,"15,6 inç",Dahili Ekran Kartý,Onboard,11.Nesil,Intel Core i7,Windows 11 Home,4.7 GHz,1920 x 1080,Var,16 GB,DDR4,Yok,512 GB,,2.8 GHz,13.908 TL
1579,HONOR,4.8,48,"9,1",Notebook,Belirtilmemiþ,Var,1 - 2 kg,Yok,"15,6 inç",Dahili Ekran Kartý,Onboard,10.Nesil,Intel Core i5,Windows 10 Home,Yok,1920 x 1080,Var,8 GB,DDR4,512 GB,512 GB,,Belirtilmemiþ,8.379 TL
1580,HP,4.2,16,"9,9",Notebook,3200 MHz,Var,2 - 4 kg,Yok,"15,6 inç",Harici Ekran Kartý,GDDR6,11.Nesil,Intel Core i5,Windows 11 Home,4.4 GHz,1920 x 1080,Yok,16 GB,DDR4,Yok,512 GB,4 - 6 Saat,2.6 GHz,15.999 TL
1581,Asus,4.8,165,,Notebook,2400 MHz,Var,1 - 2 kg,Yok,"15,6 inç",Dahili Ekran Kartý,Onboard,10.Nesil,Intel Core i3,Windows 10 Home,4.1 GHz,1366 x 768,Yok,4 GB,DDR4,Yok,256 GB,,2.1 GHz,5.988 TL
1582,Dell,4.4,7,"9,7",Notebook,2666 MHz,Var,1 - 2 kg,Yok,14 inç,Harici Ekran Kartý,GDDR5,11.Nesil,Intel Core i7,Ubuntu,4.7 GHz,1920 x 1080,Yok,8 GB,DDR4,Yok,512 GB,,2.80 GHz,16.399 TL
1583,Casper,4.4,167,,Notebook,2133 MHz,Var,1 - 2 kg,Yok,14 inç,Dahili Ekran Kartý,Onboard,Yok,Intel Celeron,Windows 11 Home,2.6 GHz,1366 x 768,Yok,4 GB,DDR3,Yok,120 GB,,1.10 GHz,3.948 TL
1584,Lenovo,4.7,15,10,Notebook,3200 MHz,Var,2 kg ve Altý,Yok,14 inç,Dahili Ekran Kartý,Onboard,11.Nesil,Intel Core i5,Windows 10 Home,4.2 GHz,1920 x 1080,Yok,8 GB,DDR4,Yok,512 GB,3 Saat ve Altý,2.40 GHz,8.999 TL
1585,Lenovo,4.4,237,"9,8",Notebook,2400 MHz,Var,2 kg ve Altý,Belirtilmemiþ,14 inç,Dahili Ekran Kartý,Onboard,4.Nesil,Intel Celeron,Yok (Free Dos),2.8 GHz,1366 x 768,Yok,4 GB,DDR4,Yok,128 GB,6 Saat ve Üstü,1.1 GHz,3.821 TL
1586,HP,5.0,15,10,Notebook,2666 MHz,Var,2 - 4 kg,Yok,"15,6 inç",Dahili Ekran Kartý,Belirtilmemiþ,11.Nesil,Intel Core i3,Windows 10 Home,4.1 GHz,1920 x 1080,Yok,4 GB,DDR4,Yok,256 GB,,1.7 GHz,6.899 TL
1587,Casper,4.6,40,10,Oyun Bilgisayarlarý,2933 MHz,Var,2 - 4 kg,Yok,"15,6 inç",Yüksek Seviye Harici Ekran Kartý,GDDR6,10. Nesil,Intel Core i5,Windows 11 Home,4.5 GHz,1920 x 1080,Yok,8 GB,DDR4,Yok,250 GB,,2.5 GHz,12.499 TL
1588,Lenovo,5.0,2,"9,8",Notebook,2666 MHz,Var,2 kg ve Altý,Yok,14 inç,Dahili Ekran Kartý,Onboard,11.Nesil,Intel Core i5,Yok (Free Dos),4.2 GHz,1920 x 1080,Yok,8 GB,DDR4,Yok,512 GB,,2.4 GHz,7.999 TL
1589,Lenovo,,,"9,1",Notebook,2933 MHz,Var,1 - 2 kg,Yok,"15,6 inç",Dahili Ekran Kartý,Onboard,11.Nesil,Intel Core i5,Windows 10 Home,4.2 GHz,1920 x 1080,Yok,12 GB,DDR4,Yok,2 TB,,2.4 GHz,16.139 TL
1590,Lenovo,4.7,267,10,Oyun Bilgisayarlarý,3200 MHz,Var,2 - 4 kg,Yok,"15,6 inç",Yüksek Seviye Harici Ekran Kartý,GDDR6,5.Nesil,AMD Ryzen 5,Yok (Free Dos),4.2 GHz,1920 x 1080,Yok,8 GB,DDR4,Yok,512 GB,6 Saat ve Üstü,3.3 GHz,13.998 TL
1591,Lenovo,4.6,13,"9,6",Notebook,3200 MHz,Var,2 - 4 kg,Yok,14 inç,Harici Ekran Kartý,GDDR5,11.Nesil,Intel Core i5,Yok (Free Dos),4.2 GHz,1920 x 1080,Yok,8 GB,DDR4,Yok,256 GB,4 - 6 Saat,2.4 GHz,8.999 TL
1592,Monster,4.7,268,"9,9",Oyun Bilgisayarlarý,3200 MHz,Var,2 - 4 kg,Yok,"15,6 inç",Harici Ekran Kartý,GDDR6,11.Nesil,Intel Core i5,Yok (Free Dos),4.5 GHz,1920 x 1080,Yok,16 GB,DDR4,Yok,500 GB,,2.70 GHz,16.099 TL
1593,Lenovo,4.7,146,"9,9",Notebook,Belirtilmemiþ,Var,1 - 2 kg,Yok,"15,6 inç",Dahili Ekran Kartý,Belirtilmemiþ,11.Nesil,Intel Core i5,Windows 10 Home,4.2 GHz,1920 x 1080,Yok,8 GB,Belirtilmemiþ,Yok,256 GB,6 Saat ve Üstü,2.4 GHz,11.682 TL
1594,HP,,,09,Notebook,3200 MHz,Var,1 - 2 kg,Yok,14 inç,Dahili Ekran Kartý,Onboard,11.Nesil,Intel Core i5,Windows 10 Pro,4.2 GHz,1920 x 1080,Yok,8 GB,DDR4,Yok,512 GB,4 - 6 Saat,2.4 GHz,14.088 TL
1595,Dell,,,"9,8",Notebook,2666 MHz,Var,1 - 2 kg,Yok,"15,6 inç",Dahili Ekran Kartý,Onboard,11.Nesil,Intel Core i7,Windows 10 Home,4.7 GHz,1920 x 1080,Yok,8 GB,DDR4,Yok,512 GB,,2.8 GHz,18.175 TL
1596,Asus,4.8,85,10,Ýkisi Bir Arada,3733 MHz,Var,1 - 2 kg,Var,"13,3 inç",Dahili Ekran Kartý,Onboard,10.Nesil,Intel Core i5,Windows 10 Home,3.7 GHz,1920 x 1080,Yok,8 GB,LPDDR4X,Yok,512 GB,,1.1 GHz,11.599 TL
1597,Dell,4.7,129,10,Oyun Bilgisayarlarý,3200 MHz,Var,2 - 4 kg,Yok,"15,6 inç",Harici Ekran Kartý,GDDR6,Ryzen,AMD Ryzen 7,Windows 11 Home,4.4 GHz,1920 x 1080,Belirtilmemiþ,16 GB,DDR4,Yok,512 GB,,3.2 GHz,19.999 TL
1598,Acer,5.0,3,,Oyun Bilgisayarlarý,Belirtilmemiþ,Var,2 kg ve Altý,Yok,"15,6 inç",Yüksek Seviye Harici Ekran Kartý,GDDR6,5.Nesil,AMD Ryzen 5,Yok (Free Dos),4.3 GHz,1920 x 1080,Yok,16 GB,DDR4,Yok,512 GB,,3.3 GHz,18.998 TL
1599,Dell,4.9,65,,Oyun Bilgisayarlarý,3200 MHz,Var,2 - 4 kg,Yok,"15,6 inç",Harici Ekran Kartý,GDDR6,11.Nesil,Intel Core i7,Ubuntu,4.6 GHz,1920 x 1080,Yok,16 GB,DDR4,Yok,512 GB,,2.30 GHz,19.998 TL
1600,Monster,4.7,213,"9,9",Oyun Bilgisayarlarý,3200 MHz,Var,2 - 4 kg,Yok,"15,6 inç",Harici Ekran Kartý,GDDR6,11.Nesil,Intel Core i5,Yok (Free Dos),4.5 GHz,1920 x 1080,Yok,8 GB,DDR4,Yok,500 GB,3 Saat ve Altý,2.70 GHz,15.699 TL
1601,Fujitsu,,,"9,7",Notebook,3200 MHz,Var,1 - 2 kg,Yok,"15,6 inç",Dahili Ekran Kartý,Belirtilmemiþ,10.Nesil,Intel Core i5,Windows 10 Home,3.6 GHz,1920 x 1080,Yok,8 GB,DDR4,Yok,480 GB,4 - 6 Saat,1 GHz,9.327 TL
1602,Huawei,4.7,154,09,Notebook,Belirtilmemiþ,Var,1 - 2 kg,Yok,"15,6 inç",Dahili Ekran Kartý,Onboard,11.Nesil,Intel Core i7,Windows 11 Home,4.7 GHz,1920 x 1080,Var,16 GB,DDR4,Yok,512 GB,,2.8 GHz,13.908 TL
1603,HONOR,4.8,48,"9,1",Notebook,Belirtilmemiþ,Var,1 - 2 kg,Yok,"15,6 inç",Dahili Ekran Kartý,Onboard,10.Nesil,Intel Core i5,Windows 10 Home,Yok,1920 x 1080,Var,8 GB,DDR4,512 GB,512 GB,,Belirtilmemiþ,8.379 TL
1604,HP,4.2,16,"9,9",Notebook,3200 MHz,Var,2 - 4 kg,Yok,"15,6 inç",Harici Ekran Kartý,GDDR6,11.Nesil,Intel Core i5,Windows 11 Home,4.4 GHz,1920 x 1080,Yok,16 GB,DDR4,Yok,512 GB,4 - 6 Saat,2.6 GHz,15.999 TL
1605,Asus,4.8,165,,Notebook,2400 MHz,Var,1 - 2 kg,Yok,"15,6 inç",Dahili Ekran Kartý,Onboard,10.Nesil,Intel Core i3,Windows 10 Home,4.1 GHz,1366 x 768,Yok,4 GB,DDR4,Yok,256 GB,,2.1 GHz,5.988 TL
1606,Dell,4.4,7,"9,7",Notebook,2666 MHz,Var,1 - 2 kg,Yok,14 inç,Harici Ekran Kartý,GDDR5,11.Nesil,Intel Core i7,Ubuntu,4.7 GHz,1920 x 1080,Yok,8 GB,DDR4,Yok,512 GB,,2.80 GHz,16.399 TL
1607,Casper,4.4,167,,Notebook,2133 MHz,Var,1 - 2 kg,Yok,14 inç,Dahili Ekran Kartý,Onboard,Yok,Intel Celeron,Windows 11 Home,2.6 GHz,1366 x 768,Yok,4 GB,DDR3,Yok,120 GB,,1.10 GHz,3.948 TL
1608,Lenovo,4.7,15,10,Notebook,3200 MHz,Var,2 kg ve Altý,Yok,14 inç,Dahili Ekran Kartý,Onboard,11.Nesil,Intel Core i5,Windows 10 Home,4.2 GHz,1920 x 1080,Yok,8 GB,DDR4,Yok,512 GB,3 Saat ve Altý,2.40 GHz,8.999 TL
1609,Lenovo,4.4,237,"9,8",Notebook,2400 MHz,Var,2 kg ve Altý,Belirtilmemiþ,14 inç,Dahili Ekran Kartý,Onboard,4.Nesil,Intel Celeron,Yok (Free Dos),2.8 GHz,1366 x 768,Yok,4 GB,DDR4,Yok,128 GB,6 Saat ve Üstü,1.1 GHz,3.821 TL
1610,HP,5.0,15,10,Notebook,2666 MHz,Var,2 - 4 kg,Yok,"15,6 inç",Dahili Ekran Kartý,Belirtilmemiþ,11.Nesil,Intel Core i3,Windows 10 Home,4.1 GHz,1920 x 1080,Yok,4 GB,DDR4,Yok,256 GB,,1.7 GHz,6.899 TL
1611,Casper,4.6,40,10,Oyun Bilgisayarlarý,2933 MHz,Var,2 - 4 kg,Yok,"15,6 inç",Yüksek Seviye Harici Ekran Kartý,GDDR6,10. Nesil,Intel Core i5,Windows 11 Home,4.5 GHz,1920 x 1080,Yok,8 GB,DDR4,Yok,250 GB,,2.5 GHz,12.499 TL
1612,Lenovo,5.0,2,"9,8",Notebook,2666 MHz,Var,2 kg ve Altý,Yok,14 inç,Dahili Ekran Kartý,Onboard,11.Nesil,Intel Core i5,Yok (Free Dos),4.2 GHz,1920 x 1080,Yok,8 GB,DDR4,Yok,512 GB,,2.4 GHz,7.999 TL
1613,Lenovo,,,"9,1",Notebook,2933 MHz,Var,1 - 2 kg,Yok,"15,6 inç",Dahili Ekran Kartý,Onboard,11.Nesil,Intel Core i5,Windows 10 Home,4.2 GHz,1920 x 1080,Yok,12 GB,DDR4,Yok,2 TB,,2.4 GHz,16.139 TL
1614,Lenovo,4.7,267,10,Oyun Bilgisayarlarý,3200 MHz,Var,2 - 4 kg,Yok,"15,6 inç",Yüksek Seviye Harici Ekran Kartý,GDDR6,5.Nesil,AMD Ryzen 5,Yok (Free Dos),4.2 GHz,1920 x 1080,Yok,8 GB,DDR4,Yok,512 GB,6 Saat ve Üstü,3.3 GHz,13.998 TL
1615,Lenovo,4.6,13,"9,6",Notebook,3200 MHz,Var,2 - 4 kg,Yok,14 inç,Harici Ekran Kartý,GDDR5,11.Nesil,Intel Core i5,Yok (Free Dos),4.2 GHz,1920 x 1080,Yok,8 GB,DDR4,Yok,256 GB,4 - 6 Saat,2.4 GHz,8.999 TL
1616,Monster,4.7,268,"9,9",Oyun Bilgisayarlarý,3200 MHz,Var,2 - 4 kg,Yok,"15,6 inç",Harici Ekran Kartý,GDDR6,11.Nesil,Intel Core i5,Yok (Free Dos),4.5 GHz,1920 x 1080,Yok,16 GB,DDR4,Yok,500 GB,,2.70 GHz,16.099 TL
1617,Lenovo,4.7,146,"9,9",Notebook,Belirtilmemiþ,Var,1 - 2 kg,Yok,"15,6 inç",Dahili Ekran Kartý,Belirtilmemiþ,11.Nesil,Intel Core i5,Windows 10 Home,4.2 GHz,1920 x 1080,Yok,8 GB,Belirtilmemiþ,Yok,256 GB,6 Saat ve Üstü,2.4 GHz,11.682 TL
1618,HP,,,09,Notebook,3200 MHz,Var,1 - 2 kg,Yok,14 inç,Dahili Ekran Kartý,Onboard,11.Nesil,Intel Core i5,Windows 10 Pro,4.2 GHz,1920 x 1080,Yok,8 GB,DDR4,Yok,512 GB,4 - 6 Saat,2.4 GHz,14.088 TL
1619,Dell,,,"9,8",Notebook,2666 MHz,Var,1 - 2 kg,Yok,"15,6 inç",Dahili Ekran Kartý,Onboard,11.Nesil,Intel Core i7,Windows 10 Home,4.7 GHz,1920 x 1080,Yok,8 GB,DDR4,Yok,512 GB,,2.8 GHz,18.175 TL
1620,Asus,4.8,85,10,Ýkisi Bir Arada,3733 MHz,Var,1 - 2 kg,Var,"13,3 inç",Dahili Ekran Kartý,Onboard,10.Nesil,Intel Core i5,Windows 10 Home,3.7 GHz,1920 x 1080,Yok,8 GB,LPDDR4X,Yok,512 GB,,1.1 GHz,11.599 TL
1621,Dell,4.7,129,10,Oyun Bilgisayarlarý,3200 MHz,Var,2 - 4 kg,Yok,"15,6 inç",Harici Ekran Kartý,GDDR6,Ryzen,AMD Ryzen 7,Windows 11 Home,4.4 GHz,1920 x 1080,Belirtilmemiþ,16 GB,DDR4,Yok,512 GB,,3.2 GHz,19.999 TL
1622,Acer,5.0,3,,Oyun Bilgisayarlarý,Belirtilmemiþ,Var,2 kg ve Altý,Yok,"15,6 inç",Yüksek Seviye Harici Ekran Kartý,GDDR6,5.Nesil,AMD Ryzen 5,Yok (Free Dos),4.3 GHz,1920 x 1080,Yok,16 GB,DDR4,Yok,512 GB,,3.3 GHz,18.998 TL
1623,Dell,4.9,65,,Oyun Bilgisayarlarý,3200 MHz,Var,2 - 4 kg,Yok,"15,6 inç",Harici Ekran Kartý,GDDR6,11.Nesil,Intel Core i7,Ubuntu,4.6 GHz,1920 x 1080,Yok,16 GB,DDR4,Yok,512 GB,,2.30 GHz,19.998 TL
1624,Monster,4.7,213,"9,9",Oyun Bilgisayarlarý,3200 MHz,Var,2 - 4 kg,Yok,"15,6 inç",Harici Ekran Kartý,GDDR6,11.Nesil,Intel Core i5,Yok (Free Dos),4.5 GHz,1920 x 1080,Yok,8 GB,DDR4,Yok,500 GB,3 Saat ve Altý,2.70 GHz,15.699 TL
1625,Fujitsu,,,"9,7",Notebook,3200 MHz,Var,1 - 2 kg,Yok,"15,6 inç",Dahili Ekran Kartý,Belirtilmemiþ,10.Nesil,Intel Core i5,Windows 10 Home,3.6 GHz,1920 x 1080,Yok,8 GB,DDR4,Yok,480 GB,4 - 6 Saat,1 GHz,9.327 TL
1626,Huawei,4.7,154,09,Notebook,Belirtilmemiþ,Var,1 - 2 kg,Yok,"15,6 inç",Dahili Ekran Kartý,Onboard,11.Nesil,Intel Core i7,Windows 11 Home,4.7 GHz,1920 x 1080,Var,16 GB,DDR4,Yok,512 GB,,2.8 GHz,13.908 TL
1627,HONOR,4.8,48,"9,1",Notebook,Belirtilmemiþ,Var,1 - 2 kg,Yok,"15,6 inç",Dahili Ekran Kartý,Onboard,10.Nesil,Intel Core i5,Windows 10 Home,Yok,1920 x 1080,Var,8 GB,DDR4,512 GB,512 GB,,Belirtilmemiþ,8.379 TL
1628,HP,4.2,16,"9,9",Notebook,3200 MHz,Var,2 - 4 kg,Yok,"15,6 inç",Harici Ekran Kartý,GDDR6,11.Nesil,Intel Core i5,Windows 11 Home,4.4 GHz,1920 x 1080,Yok,16 GB,DDR4,Yok,512 GB,4 - 6 Saat,2.6 GHz,15.999 TL
1629,Asus,4.8,165,,Notebook,2400 MHz,Var,1 - 2 kg,Yok,"15,6 inç",Dahili Ekran Kartý,Onboard,10.Nesil,Intel Core i3,Windows 10 Home,4.1 GHz,1366 x 768,Yok,4 GB,DDR4,Yok,256 GB,,2.1 GHz,5.988 TL
1630,Dell,4.4,7,"9,7",Notebook,2666 MHz,Var,1 - 2 kg,Yok,14 inç,Harici Ekran Kartý,GDDR5,11.Nesil,Intel Core i7,Ubuntu,4.7 GHz,1920 x 1080,Yok,8 GB,DDR4,Yok,512 GB,,2.80 GHz,16.399 TL
1631,Casper,4.4,167,,Notebook,2133 MHz,Var,1 - 2 kg,Yok,14 inç,Dahili Ekran Kartý,Onboard,Yok,Intel Celeron,Windows 11 Home,2.6 GHz,1366 x 768,Yok,4 GB,DDR3,Yok,120 GB,,1.10 GHz,3.948 TL
1632,Lenovo,4.7,15,10,Notebook,3200 MHz,Var,2 kg ve Altý,Yok,14 inç,Dahili Ekran Kartý,Onboard,11.Nesil,Intel Core i5,Windows 10 Home,4.2 GHz,1920 x 1080,Yok,8 GB,DDR4,Yok,512 GB,3 Saat ve Altý,2.40 GHz,8.999 TL
1633,Lenovo,4.4,237,"9,8",Notebook,2400 MHz,Var,2 kg ve Altý,Belirtilmemiþ,14 inç,Dahili Ekran Kartý,Onboard,4.Nesil,Intel Celeron,Yok (Free Dos),2.8 GHz,1366 x 768,Yok,4 GB,DDR4,Yok,128 GB,6 Saat ve Üstü,1.1 GHz,3.821 TL
1634,HP,5.0,15,10,Notebook,2666 MHz,Var,2 - 4 kg,Yok,"15,6 inç",Dahili Ekran Kartý,Belirtilmemiþ,11.Nesil,Intel Core i3,Windows 10 Home,4.1 GHz,1920 x 1080,Yok,4 GB,DDR4,Yok,256 GB,,1.7 GHz,6.899 TL
1635,Casper,4.6,40,10,Oyun Bilgisayarlarý,2933 MHz,Var,2 - 4 kg,Yok,"15,6 inç",Yüksek Seviye Harici Ekran Kartý,GDDR6,10. Nesil,Intel Core i5,Windows 11 Home,4.5 GHz,1920 x 1080,Yok,8 GB,DDR4,Yok,250 GB,,2.5 GHz,12.499 TL
1636,Lenovo,5.0,2,"9,8",Notebook,2666 MHz,Var,2 kg ve Altý,Yok,14 inç,Dahili Ekran Kartý,Onboard,11.Nesil,Intel Core i5,Yok (Free Dos),4.2 GHz,1920 x 1080,Yok,8 GB,DDR4,Yok,512 GB,,2.4 GHz,7.999 TL
1637,Lenovo,,,"9,1",Notebook,2933 MHz,Var,1 - 2 kg,Yok,"15,6 inç",Dahili Ekran Kartý,Onboard,11.Nesil,Intel Core i5,Windows 10 Home,4.2 GHz,1920 x 1080,Yok,12 GB,DDR4,Yok,2 TB,,2.4 GHz,16.139 TL
1638,Lenovo,4.7,267,10,Oyun Bilgisayarlarý,3200 MHz,Var,2 - 4 kg,Yok,"15,6 inç",Yüksek Seviye Harici Ekran Kartý,GDDR6,5.Nesil,AMD Ryzen 5,Yok (Free Dos),4.2 GHz,1920 x 1080,Yok,8 GB,DDR4,Yok,512 GB,6 Saat ve Üstü,3.3 GHz,13.998 TL
1639,Lenovo,4.6,13,"9,6",Notebook,3200 MHz,Var,2 - 4 kg,Yok,14 inç,Harici Ekran Kartý,GDDR5,11.Nesil,Intel Core i5,Yok (Free Dos),4.2 GHz,1920 x 1080,Yok,8 GB,DDR4,Yok,256 GB,4 - 6 Saat,2.4 GHz,8.999 TL
1640,Monster,4.7,268,"9,9",Oyun Bilgisayarlarý,3200 MHz,Var,2 - 4 kg,Yok,"15,6 inç",Harici Ekran Kartý,GDDR6,11.Nesil,Intel Core i5,Yok (Free Dos),4.5 GHz,1920 x 1080,Yok,16 GB,DDR4,Yok,500 GB,,2.70 GHz,16.099 TL
1641,Lenovo,4.7,146,"9,9",Notebook,Belirtilmemiþ,Var,1 - 2 kg,Yok,"15,6 inç",Dahili Ekran Kartý,Belirtilmemiþ,11.Nesil,Intel Core i5,Windows 10 Home,4.2 GHz,1920 x 1080,Yok,8 GB,Belirtilmemiþ,Yok,256 GB,6 Saat ve Üstü,2.4 GHz,11.682 TL
1642,HP,,,09,Notebook,3200 MHz,Var,1 - 2 kg,Yok,14 inç,Dahili Ekran Kartý,Onboard,11.Nesil,Intel Core i5,Windows 10 Pro,4.2 GHz,1920 x 1080,Yok,8 GB,DDR4,Yok,512 GB,4 - 6 Saat,2.4 GHz,14.088 TL
1643,Dell,,,"9,8",Notebook,2666 MHz,Var,1 - 2 kg,Yok,"15,6 inç",Dahili Ekran Kartý,Onboard,11.Nesil,Intel Core i7,Windows 10 Home,4.7 GHz,1920 x 1080,Yok,8 GB,DDR4,Yok,512 GB,,2.8 GHz,18.175 TL
1644,Asus,4.8,85,10,Ýkisi Bir Arada,3733 MHz,Var,1 - 2 kg,Var,"13,3 inç",Dahili Ekran Kartý,Onboard,10.Nesil,Intel Core i5,Windows 10 Home,3.7 GHz,1920 x 1080,Yok,8 GB,LPDDR4X,Yok,512 GB,,1.1 GHz,11.599 TL
1645,Dell,4.7,129,10,Oyun Bilgisayarlarý,3200 MHz,Var,2 - 4 kg,Yok,"15,6 inç",Harici Ekran Kartý,GDDR6,Ryzen,AMD Ryzen 7,Windows 11 Home,4.4 GHz,1920 x 1080,Belirtilmemiþ,16 GB,DDR4,Yok,512 GB,,3.2 GHz,19.999 TL
1646,Acer,5.0,3,,Oyun Bilgisayarlarý,Belirtilmemiþ,Var,2 kg ve Altý,Yok,"15,6 inç",Yüksek Seviye Harici Ekran Kartý,GDDR6,5.Nesil,AMD Ryzen 5,Yok (Free Dos),4.3 GHz,1920 x 1080,Yok,16 GB,DDR4,Yok,512 GB,,3.3 GHz,18.998 TL
1647,Dell,4.9,65,,Oyun Bilgisayarlarý,3200 MHz,Var,2 - 4 kg,Yok,"15,6 inç",Harici Ekran Kartý,GDDR6,11.Nesil,Intel Core i7,Ubuntu,4.6 GHz,1920 x 1080,Yok,16 GB,DDR4,Yok,512 GB,,2.30 GHz,19.998 TL
1648,Monster,4.7,213,"9,9",Oyun Bilgisayarlarý,3200 MHz,Var,2 - 4 kg,Yok,"15,6 inç",Harici Ekran Kartý,GDDR6,11.Nesil,Intel Core i5,Yok (Free Dos),4.5 GHz,1920 x 1080,Yok,8 GB,DDR4,Yok,500 GB,3 Saat ve Altý,2.70 GHz,15.699 TL
1649,Fujitsu,,,"9,7",Notebook,3200 MHz,Var,1 - 2 kg,Yok,"15,6 inç",Dahili Ekran Kartý,Belirtilmemiþ,10.Nesil,Intel Core i5,Windows 10 Home,3.6 GHz,1920 x 1080,Yok,8 GB,DDR4,Yok,480 GB,4 - 6 Saat,1 GHz,9.327 TL
1650,Huawei,4.7,154,09,Notebook,Belirtilmemiþ,Var,1 - 2 kg,Yok,"15,6 inç",Dahili Ekran Kartý,Onboard,11.Nesil,Intel Core i7,Windows 11 Home,4.7 GHz,1920 x 1080,Var,16 GB,DDR4,Yok,512 GB,,2.8 GHz,13.908 TL
1651,HONOR,4.8,48,"9,1",Notebook,Belirtilmemiþ,Var,1 - 2 kg,Yok,"15,6 inç",Dahili Ekran Kartý,Onboard,10.Nesil,Intel Core i5,Windows 10 Home,Yok,1920 x 1080,Var,8 GB,DDR4,512 GB,512 GB,,Belirtilmemiþ,8.379 TL
1652,HP,4.2,16,"9,9",Notebook,3200 MHz,Var,2 - 4 kg,Yok,"15,6 inç",Harici Ekran Kartý,GDDR6,11.Nesil,Intel Core i5,Windows 11 Home,4.4 GHz,1920 x 1080,Yok,16 GB,DDR4,Yok,512 GB,4 - 6 Saat,2.6 GHz,15.999 TL
1653,Asus,4.8,165,,Notebook,2400 MHz,Var,1 - 2 kg,Yok,"15,6 inç",Dahili Ekran Kartý,Onboard,10.Nesil,Intel Core i3,Windows 10 Home,4.1 GHz,1366 x 768,Yok,4 GB,DDR4,Yok,256 GB,,2.1 GHz,5.988 TL
1654,Dell,4.4,7,"9,7",Notebook,2666 MHz,Var,1 - 2 kg,Yok,14 inç,Harici Ekran Kartý,GDDR5,11.Nesil,Intel Core i7,Ubuntu,4.7 GHz,1920 x 1080,Yok,8 GB,DDR4,Yok,512 GB,,2.80 GHz,16.399 TL
1655,Casper,4.4,167,,Notebook,2133 MHz,Var,1 - 2 kg,Yok,14 inç,Dahili Ekran Kartý,Onboard,Yok,Intel Celeron,Windows 11 Home,2.6 GHz,1366 x 768,Yok,4 GB,DDR3,Yok,120 GB,,1.10 GHz,3.948 TL
1656,Lenovo,4.7,15,10,Notebook,3200 MHz,Var,2 kg ve Altý,Yok,14 inç,Dahili Ekran Kartý,Onboard,11.Nesil,Intel Core i5,Windows 10 Home,4.2 GHz,1920 x 1080,Yok,8 GB,DDR4,Yok,512 GB,3 Saat ve Altý,2.40 GHz,8.999 TL
1657,Lenovo,4.4,237,"9,8",Notebook,2400 MHz,Var,2 kg ve Altý,Belirtilmemiþ,14 inç,Dahili Ekran Kartý,Onboard,4.Nesil,Intel Celeron,Yok (Free Dos),2.8 GHz,1366 x 768,Yok,4 GB,DDR4,Yok,128 GB,6 Saat ve Üstü,1.1 GHz,3.821 TL
1658,HP,5.0,15,10,Notebook,2666 MHz,Var,2 - 4 kg,Yok,"15,6 inç",Dahili Ekran Kartý,Belirtilmemiþ,11.Nesil,Intel Core i3,Windows 10 Home,4.1 GHz,1920 x 1080,Yok,4 GB,DDR4,Yok,256 GB,,1.7 GHz,6.899 TL
1659,Casper,4.6,40,10,Oyun Bilgisayarlarý,2933 MHz,Var,2 - 4 kg,Yok,"15,6 inç",Yüksek Seviye Harici Ekran Kartý,GDDR6,10. Nesil,Intel Core i5,Windows 11 Home,4.5 GHz,1920 x 1080,Yok,8 GB,DDR4,Yok,250 GB,,2.5 GHz,12.499 TL
1660,Lenovo,5.0,2,"9,8",Notebook,2666 MHz,Var,2 kg ve Altý,Yok,14 inç,Dahili Ekran Kartý,Onboard,11.Nesil,Intel Core i5,Yok (Free Dos),4.2 GHz,1920 x 1080,Yok,8 GB,DDR4,Yok,512 GB,,2.4 GHz,7.999 TL
1661,Lenovo,,,"9,1",Notebook,2933 MHz,Var,1 - 2 kg,Yok,"15,6 inç",Dahili Ekran Kartý,Onboard,11.Nesil,Intel Core i5,Windows 10 Home,4.2 GHz,1920 x 1080,Yok,12 GB,DDR4,Yok,2 TB,,2.4 GHz,16.139 TL
1662,Lenovo,4.7,267,10,Oyun Bilgisayarlarý,3200 MHz,Var,2 - 4 kg,Yok,"15,6 inç",Yüksek Seviye Harici Ekran Kartý,GDDR6,5.Nesil,AMD Ryzen 5,Yok (Free Dos),4.2 GHz,1920 x 1080,Yok,8 GB,DDR4,Yok,512 GB,6 Saat ve Üstü,3.3 GHz,13.998 TL
1663,Lenovo,4.6,13,"9,6",Notebook,3200 MHz,Var,2 - 4 kg,Yok,14 inç,Harici Ekran Kartý,GDDR5,11.Nesil,Intel Core i5,Yok (Free Dos),4.2 GHz,1920 x 1080,Yok,8 GB,DDR4,Yok,256 GB,4 - 6 Saat,2.4 GHz,8.999 TL
1664,Monster,4.7,268,"9,9",Oyun Bilgisayarlarý,3200 MHz,Var,2 - 4 kg,Yok,"15,6 inç",Harici Ekran Kartý,GDDR6,11.Nesil,Intel Core i5,Yok (Free Dos),4.5 GHz,1920 x 1080,Yok,16 GB,DDR4,Yok,500 GB,,2.70 GHz,16.099 TL
1665,Lenovo,4.7,146,"9,9",Notebook,Belirtilmemiþ,Var,1 - 2 kg,Yok,"15,6 inç",Dahili Ekran Kartý,Belirtilmemiþ,11.Nesil,Intel Core i5,Windows 10 Home,4.2 GHz,1920 x 1080,Yok,8 GB,Belirtilmemiþ,Yok,256 GB,6 Saat ve Üstü,2.4 GHz,11.682 TL
1666,HP,,,09,Notebook,3200 MHz,Var,1 - 2 kg,Yok,14 inç,Dahili Ekran Kartý,Onboard,11.Nesil,Intel Core i5,Windows 10 Pro,4.2 GHz,1920 x 1080,Yok,8 GB,DDR4,Yok,512 GB,4 - 6 Saat,2.4 GHz,14.088 TL
1667,Dell,,,"9,8",Notebook,2666 MHz,Var,1 - 2 kg,Yok,"15,6 inç",Dahili Ekran Kartý,Onboard,11.Nesil,Intel Core i7,Windows 10 Home,4.7 GHz,1920 x 1080,Yok,8 GB,DDR4,Yok,512 GB,,2.8 GHz,18.175 TL
1668,Asus,4.8,85,10,Ýkisi Bir Arada,3733 MHz,Var,1 - 2 kg,Var,"13,3 inç",Dahili Ekran Kartý,Onboard,10.Nesil,Intel Core i5,Windows 10 Home,3.7 GHz,1920 x 1080,Yok,8 GB,LPDDR4X,Yok,512 GB,,1.1 GHz,11.599 TL
1669,Dell,4.7,129,10,Oyun Bilgisayarlarý,3200 MHz,Var,2 - 4 kg,Yok,"15,6 inç",Harici Ekran Kartý,GDDR6,Ryzen,AMD Ryzen 7,Windows 11 Home,4.4 GHz,1920 x 1080,Belirtilmemiþ,16 GB,DDR4,Yok,512 GB,,3.2 GHz,19.999 TL
1670,Acer,5.0,3,,Oyun Bilgisayarlarý,Belirtilmemiþ,Var,2 kg ve Altý,Yok,"15,6 inç",Yüksek Seviye Harici Ekran Kartý,GDDR6,5.Nesil,AMD Ryzen 5,Yok (Free Dos),4.3 GHz,1920 x 1080,Yok,16 GB,DDR4,Yok,512 GB,,3.3 GHz,18.998 TL
1671,Dell,4.9,65,,Oyun Bilgisayarlarý,3200 MHz,Var,2 - 4 kg,Yok,"15,6 inç",Harici Ekran Kartý,GDDR6,11.Nesil,Intel Core i7,Ubuntu,4.6 GHz,1920 x 1080,Yok,16 GB,DDR4,Yok,512 GB,,2.30 GHz,19.998 TL
1672,Monster,4.7,213,"9,9",Oyun Bilgisayarlarý,3200 MHz,Var,2 - 4 kg,Yok,"15,6 inç",Harici Ekran Kartý,GDDR6,11.Nesil,Intel Core i5,Yok (Free Dos),4.5 GHz,1920 x 1080,Yok,8 GB,DDR4,Yok,500 GB,3 Saat ve Altý,2.70 GHz,15.699 TL
1673,Fujitsu,,,"9,7",Notebook,3200 MHz,Var,1 - 2 kg,Yok,"15,6 inç",Dahili Ekran Kartý,Belirtilmemiþ,10.Nesil,Intel Core i5,Windows 10 Home,3.6 GHz,1920 x 1080,Yok,8 GB,DDR4,Yok,480 GB,4 - 6 Saat,1 GHz,9.327 TL
1674,Huawei,4.7,154,09,Notebook,Belirtilmemiþ,Var,1 - 2 kg,Yok,"15,6 inç",Dahili Ekran Kartý,Onboard,11.Nesil,Intel Core i7,Windows 11 Home,4.7 GHz,1920 x 1080,Var,16 GB,DDR4,Yok,512 GB,,2.8 GHz,13.908 TL
1675,HONOR,4.8,48,"9,1",Notebook,Belirtilmemiþ,Var,1 - 2 kg,Yok,"15,6 inç",Dahili Ekran Kartý,Onboard,10.Nesil,Intel Core i5,Windows 10 Home,Yok,1920 x 1080,Var,8 GB,DDR4,512 GB,512 GB,,Belirtilmemiþ,8.379 TL
1676,HP,4.2,16,"9,9",Notebook,3200 MHz,Var,2 - 4 kg,Yok,"15,6 inç",Harici Ekran Kartý,GDDR6,11.Nesil,Intel Core i5,Windows 11 Home,4.4 GHz,1920 x 1080,Yok,16 GB,DDR4,Yok,512 GB,4 - 6 Saat,2.6 GHz,15.999 TL
1677,Asus,4.8,165,,Notebook,2400 MHz,Var,1 - 2 kg,Yok,"15,6 inç",Dahili Ekran Kartý,Onboard,10.Nesil,Intel Core i3,Windows 10 Home,4.1 GHz,1366 x 768,Yok,4 GB,DDR4,Yok,256 GB,,2.1 GHz,5.988 TL
1678,Dell,4.4,7,"9,7",Notebook,2666 MHz,Var,1 - 2 kg,Yok,14 inç,Harici Ekran Kartý,GDDR5,11.Nesil,Intel Core i7,Ubuntu,4.7 GHz,1920 x 1080,Yok,8 GB,DDR4,Yok,512 GB,,2.80 GHz,16.399 TL
1679,Casper,4.4,167,,Notebook,2133 MHz,Var,1 - 2 kg,Yok,14 inç,Dahili Ekran Kartý,Onboard,Yok,Intel Celeron,Windows 11 Home,2.6 GHz,1366 x 768,Yok,4 GB,DDR3,Yok,120 GB,,1.10 GHz,3.948 TL
1680,Lenovo,4.7,15,10,Notebook,3200 MHz,Var,2 kg ve Altý,Yok,14 inç,Dahili Ekran Kartý,Onboard,11.Nesil,Intel Core i5,Windows 10 Home,4.2 GHz,1920 x 1080,Yok,8 GB,DDR4,Yok,512 GB,3 Saat ve Altý,2.40 GHz,8.999 TL
1681,Lenovo,4.4,237,"9,8",Notebook,2400 MHz,Var,2 kg ve Altý,Belirtilmemiþ,14 inç,Dahili Ekran Kartý,Onboard,4.Nesil,Intel Celeron,Yok (Free Dos),2.8 GHz,1366 x 768,Yok,4 GB,DDR4,Yok,128 GB,6 Saat ve Üstü,1.1 GHz,3.821 TL
1682,HP,5.0,15,10,Notebook,2666 MHz,Var,2 - 4 kg,Yok,"15,6 inç",Dahili Ekran Kartý,Belirtilmemiþ,11.Nesil,Intel Core i3,Windows 10 Home,4.1 GHz,1920 x 1080,Yok,4 GB,DDR4,Yok,256 GB,,1.7 GHz,6.899 TL
1683,Casper,4.6,40,10,Oyun Bilgisayarlarý,2933 MHz,Var,2 - 4 kg,Yok,"15,6 inç",Yüksek Seviye Harici Ekran Kartý,GDDR6,10. Nesil,Intel Core i5,Windows 11 Home,4.5 GHz,1920 x 1080,Yok,8 GB,DDR4,Yok,250 GB,,2.5 GHz,12.499 TL
1684,Lenovo,5.0,2,"9,8",Notebook,2666 MHz,Var,2 kg ve Altý,Yok,14 inç,Dahili Ekran Kartý,Onboard,11.Nesil,Intel Core i5,Yok (Free Dos),4.2 GHz,1920 x 1080,Yok,8 GB,DDR4,Yok,512 GB,,2.4 GHz,7.999 TL
1685,Lenovo,,,"9,1",Notebook,2933 MHz,Var,1 - 2 kg,Yok,"15,6 inç",Dahili Ekran Kartý,Onboard,11.Nesil,Intel Core i5,Windows 10 Home,4.2 GHz,1920 x 1080,Yok,12 GB,DDR4,Yok,2 TB,,2.4 GHz,16.139 TL
1686,Lenovo,4.7,267,10,Oyun Bilgisayarlarý,3200 MHz,Var,2 - 4 kg,Yok,"15,6 inç",Yüksek Seviye Harici Ekran Kartý,GDDR6,5.Nesil,AMD Ryzen 5,Yok (Free Dos),4.2 GHz,1920 x 1080,Yok,8 GB,DDR4,Yok,512 GB,6 Saat ve Üstü,3.3 GHz,13.998 TL
1687,Lenovo,4.6,13,"9,6",Notebook,3200 MHz,Var,2 - 4 kg,Yok,14 inç,Harici Ekran Kartý,GDDR5,11.Nesil,Intel Core i5,Yok (Free Dos),4.2 GHz,1920 x 1080,Yok,8 GB,DDR4,Yok,256 GB,4 - 6 Saat,2.4 GHz,8.999 TL
1688,Monster,4.7,268,"9,9",Oyun Bilgisayarlarý,3200 MHz,Var,2 - 4 kg,Yok,"15,6 inç",Harici Ekran Kartý,GDDR6,11.Nesil,Intel Core i5,Yok (Free Dos),4.5 GHz,1920 x 1080,Yok,16 GB,DDR4,Yok,500 GB,,2.70 GHz,16.099 TL
1689,Lenovo,4.7,146,"9,9",Notebook,Belirtilmemiþ,Var,1 - 2 kg,Yok,"15,6 inç",Dahili Ekran Kartý,Belirtilmemiþ,11.Nesil,Intel Core i5,Windows 10 Home,4.2 GHz,1920 x 1080,Yok,8 GB,Belirtilmemiþ,Yok,256 GB,6 Saat ve Üstü,2.4 GHz,11.682 TL
1690,HP,,,09,Notebook,3200 MHz,Var,1 - 2 kg,Yok,14 inç,Dahili Ekran Kartý,Onboard,11.Nesil,Intel Core i5,Windows 10 Pro,4.2 GHz,1920 x 1080,Yok,8 GB,DDR4,Yok,512 GB,4 - 6 Saat,2.4 GHz,14.088 TL
1691,Dell,,,"9,8",Notebook,2666 MHz,Var,1 - 2 kg,Yok,"15,6 inç",Dahili Ekran Kartý,Onboard,11.Nesil,Intel Core i7,Windows 10 Home,4.7 GHz,1920 x 1080,Yok,8 GB,DDR4,Yok,512 GB,,2.8 GHz,18.175 TL
1692,Asus,4.8,85,10,Ýkisi Bir Arada,3733 MHz,Var,1 - 2 kg,Var,"13,3 inç",Dahili Ekran Kartý,Onboard,10.Nesil,Intel Core i5,Windows 10 Home,3.7 GHz,1920 x 1080,Yok,8 GB,LPDDR4X,Yok,512 GB,,1.1 GHz,11.599 TL
1693,Dell,4.7,129,10,Oyun Bilgisayarlarý,3200 MHz,Var,2 - 4 kg,Yok,"15,6 inç",Harici Ekran Kartý,GDDR6,Ryzen,AMD Ryzen 7,Windows 11 Home,4.4 GHz,1920 x 1080,Belirtilmemiþ,16 GB,DDR4,Yok,512 GB,,3.2 GHz,19.999 TL
1694,Acer,5.0,3,,Oyun Bilgisayarlarý,Belirtilmemiþ,Var,2 kg ve Altý,Yok,"15,6 inç",Yüksek Seviye Harici Ekran Kartý,GDDR6,5.Nesil,AMD Ryzen 5,Yok (Free Dos),4.3 GHz,1920 x 1080,Yok,16 GB,DDR4,Yok,512 GB,,3.3 GHz,18.998 TL
1695,Dell,4.9,65,,Oyun Bilgisayarlarý,3200 MHz,Var,2 - 4 kg,Yok,"15,6 inç",Harici Ekran Kartý,GDDR6,11.Nesil,Intel Core i7,Ubuntu,4.6 GHz,1920 x 1080,Yok,16 GB,DDR4,Yok,512 GB,,2.30 GHz,19.998 TL
1696,Monster,4.7,213,"9,9",Oyun Bilgisayarlarý,3200 MHz,Var,2 - 4 kg,Yok,"15,6 inç",Harici Ekran Kartý,GDDR6,11.Nesil,Intel Core i5,Yok (Free Dos),4.5 GHz,1920 x 1080,Yok,8 GB,DDR4,Yok,500 GB,3 Saat ve Altý,2.70 GHz,15.699 TL
1697,Fujitsu,,,"9,7",Notebook,3200 MHz,Var,1 - 2 kg,Yok,"15,6 inç",Dahili Ekran Kartý,Belirtilmemiþ,10.Nesil,Intel Core i5,Windows 10 Home,3.6 GHz,1920 x 1080,Yok,8 GB,DDR4,Yok,480 GB,4 - 6 Saat,1 GHz,9.327 TL
1698,Huawei,4.7,154,09,Notebook,Belirtilmemiþ,Var,1 - 2 kg,Yok,"15,6 inç",Dahili Ekran Kartý,Onboard,11.Nesil,Intel Core i7,Windows 11 Home,4.7 GHz,1920 x 1080,Var,16 GB,DDR4,Yok,512 GB,,2.8 GHz,13.908 TL
1699,HONOR,4.8,48,"9,1",Notebook,Belirtilmemiþ,Var,1 - 2 kg,Yok,"15,6 inç",Dahili Ekran Kartý,Onboard,10.Nesil,Intel Core i5,Windows 10 Home,Yok,1920 x 1080,Var,8 GB,DDR4,512 GB,512 GB,,Belirtilmemiþ,8.379 TL
1700,HP,4.2,16,"9,9",Notebook,3200 MHz,Var,2 - 4 kg,Yok,"15,6 inç",Harici Ekran Kartý,GDDR6,11.Nesil,Intel Core i5,Windows 11 Home,4.4 GHz,1920 x 1080,Yok,16 GB,DDR4,Yok,512 GB,4 - 6 Saat,2.6 GHz,15.999 TL
1701,Asus,4.8,165,,Notebook,2400 MHz,Var,1 - 2 kg,Yok,"15,6 inç",Dahili Ekran Kartý,Onboard,10.Nesil,Intel Core i3,Windows 10 Home,4.1 GHz,1366 x 768,Yok,4 GB,DDR4,Yok,256 GB,,2.1 GHz,5.988 TL
1702,Dell,4.4,7,"9,7",Notebook,2666 MHz,Var,1 - 2 kg,Yok,14 inç,Harici Ekran Kartý,GDDR5,11.Nesil,Intel Core i7,Ubuntu,4.7 GHz,1920 x 1080,Yok,8 GB,DDR4,Yok,512 GB,,2.80 GHz,16.399 TL
1703,Casper,4.4,167,,Notebook,2133 MHz,Var,1 - 2 kg,Yok,14 inç,Dahili Ekran Kartý,Onboard,Yok,Intel Celeron,Windows 11 Home,2.6 GHz,1366 x 768,Yok,4 GB,DDR3,Yok,120 GB,,1.10 GHz,3.948 TL
1704,Lenovo,4.7,15,10,Notebook,3200 MHz,Var,2 kg ve Altý,Yok,14 inç,Dahili Ekran Kartý,Onboard,11.Nesil,Intel Core i5,Windows 10 Home,4.2 GHz,1920 x 1080,Yok,8 GB,DDR4,Yok,512 GB,3 Saat ve Altý,2.40 GHz,8.999 TL
1705,Lenovo,4.4,237,"9,8",Notebook,2400 MHz,Var,2 kg ve Altý,Belirtilmemiþ,14 inç,Dahili Ekran Kartý,Onboard,4.Nesil,Intel Celeron,Yok (Free Dos),2.8 GHz,1366 x 768,Yok,4 GB,DDR4,Yok,128 GB,6 Saat ve Üstü,1.1 GHz,3.821 TL
1706,HP,5.0,15,10,Notebook,2666 MHz,Var,2 - 4 kg,Yok,"15,6 inç",Dahili Ekran Kartý,Belirtilmemiþ,11.Nesil,Intel Core i3,Windows 10 Home,4.1 GHz,1920 x 1080,Yok,4 GB,DDR4,Yok,256 GB,,1.7 GHz,6.899 TL
1707,Casper,4.6,40,10,Oyun Bilgisayarlarý,2933 MHz,Var,2 - 4 kg,Yok,"15,6 inç",Yüksek Seviye Harici Ekran Kartý,GDDR6,10. Nesil,Intel Core i5,Windows 11 Home,4.5 GHz,1920 x 1080,Yok,8 GB,DDR4,Yok,250 GB,,2.5 GHz,12.499 TL
1708,Lenovo,5.0,2,"9,8",Notebook,2666 MHz,Var,2 kg ve Altý,Yok,14 inç,Dahili Ekran Kartý,Onboard,11.Nesil,Intel Core i5,Yok (Free Dos),4.2 GHz,1920 x 1080,Yok,8 GB,DDR4,Yok,512 GB,,2.4 GHz,7.999 TL
1709,Lenovo,,,"9,1",Notebook,2933 MHz,Var,1 - 2 kg,Yok,"15,6 inç",Dahili Ekran Kartý,Onboard,11.Nesil,Intel Core i5,Windows 10 Home,4.2 GHz,1920 x 1080,Yok,12 GB,DDR4,Yok,2 TB,,2.4 GHz,16.139 TL
1710,Lenovo,4.7,267,10,Oyun Bilgisayarlarý,3200 MHz,Var,2 - 4 kg,Yok,"15,6 inç",Yüksek Seviye Harici Ekran Kartý,GDDR6,5.Nesil,AMD Ryzen 5,Yok (Free Dos),4.2 GHz,1920 x 1080,Yok,8 GB,DDR4,Yok,512 GB,6 Saat ve Üstü,3.3 GHz,13.998 TL
1711,Lenovo,4.6,13,"9,6",Notebook,3200 MHz,Var,2 - 4 kg,Yok,14 inç,Harici Ekran Kartý,GDDR5,11.Nesil,Intel Core i5,Yok (Free Dos),4.2 GHz,1920 x 1080,Yok,8 GB,DDR4,Yok,256 GB,4 - 6 Saat,2.4 GHz,8.999 TL
1712,Monster,4.7,268,"9,9",Oyun Bilgisayarlarý,3200 MHz,Var,2 - 4 kg,Yok,"15,6 inç",Harici Ekran Kartý,GDDR6,11.Nesil,Intel Core i5,Yok (Free Dos),4.5 GHz,1920 x 1080,Yok,16 GB,DDR4,Yok,500 GB,,2.70 GHz,16.099 TL
1713,Lenovo,4.7,146,"9,9",Notebook,Belirtilmemiþ,Var,1 - 2 kg,Yok,"15,6 inç",Dahili Ekran Kartý,Belirtilmemiþ,11.Nesil,Intel Core i5,Windows 10 Home,4.2 GHz,1920 x 1080,Yok,8 GB,Belirtilmemiþ,Yok,256 GB,6 Saat ve Üstü,2.4 GHz,11.682 TL
1714,HP,,,09,Notebook,3200 MHz,Var,1 - 2 kg,Yok,14 inç,Dahili Ekran Kartý,Onboard,11.Nesil,Intel Core i5,Windows 10 Pro,4.2 GHz,1920 x 1080,Yok,8 GB,DDR4,Yok,512 GB,4 - 6 Saat,2.4 GHz,14.088 TL
1715,Dell,,,"9,8",Notebook,2666 MHz,Var,1 - 2 kg,Yok,"15,6 inç",Dahili Ekran Kartý,Onboard,11.Nesil,Intel Core i7,Windows 10 Home,4.7 GHz,1920 x 1080,Yok,8 GB,DDR4,Yok,512 GB,,2.8 GHz,18.175 TL
1716,Asus,4.8,85,10,Ýkisi Bir Arada,3733 MHz,Var,1 - 2 kg,Var,"13,3 inç",Dahili Ekran Kartý,Onboard,10.Nesil,Intel Core i5,Windows 10 Home,3.7 GHz,1920 x 1080,Yok,8 GB,LPDDR4X,Yok,512 GB,,1.1 GHz,11.599 TL
1717,Dell,4.7,129,10,Oyun Bilgisayarlarý,3200 MHz,Var,2 - 4 kg,Yok,"15,6 inç",Harici Ekran Kartý,GDDR6,Ryzen,AMD Ryzen 7,Windows 11 Home,4.4 GHz,1920 x 1080,Belirtilmemiþ,16 GB,DDR4,Yok,512 GB,,3.2 GHz,19.999 TL
1718,Acer,5.0,3,,Oyun Bilgisayarlarý,Belirtilmemiþ,Var,2 kg ve Altý,Yok,"15,6 inç",Yüksek Seviye Harici Ekran Kartý,GDDR6,5.Nesil,AMD Ryzen 5,Yok (Free Dos),4.3 GHz,1920 x 1080,Yok,16 GB,DDR4,Yok,512 GB,,3.3 GHz,18.998 TL
1719,Dell,4.9,65,,Oyun Bilgisayarlarý,3200 MHz,Var,2 - 4 kg,Yok,"15,6 inç",Harici Ekran Kartý,GDDR6,11.Nesil,Intel Core i7,Ubuntu,4.6 GHz,1920 x 1080,Yok,16 GB,DDR4,Yok,512 GB,,2.30 GHz,19.998 TL
1720,Monster,4.7,213,"9,9",Oyun Bilgisayarlarý,3200 MHz,Var,2 - 4 kg,Yok,"15,6 inç",Harici Ekran Kartý,GDDR6,11.Nesil,Intel Core i5,Yok (Free Dos),4.5 GHz,1920 x 1080,Yok,8 GB,DDR4,Yok,500 GB,3 Saat ve Altý,2.70 GHz,15.699 TL
1721,Fujitsu,,,"9,7",Notebook,3200 MHz,Var,1 - 2 kg,Yok,"15,6 inç",Dahili Ekran Kartý,Belirtilmemiþ,10.Nesil,Intel Core i5,Windows 10 Home,3.6 GHz,1920 x 1080,Yok,8 GB,DDR4,Yok,480 GB,4 - 6 Saat,1 GHz,9.327 TL
1722,Huawei,4.7,154,09,Notebook,Belirtilmemiþ,Var,1 - 2 kg,Yok,"15,6 inç",Dahili Ekran Kartý,Onboard,11.Nesil,Intel Core i7,Windows 11 Home,4.7 GHz,1920 x 1080,Var,16 GB,DDR4,Yok,512 GB,,2.8 GHz,13.908 TL
1723,HONOR,4.8,48,"9,1",Notebook,Belirtilmemiþ,Var,1 - 2 kg,Yok,"15,6 inç",Dahili Ekran Kartý,Onboard,10.Nesil,Intel Core i5,Windows 10 Home,Yok,1920 x 1080,Var,8 GB,DDR4,512 GB,512 GB,,Belirtilmemiþ,8.379 TL
1724,HP,4.2,16,"9,9",Notebook,3200 MHz,Var,2 - 4 kg,Yok,"15,6 inç",Harici Ekran Kartý,GDDR6,11.Nesil,Intel Core i5,Windows 11 Home,4.4 GHz,1920 x 1080,Yok,16 GB,DDR4,Yok,512 GB,4 - 6 Saat,2.6 GHz,15.999 TL
1725,Asus,4.8,165,,Notebook,2400 MHz,Var,1 - 2 kg,Yok,"15,6 inç",Dahili Ekran Kartý,Onboard,10.Nesil,Intel Core i3,Windows 10 Home,4.1 GHz,1366 x 768,Yok,4 GB,DDR4,Yok,256 GB,,2.1 GHz,5.988 TL
1726,Dell,4.4,7,"9,7",Notebook,2666 MHz,Var,1 - 2 kg,Yok,14 inç,Harici Ekran Kartý,GDDR5,11.Nesil,Intel Core i7,Ubuntu,4.7 GHz,1920 x 1080,Yok,8 GB,DDR4,Yok,512 GB,,2.80 GHz,16.399 TL
1727,Casper,4.4,167,,Notebook,2133 MHz,Var,1 - 2 kg,Yok,14 inç,Dahili Ekran Kartý,Onboard,Yok,Intel Celeron,Windows 11 Home,2.6 GHz,1366 x 768,Yok,4 GB,DDR3,Yok,120 GB,,1.10 GHz,3.948 TL
1728,Lenovo,4.7,15,10,Notebook,3200 MHz,Var,2 kg ve Altý,Yok,14 inç,Dahili Ekran Kartý,Onboard,11.Nesil,Intel Core i5,Windows 10 Home,4.2 GHz,1920 x 1080,Yok,8 GB,DDR4,Yok,512 GB,3 Saat ve Altý,2.40 GHz,8.999 TL
1729,Lenovo,4.4,237,"9,8",Notebook,2400 MHz,Var,2 kg ve Altý,Belirtilmemiþ,14 inç,Dahili Ekran Kartý,Onboard,4.Nesil,Intel Celeron,Yok (Free Dos),2.8 GHz,1366 x 768,Yok,4 GB,DDR4,Yok,128 GB,6 Saat ve Üstü,1.1 GHz,3.821 TL
1730,HP,,,09,Notebook,3200 MHz,Var,1 - 2 kg,Yok,14 inç,Dahili Ekran Kartý,Onboard,11.Nesil,Intel Core i5,Windows 10 Pro,4.2 GHz,1920 x 1080,Yok,8 GB,DDR4,Yok,512 GB,4 - 6 Saat,2.4 GHz,14.088 TL
1731,Casper,4.6,40,10,Oyun Bilgisayarlarý,2933 MHz,Var,2 - 4 kg,Yok,"15,6 inç",Yüksek Seviye Harici Ekran Kartý,GDDR6,10. Nesil,Intel Core i5,Windows 11 Home,4.5 GHz,1920 x 1080,Yok,8 GB,DDR4,Yok,250 GB,,2.5 GHz,12.499 TL
1732,Lenovo,5.0,2,"9,8",Notebook,2666 MHz,Var,2 kg ve Altý,Yok,14 inç,Dahili Ekran Kartý,Onboard,11.Nesil,Intel Core i5,Yok (Free Dos),4.2 GHz,1920 x 1080,Yok,8 GB,DDR4,Yok,512 GB,,2.4 GHz,7.999 TL
1733,Lenovo,,,"9,1",Notebook,2933 MHz,Var,1 - 2 kg,Yok,"15,6 inç",Dahili Ekran Kartý,Onboard,11.Nesil,Intel Core i5,Windows 10 Home,4.2 GHz,1920 x 1080,Yok,12 GB,DDR4,Yok,2 TB,,2.4 GHz,16.139 TL
1734,Lenovo,4.7,267,10,Oyun Bilgisayarlarý,3200 MHz,Var,2 - 4 kg,Yok,"15,6 inç",Yüksek Seviye Harici Ekran Kartý,GDDR6,5.Nesil,AMD Ryzen 5,Yok (Free Dos),4.2 GHz,1920 x 1080,Yok,8 GB,DDR4,Yok,512 GB,6 Saat ve Üstü,3.3 GHz,13.998 TL
1735,Lenovo,4.6,13,"9,6",Notebook,3200 MHz,Var,2 - 4 kg,Yok,14 inç,Harici Ekran Kartý,GDDR5,11.Nesil,Intel Core i5,Yok (Free Dos),4.2 GHz,1920 x 1080,Yok,8 GB,DDR4,Yok,256 GB,4 - 6 Saat,2.4 GHz,8.999 TL
1736,Monster,4.7,268,"9,9",Oyun Bilgisayarlarý,3200 MHz,Var,2 - 4 kg,Yok,"15,6 inç",Harici Ekran Kartý,GDDR6,11.Nesil,Intel Core i5,Yok (Free Dos),4.5 GHz,1920 x 1080,Yok,16 GB,DDR4,Yok,500 GB,,2.70 GHz,16.099 TL
1737,HP,5.0,15,10,Notebook,2666 MHz,Var,2 - 4 kg,Yok,"15,6 inç",Dahili Ekran Kartý,Belirtilmemiþ,11.Nesil,Intel Core i3,Windows 10 Home,4.1 GHz,1920 x 1080,Yok,4 GB,DDR4,Yok,256 GB,,1.7 GHz,6.899 TL
1738,Dell,,,"9,8",Notebook,2666 MHz,Var,1 - 2 kg,Yok,"15,6 inç",Dahili Ekran Kartý,Onboard,11.Nesil,Intel Core i7,Windows 10 Home,4.7 GHz,1920 x 1080,Yok,8 GB,DDR4,Yok,512 GB,,2.8 GHz,18.175 TL
1739,Lenovo,4.7,146,"9,9",Notebook,Belirtilmemiþ,Var,1 - 2 kg,Yok,"15,6 inç",Dahili Ekran Kartý,Belirtilmemiþ,11.Nesil,Intel Core i5,Windows 10 Home,4.2 GHz,1920 x 1080,Yok,8 GB,Belirtilmemiþ,Yok,256 GB,6 Saat ve Üstü,2.4 GHz,11.682 TL
1740,Asus,4.8,85,10,Ýkisi Bir Arada,3733 MHz,Var,1 - 2 kg,Var,"13,3 inç",Dahili Ekran Kartý,Onboard,10.Nesil,Intel Core i5,Windows 10 Home,3.7 GHz,1920 x 1080,Yok,8 GB,LPDDR4X,Yok,512 GB,,1.1 GHz,11.599 TL
1741,Dell,4.7,129,10,Oyun Bilgisayarlarý,3200 MHz,Var,2 - 4 kg,Yok,"15,6 inç",Harici Ekran Kartý,GDDR6,Ryzen,AMD Ryzen 7,Windows 11 Home,4.4 GHz,1920 x 1080,Belirtilmemiþ,16 GB,DDR4,Yok,512 GB,,3.2 GHz,19.999 TL
1742,Acer,5.0,3,,Oyun Bilgisayarlarý,Belirtilmemiþ,Var,2 kg ve Altý,Yok,"15,6 inç",Yüksek Seviye Harici Ekran Kartý,GDDR6,5.Nesil,AMD Ryzen 5,Yok (Free Dos),4.3 GHz,1920 x 1080,Yok,16 GB,DDR4,Yok,512 GB,,3.3 GHz,18.998 TL
1743,Dell,4.9,65,,Oyun Bilgisayarlarý,3200 MHz,Var,2 - 4 kg,Yok,"15,6 inç",Harici Ekran Kartý,GDDR6,11.Nesil,Intel Core i7,Ubuntu,4.6 GHz,1920 x 1080,Yok,16 GB,DDR4,Yok,512 GB,,2.30 GHz,19.998 TL
1744,Fujitsu,,,"9,7",Notebook,3200 MHz,Var,1 - 2 kg,Yok,"15,6 inç",Dahili Ekran Kartý,Belirtilmemiþ,10.Nesil,Intel Core i5,Windows 10 Home,3.6 GHz,1920 x 1080,Yok,8 GB,DDR4,Yok,480 GB,4 - 6 Saat,1 GHz,9.327 TL
1745,Monster,4.7,213,"9,9",Oyun Bilgisayarlarý,3200 MHz,Var,2 - 4 kg,Yok,"15,6 inç",Harici Ekran Kartý,GDDR6,11.Nesil,Intel Core i5,Yok (Free Dos),4.5 GHz,1920 x 1080,Yok,8 GB,DDR4,Yok,500 GB,3 Saat ve Altý,2.70 GHz,15.699 TL
1746,Huawei,4.7,154,09,Notebook,Belirtilmemiþ,Var,1 - 2 kg,Yok,"15,6 inç",Dahili Ekran Kartý,Onboard,11.Nesil,Intel Core i7,Windows 11 Home,4.7 GHz,1920 x 1080,Var,16 GB,DDR4,Yok,512 GB,,2.8 GHz,13.908 TL
1747,HONOR,4.8,48,"9,1",Notebook,Belirtilmemiþ,Var,1 - 2 kg,Yok,"15,6 inç",Dahili Ekran Kartý,Onboard,10.Nesil,Intel Core i5,Windows 10 Home,Yok,1920 x 1080,Var,8 GB,DDR4,512 GB,512 GB,,Belirtilmemiþ,8.379 TL
1748,HP,4.2,16,"9,9",Notebook,3200 MHz,Var,2 - 4 kg,Yok,"15,6 inç",Harici Ekran Kartý,GDDR6,11.Nesil,Intel Core i5,Windows 11 Home,4.4 GHz,1920 x 1080,Yok,16 GB,DDR4,Yok,512 GB,4 - 6 Saat,2.6 GHz,15.999 TL
1749,Asus,4.8,165,,Notebook,2400 MHz,Var,1 - 2 kg,Yok,"15,6 inç",Dahili Ekran Kartý,Onboard,10.Nesil,Intel Core i3,Windows 10 Home,4.1 GHz,1366 x 768,Yok,4 GB,DDR4,Yok,256 GB,,2.1 GHz,5.988 TL
1750,Dell,4.4,7,"9,7",Notebook,2666 MHz,Var,1 - 2 kg,Yok,14 inç,Harici Ekran Kartý,GDDR5,11.Nesil,Intel Core i7,Ubuntu,4.7 GHz,1920 x 1080,Yok,8 GB,DDR4,Yok,512 GB,,2.80 GHz,16.399 TL
1751,Casper,4.4,167,,Notebook,2133 MHz,Var,1 - 2 kg,Yok,14 inç,Dahili Ekran Kartý,Onboard,Yok,Intel Celeron,Windows 11 Home,2.6 GHz,1366 x 768,Yok,4 GB,DDR3,Yok,120 GB,,1.10 GHz,3.948 TL
1752,Lenovo,4.7,15,10,Notebook,3200 MHz,Var,2 kg ve Altý,Yok,14 inç,Dahili Ekran Kartý,Onboard,11.Nesil,Intel Core i5,Windows 10 Home,4.2 GHz,1920 x 1080,Yok,8 GB,DDR4,Yok,512 GB,3 Saat ve Altý,2.40 GHz,8.999 TL
1753,Lenovo,4.4,237,"9,8",Notebook,2400 MHz,Var,2 kg ve Altý,Belirtilmemiþ,14 inç,Dahili Ekran Kartý,Onboard,4.Nesil,Intel Celeron,Yok (Free Dos),2.8 GHz,1366 x 768,Yok,4 GB,DDR4,Yok,128 GB,6 Saat ve Üstü,1.1 GHz,3.821 TL
1754,HP,,,09,Notebook,3200 MHz,Var,1 - 2 kg,Yok,14 inç,Dahili Ekran Kartý,Onboard,11.Nesil,Intel Core i5,Windows 10 Pro,4.2 GHz,1920 x 1080,Yok,8 GB,DDR4,Yok,512 GB,4 - 6 Saat,2.4 GHz,14.088 TL
1755,Lenovo,,,"9,1",Notebook,2933 MHz,Var,1 - 2 kg,Yok,"15,6 inç",Dahili Ekran Kartý,Onboard,11.Nesil,Intel Core i5,Windows 10 Home,4.2 GHz,1920 x 1080,Yok,12 GB,DDR4,Yok,2 TB,,2.4 GHz,16.139 TL
1756,Casper,4.6,40,10,Oyun Bilgisayarlarý,2933 MHz,Var,2 - 4 kg,Yok,"15,6 inç",Yüksek Seviye Harici Ekran Kartý,GDDR6,10. Nesil,Intel Core i5,Windows 11 Home,4.5 GHz,1920 x 1080,Yok,8 GB,DDR4,Yok,250 GB,,2.5 GHz,12.499 TL
1757,Lenovo,5.0,2,"9,8",Notebook,2666 MHz,Var,2 kg ve Altý,Yok,14 inç,Dahili Ekran Kartý,Onboard,11.Nesil,Intel Core i5,Yok (Free Dos),4.2 GHz,1920 x 1080,Yok,8 GB,DDR4,Yok,512 GB,,2.4 GHz,7.999 TL
1758,Lenovo,4.7,267,10,Oyun Bilgisayarlarý,3200 MHz,Var,2 - 4 kg,Yok,"15,6 inç",Yüksek Seviye Harici Ekran Kartý,GDDR6,5.Nesil,AMD Ryzen 5,Yok (Free Dos),4.2 GHz,1920 x 1080,Yok,8 GB,DDR4,Yok,512 GB,6 Saat ve Üstü,3.3 GHz,13.998 TL
1759,Lenovo,4.6,13,"9,6",Notebook,3200 MHz,Var,2 - 4 kg,Yok,14 inç,Harici Ekran Kartý,GDDR5,11.Nesil,Intel Core i5,Yok (Free Dos),4.2 GHz,1920 x 1080,Yok,8 GB,DDR4,Yok,256 GB,4 - 6 Saat,2.4 GHz,8.999 TL
1760,Monster,4.7,268,"9,9",Oyun Bilgisayarlarý,3200 MHz,Var,2 - 4 kg,Yok,"15,6 inç",Harici Ekran Kartý,GDDR6,11.Nesil,Intel Core i5,Yok (Free Dos),4.5 GHz,1920 x 1080,Yok,16 GB,DDR4,Yok,500 GB,,2.70 GHz,16.099 TL
1761,HP,5.0,15,10,Notebook,2666 MHz,Var,2 - 4 kg,Yok,"15,6 inç",Dahili Ekran Kartý,Belirtilmemiþ,11.Nesil,Intel Core i3,Windows 10 Home,4.1 GHz,1920 x 1080,Yok,4 GB,DDR4,Yok,256 GB,,1.7 GHz,6.899 TL
1762,Lenovo,4.7,146,"9,9",Notebook,Belirtilmemiþ,Var,1 - 2 kg,Yok,"15,6 inç",Dahili Ekran Kartý,Belirtilmemiþ,11.Nesil,Intel Core i5,Windows 10 Home,4.2 GHz,1920 x 1080,Yok,8 GB,Belirtilmemiþ,Yok,256 GB,6 Saat ve Üstü,2.4 GHz,11.682 TL
1763,Dell,,,"9,8",Notebook,2666 MHz,Var,1 - 2 kg,Yok,"15,6 inç",Dahili Ekran Kartý,Onboard,11.Nesil,Intel Core i7,Windows 10 Home,4.7 GHz,1920 x 1080,Yok,8 GB,DDR4,Yok,512 GB,,2.8 GHz,18.175 TL
1764,Asus,4.8,85,10,Ýkisi Bir Arada,3733 MHz,Var,1 - 2 kg,Var,"13,3 inç",Dahili Ekran Kartý,Onboard,10.Nesil,Intel Core i5,Windows 10 Home,3.7 GHz,1920 x 1080,Yok,8 GB,LPDDR4X,Yok,512 GB,,1.1 GHz,11.599 TL
1765,Dell,4.7,129,10,Oyun Bilgisayarlarý,3200 MHz,Var,2 - 4 kg,Yok,"15,6 inç",Harici Ekran Kartý,GDDR6,Ryzen,AMD Ryzen 7,Windows 11 Home,4.4 GHz,1920 x 1080,Belirtilmemiþ,16 GB,DDR4,Yok,512 GB,,3.2 GHz,19.999 TL
1766,Acer,5.0,3,,Oyun Bilgisayarlarý,Belirtilmemiþ,Var,2 kg ve Altý,Yok,"15,6 inç",Yüksek Seviye Harici Ekran Kartý,GDDR6,5.Nesil,AMD Ryzen 5,Yok (Free Dos),4.3 GHz,1920 x 1080,Yok,16 GB,DDR4,Yok,512 GB,,3.3 GHz,18.998 TL
1767,Fujitsu,,,"9,7",Notebook,3200 MHz,Var,1 - 2 kg,Yok,"15,6 inç",Dahili Ekran Kartý,Belirtilmemiþ,10.Nesil,Intel Core i5,Windows 10 Home,3.6 GHz,1920 x 1080,Yok,8 GB,DDR4,Yok,480 GB,4 - 6 Saat,1 GHz,9.327 TL
1768,Dell,4.9,65,,Oyun Bilgisayarlarý,3200 MHz,Var,2 - 4 kg,Yok,"15,6 inç",Harici Ekran Kartý,GDDR6,11.Nesil,Intel Core i7,Ubuntu,4.6 GHz,1920 x 1080,Yok,16 GB,DDR4,Yok,512 GB,,2.30 GHz,19.998 TL
1769,Monster,4.7,213,"9,9",Oyun Bilgisayarlarý,3200 MHz,Var,2 - 4 kg,Yok,"15,6 inç",Harici Ekran Kartý,GDDR6,11.Nesil,Intel Core i5,Yok (Free Dos),4.5 GHz,1920 x 1080,Yok,8 GB,DDR4,Yok,500 GB,3 Saat ve Altý,2.70 GHz,15.699 TL
1770,Huawei,4.7,154,09,Notebook,Belirtilmemiþ,Var,1 - 2 kg,Yok,"15,6 inç",Dahili Ekran Kartý,Onboard,11.Nesil,Intel Core i7,Windows 11 Home,4.7 GHz,1920 x 1080,Var,16 GB,DDR4,Yok,512 GB,,2.8 GHz,13.908 TL
1771,HONOR,4.8,48,"9,1",Notebook,Belirtilmemiþ,Var,1 - 2 kg,Yok,"15,6 inç",Dahili Ekran Kartý,Onboard,10.Nesil,Intel Core i5,Windows 10 Home,Yok,1920 x 1080,Var,8 GB,DDR4,512 GB,512 GB,,Belirtilmemiþ,8.379 TL
1772,HP,4.2,16,"9,9",Notebook,3200 MHz,Var,2 - 4 kg,Yok,"15,6 inç",Harici Ekran Kartý,GDDR6,11.Nesil,Intel Core i5,Windows 11 Home,4.4 GHz,1920 x 1080,Yok,16 GB,DDR4,Yok,512 GB,4 - 6 Saat,2.6 GHz,15.999 TL
1773,Asus,4.8,165,,Notebook,2400 MHz,Var,1 - 2 kg,Yok,"15,6 inç",Dahili Ekran Kartý,Onboard,10.Nesil,Intel Core i3,Windows 10 Home,4.1 GHz,1366 x 768,Yok,4 GB,DDR4,Yok,256 GB,,2.1 GHz,5.988 TL
1774,Dell,4.4,7,"9,7",Notebook,2666 MHz,Var,1 - 2 kg,Yok,14 inç,Harici Ekran Kartý,GDDR5,11.Nesil,Intel Core i7,Ubuntu,4.7 GHz,1920 x 1080,Yok,8 GB,DDR4,Yok,512 GB,,2.80 GHz,16.399 TL
1775,Casper,4.4,167,,Notebook,2133 MHz,Var,1 - 2 kg,Yok,14 inç,Dahili Ekran Kartý,Onboard,Yok,Intel Celeron,Windows 11 Home,2.6 GHz,1366 x 768,Yok,4 GB,DDR3,Yok,120 GB,,1.10 GHz,3.948 TL
1776,Lenovo,4.7,15,10,Notebook,3200 MHz,Var,2 kg ve Altý,Yok,14 inç,Dahili Ekran Kartý,Onboard,11.Nesil,Intel Core i5,Windows 10 Home,4.2 GHz,1920 x 1080,Yok,8 GB,DDR4,Yok,512 GB,3 Saat ve Altý,2.40 GHz,8.999 TL
1777,Lenovo,4.4,237,"9,8",Notebook,2400 MHz,Var,2 kg ve Altý,Belirtilmemiþ,14 inç,Dahili Ekran Kartý,Onboard,4.Nesil,Intel Celeron,Yok (Free Dos),2.8 GHz,1366 x 768,Yok,4 GB,DDR4,Yok,128 GB,6 Saat ve Üstü,1.1 GHz,3.821 TL
1778,HP,5.0,15,10,Notebook,2666 MHz,Var,2 - 4 kg,Yok,"15,6 inç",Dahili Ekran Kartý,Belirtilmemiþ,11.Nesil,Intel Core i3,Windows 10 Home,4.1 GHz,1920 x 1080,Yok,4 GB,DDR4,Yok,256 GB,,1.7 GHz,6.899 TL
1779,Casper,4.6,40,10,Oyun Bilgisayarlarý,2933 MHz,Var,2 - 4 kg,Yok,"15,6 inç",Yüksek Seviye Harici Ekran Kartý,GDDR6,10. Nesil,Intel Core i5,Windows 11 Home,4.5 GHz,1920 x 1080,Yok,8 GB,DDR4,Yok,250 GB,,2.5 GHz,12.499 TL
1780,Lenovo,5.0,2,"9,8",Notebook,2666 MHz,Var,2 kg ve Altý,Yok,14 inç,Dahili Ekran Kartý,Onboard,11.Nesil,Intel Core i5,Yok (Free Dos),4.2 GHz,1920 x 1080,Yok,8 GB,DDR4,Yok,512 GB,,2.4 GHz,7.999 TL
1781,Lenovo,,,"9,1",Notebook,2933 MHz,Var,1 - 2 kg,Yok,"15,6 inç",Dahili Ekran Kartý,Onboard,11.Nesil,Intel Core i5,Windows 10 Home,4.2 GHz,1920 x 1080,Yok,12 GB,DDR4,Yok,2 TB,,2.4 GHz,16.139 TL
1782,Lenovo,4.7,267,10,Oyun Bilgisayarlarý,3200 MHz,Var,2 - 4 kg,Yok,"15,6 inç",Yüksek Seviye Harici Ekran Kartý,GDDR6,5.Nesil,AMD Ryzen 5,Yok (Free Dos),4.2 GHz,1920 x 1080,Yok,8 GB,DDR4,Yok,512 GB,6 Saat ve Üstü,3.3 GHz,13.998 TL
1783,Lenovo,4.6,13,"9,6",Notebook,3200 MHz,Var,2 - 4 kg,Yok,14 inç,Harici Ekran Kartý,GDDR5,11.Nesil,Intel Core i5,Yok (Free Dos),4.2 GHz,1920 x 1080,Yok,8 GB,DDR4,Yok,256 GB,4 - 6 Saat,2.4 GHz,8.999 TL
1784,Monster,4.7,268,"9,9",Oyun Bilgisayarlarý,3200 MHz,Var,2 - 4 kg,Yok,"15,6 inç",Harici Ekran Kartý,GDDR6,11.Nesil,Intel Core i5,Yok (Free Dos),4.5 GHz,1920 x 1080,Yok,16 GB,DDR4,Yok,500 GB,,2.70 GHz,16.099 TL
1785,Lenovo,4.7,146,"9,9",Notebook,Belirtilmemiþ,Var,1 - 2 kg,Yok,"15,6 inç",Dahili Ekran Kartý,Belirtilmemiþ,11.Nesil,Intel Core i5,Windows 10 Home,4.2 GHz,1920 x 1080,Yok,8 GB,Belirtilmemiþ,Yok,256 GB,6 Saat ve Üstü,2.4 GHz,11.682 TL
1786,HP,,,09,Notebook,3200 MHz,Var,1 - 2 kg,Yok,14 inç,Dahili Ekran Kartý,Onboard,11.Nesil,Intel Core i5,Windows 10 Pro,4.2 GHz,1920 x 1080,Yok,8 GB,DDR4,Yok,512 GB,4 - 6 Saat,2.4 GHz,14.088 TL
1787,Dell,,,"9,8",Notebook,2666 MHz,Var,1 - 2 kg,Yok,"15,6 inç",Dahili Ekran Kartý,Onboard,11.Nesil,Intel Core i7,Windows 10 Home,4.7 GHz,1920 x 1080,Yok,8 GB,DDR4,Yok,512 GB,,2.8 GHz,18.175 TL
1788,Asus,4.8,85,10,Ýkisi Bir Arada,3733 MHz,Var,1 - 2 kg,Var,"13,3 inç",Dahili Ekran Kartý,Onboard,10.Nesil,Intel Core i5,Windows 10 Home,3.7 GHz,1920 x 1080,Yok,8 GB,LPDDR4X,Yok,512 GB,,1.1 GHz,11.599 TL
1789,Dell,4.7,129,10,Oyun Bilgisayarlarý,3200 MHz,Var,2 - 4 kg,Yok,"15,6 inç",Harici Ekran Kartý,GDDR6,Ryzen,AMD Ryzen 7,Windows 11 Home,4.4 GHz,1920 x 1080,Belirtilmemiþ,16 GB,DDR4,Yok,512 GB,,3.2 GHz,19.999 TL
1790,Acer,5.0,3,,Oyun Bilgisayarlarý,Belirtilmemiþ,Var,2 kg ve Altý,Yok,"15,6 inç",Yüksek Seviye Harici Ekran Kartý,GDDR6,5.Nesil,AMD Ryzen 5,Yok (Free Dos),4.3 GHz,1920 x 1080,Yok,16 GB,DDR4,Yok,512 GB,,3.3 GHz,18.998 TL
1791,Dell,4.9,65,,Oyun Bilgisayarlarý,3200 MHz,Var,2 - 4 kg,Yok,"15,6 inç",Harici Ekran Kartý,GDDR6,11.Nesil,Intel Core i7,Ubuntu,4.6 GHz,1920 x 1080,Yok,16 GB,DDR4,Yok,512 GB,,2.30 GHz,19.998 TL
1792,Monster,4.7,213,"9,9",Oyun Bilgisayarlarý,3200 MHz,Var,2 - 4 kg,Yok,"15,6 inç",Harici Ekran Kartý,GDDR6,11.Nesil,Intel Core i5,Yok (Free Dos),4.5 GHz,1920 x 1080,Yok,8 GB,DDR4,Yok,500 GB,3 Saat ve Altý,2.70 GHz,15.699 TL
1793,Fujitsu,,,"9,7",Notebook,3200 MHz,Var,1 - 2 kg,Yok,"15,6 inç",Dahili Ekran Kartý,Belirtilmemiþ,10.Nesil,Intel Core i5,Windows 10 Home,3.6 GHz,1920 x 1080,Yok,8 GB,DDR4,Yok,480 GB,4 - 6 Saat,1 GHz,9.327 TL
1794,Huawei,4.7,154,09,Notebook,Belirtilmemiþ,Var,1 - 2 kg,Yok,"15,6 inç",Dahili Ekran Kartý,Onboard,11.Nesil,Intel Core i7,Windows 11 Home,4.7 GHz,1920 x 1080,Var,16 GB,DDR4,Yok,512 GB,,2.8 GHz,13.908 TL
1795,HONOR,4.8,48,"9,1",Notebook,Belirtilmemiþ,Var,1 - 2 kg,Yok,"15,6 inç",Dahili Ekran Kartý,Onboard,10.Nesil,Intel Core i5,Windows 10 Home,Yok,1920 x 1080,Var,8 GB,DDR4,512 GB,512 GB,,Belirtilmemiþ,8.379 TL
1796,HP,4.2,16,"9,9",Notebook,3200 MHz,Var,2 - 4 kg,Yok,"15,6 inç",Harici Ekran Kartý,GDDR6,11.Nesil,Intel Core i5,Windows 11 Home,4.4 GHz,1920 x 1080,Yok,16 GB,DDR4,Yok,512 GB,4 - 6 Saat,2.6 GHz,15.999 TL
1797,Asus,4.8,165,,Notebook,2400 MHz,Var,1 - 2 kg,Yok,"15,6 inç",Dahili Ekran Kartý,Onboard,10.Nesil,Intel Core i3,Windows 10 Home,4.1 GHz,1366 x 768,Yok,4 GB,DDR4,Yok,256 GB,,2.1 GHz,5.988 TL
1798,Dell,4.4,7,"9,7",Notebook,2666 MHz,Var,1 - 2 kg,Yok,14 inç,Harici Ekran Kartý,GDDR5,11.Nesil,Intel Core i7,Ubuntu,4.7 GHz,1920 x 1080,Yok,8 GB,DDR4,Yok,512 GB,,2.80 GHz,16.399 TL
1799,Casper,4.4,167,,Notebook,2133 MHz,Var,1 - 2 kg,Yok,14 inç,Dahili Ekran Kartý,Onboard,Yok,Intel Celeron,Windows 11 Home,2.6 GHz,1366 x 768,Yok,4 GB,DDR3,Yok,120 GB,,1.10 GHz,3.948 TL
1800,Lenovo,4.7,15,10,Notebook,3200 MHz,Var,2 kg ve Altý,Yok,14 inç,Dahili Ekran Kartý,Onboard,11.Nesil,Intel Core i5,Windows 10 Home,4.2 GHz,1920 x 1080,Yok,8 GB,DDR4,Yok,512 GB,3 Saat ve Altý,2.40 GHz,8.999 TL
1801,Lenovo,4.4,237,"9,8",Notebook,2400 MHz,Var,2 kg ve Altý,Belirtilmemiþ,14 inç,Dahili Ekran Kartý,Onboard,4.Nesil,Intel Celeron,Yok (Free Dos),2.8 GHz,1366 x 768,Yok,4 GB,DDR4,Yok,128 GB,6 Saat ve Üstü,1.1 GHz,3.821 TL
1802,HP,,,09,Notebook,3200 MHz,Var,1 - 2 kg,Yok,14 inç,Dahili Ekran Kartý,Onboard,11.Nesil,Intel Core i5,Windows 10 Pro,4.2 GHz,1920 x 1080,Yok,8 GB,DDR4,Yok,512 GB,4 - 6 Saat,2.4 GHz,14.088 TL
1803,Lenovo,,,"9,1",Notebook,2933 MHz,Var,1 - 2 kg,Yok,"15,6 inç",Dahili Ekran Kartý,Onboard,11.Nesil,Intel Core i5,Windows 10 Home,4.2 GHz,1920 x 1080,Yok,12 GB,DDR4,Yok,2 TB,,2.4 GHz,16.139 TL
1804,Casper,4.6,40,10,Oyun Bilgisayarlarý,2933 MHz,Var,2 - 4 kg,Yok,"15,6 inç",Yüksek Seviye Harici Ekran Kartý,GDDR6,10. Nesil,Intel Core i5,Windows 11 Home,4.5 GHz,1920 x 1080,Yok,8 GB,DDR4,Yok,250 GB,,2.5 GHz,12.499 TL
1805,Lenovo,5.0,2,"9,8",Notebook,2666 MHz,Var,2 kg ve Altý,Yok,14 inç,Dahili Ekran Kartý,Onboard,11.Nesil,Intel Core i5,Yok (Free Dos),4.2 GHz,1920 x 1080,Yok,8 GB,DDR4,Yok,512 GB,,2.4 GHz,7.999 TL
1806,Lenovo,4.7,267,10,Oyun Bilgisayarlarý,3200 MHz,Var,2 - 4 kg,Yok,"15,6 inç",Yüksek Seviye Harici Ekran Kartý,GDDR6,5.Nesil,AMD Ryzen 5,Yok (Free Dos),4.2 GHz,1920 x 1080,Yok,8 GB,DDR4,Yok,512 GB,6 Saat ve Üstü,3.3 GHz,13.998 TL
1807,Lenovo,4.6,13,"9,6",Notebook,3200 MHz,Var,2 - 4 kg,Yok,14 inç,Harici Ekran Kartý,GDDR5,11.Nesil,Intel Core i5,Yok (Free Dos),4.2 GHz,1920 x 1080,Yok,8 GB,DDR4,Yok,256 GB,4 - 6 Saat,2.4 GHz,8.999 TL
1808,Monster,4.7,268,"9,9",Oyun Bilgisayarlarý,3200 MHz,Var,2 - 4 kg,Yok,"15,6 inç",Harici Ekran Kartý,GDDR6,11.Nesil,Intel Core i5,Yok (Free Dos),4.5 GHz,1920 x 1080,Yok,16 GB,DDR4,Yok,500 GB,,2.70 GHz,16.099 TL
1809,HP,5.0,15,10,Notebook,2666 MHz,Var,2 - 4 kg,Yok,"15,6 inç",Dahili Ekran Kartý,Belirtilmemiþ,11.Nesil,Intel Core i3,Windows 10 Home,4.1 GHz,1920 x 1080,Yok,4 GB,DDR4,Yok,256 GB,,1.7 GHz,6.899 TL
1810,Lenovo,4.7,146,"9,9",Notebook,Belirtilmemiþ,Var,1 - 2 kg,Yok,"15,6 inç",Dahili Ekran Kartý,Belirtilmemiþ,11.Nesil,Intel Core i5,Windows 10 Home,4.2 GHz,1920 x 1080,Yok,8 GB,Belirtilmemiþ,Yok,256 GB,6 Saat ve Üstü,2.4 GHz,11.682 TL
1811,Dell,,,"9,8",Notebook,2666 MHz,Var,1 - 2 kg,Yok,"15,6 inç",Dahili Ekran Kartý,Onboard,11.Nesil,Intel Core i7,Windows 10 Home,4.7 GHz,1920 x 1080,Yok,8 GB,DDR4,Yok,512 GB,,2.8 GHz,18.175 TL
1812,Asus,4.8,85,10,Ýkisi Bir Arada,3733 MHz,Var,1 - 2 kg,Var,"13,3 inç",Dahili Ekran Kartý,Onboard,10.Nesil,Intel Core i5,Windows 10 Home,3.7 GHz,1920 x 1080,Yok,8 GB,LPDDR4X,Yok,512 GB,,1.1 GHz,11.599 TL
1813,Dell,4.7,129,10,Oyun Bilgisayarlarý,3200 MHz,Var,2 - 4 kg,Yok,"15,6 inç",Harici Ekran Kartý,GDDR6,Ryzen,AMD Ryzen 7,Windows 11 Home,4.4 GHz,1920 x 1080,Belirtilmemiþ,16 GB,DDR4,Yok,512 GB,,3.2 GHz,19.999 TL
1814,Acer,5.0,3,,Oyun Bilgisayarlarý,Belirtilmemiþ,Var,2 kg ve Altý,Yok,"15,6 inç",Yüksek Seviye Harici Ekran Kartý,GDDR6,5.Nesil,AMD Ryzen 5,Yok (Free Dos),4.3 GHz,1920 x 1080,Yok,16 GB,DDR4,Yok,512 GB,,3.3 GHz,18.998 TL
1815,Fujitsu,,,"9,7",Notebook,3200 MHz,Var,1 - 2 kg,Yok,"15,6 inç",Dahili Ekran Kartý,Belirtilmemiþ,10.Nesil,Intel Core i5,Windows 10 Home,3.6 GHz,1920 x 1080,Yok,8 GB,DDR4,Yok,480 GB,4 - 6 Saat,1 GHz,9.327 TL
1816,Dell,4.9,65,,Oyun Bilgisayarlarý,3200 MHz,Var,2 - 4 kg,Yok,"15,6 inç",Harici Ekran Kartý,GDDR6,11.Nesil,Intel Core i7,Ubuntu,4.6 GHz,1920 x 1080,Yok,16 GB,DDR4,Yok,512 GB,,2.30 GHz,19.998 TL
1817,Monster,4.7,213,"9,9",Oyun Bilgisayarlarý,3200 MHz,Var,2 - 4 kg,Yok,"15,6 inç",Harici Ekran Kartý,GDDR6,11.Nesil,Intel Core i5,Yok (Free Dos),4.5 GHz,1920 x 1080,Yok,8 GB,DDR4,Yok,500 GB,3 Saat ve Altý,2.70 GHz,15.699 TL
1818,Huawei,4.7,154,09,Notebook,Belirtilmemiþ,Var,1 - 2 kg,Yok,"15,6 inç",Dahili Ekran Kartý,Onboard,11.Nesil,Intel Core i7,Windows 11 Home,4.7 GHz,1920 x 1080,Var,16 GB,DDR4,Yok,512 GB,,2.8 GHz,13.908 TL
1819,HONOR,4.8,48,"9,1",Notebook,Belirtilmemiþ,Var,1 - 2 kg,Yok,"15,6 inç",Dahili Ekran Kartý,Onboard,10.Nesil,Intel Core i5,Windows 10 Home,Yok,1920 x 1080,Var,8 GB,DDR4,512 GB,512 GB,,Belirtilmemiþ,8.379 TL
1820,HP,4.2,16,"9,9",Notebook,3200 MHz,Var,2 - 4 kg,Yok,"15,6 inç",Harici Ekran Kartý,GDDR6,11.Nesil,Intel Core i5,Windows 11 Home,4.4 GHz,1920 x 1080,Yok,16 GB,DDR4,Yok,512 GB,4 - 6 Saat,2.6 GHz,15.999 TL
1821,Asus,4.8,165,,Notebook,2400 MHz,Var,1 - 2 kg,Yok,"15,6 inç",Dahili Ekran Kartý,Onboard,10.Nesil,Intel Core i3,Windows 10 Home,4.1 GHz,1366 x 768,Yok,4 GB,DDR4,Yok,256 GB,,2.1 GHz,5.988 TL
1822,Dell,4.4,7,"9,7",Notebook,2666 MHz,Var,1 - 2 kg,Yok,14 inç,Harici Ekran Kartý,GDDR5,11.Nesil,Intel Core i7,Ubuntu,4.7 GHz,1920 x 1080,Yok,8 GB,DDR4,Yok,512 GB,,2.80 GHz,16.399 TL
1823,Casper,4.4,167,,Notebook,2133 MHz,Var,1 - 2 kg,Yok,14 inç,Dahili Ekran Kartý,Onboard,Yok,Intel Celeron,Windows 11 Home,2.6 GHz,1366 x 768,Yok,4 GB,DDR3,Yok,120 GB,,1.10 GHz,3.948 TL
1824,Lenovo,4.7,15,10,Notebook,3200 MHz,Var,2 kg ve Altý,Yok,14 inç,Dahili Ekran Kartý,Onboard,11.Nesil,Intel Core i5,Windows 10 Home,4.2 GHz,1920 x 1080,Yok,8 GB,DDR4,Yok,512 GB,3 Saat ve Altý,2.40 GHz,8.999 TL
1825,Lenovo,4.4,237,"9,8",Notebook,2400 MHz,Var,2 kg ve Altý,Belirtilmemiþ,14 inç,Dahili Ekran Kartý,Onboard,4.Nesil,Intel Celeron,Yok (Free Dos),2.8 GHz,1366 x 768,Yok,4 GB,DDR4,Yok,128 GB,6 Saat ve Üstü,1.1 GHz,3.821 TL
1826,HP,,,09,Notebook,3200 MHz,Var,1 - 2 kg,Yok,14 inç,Dahili Ekran Kartý,Onboard,11.Nesil,Intel Core i5,Windows 10 Pro,4.2 GHz,1920 x 1080,Yok,8 GB,DDR4,Yok,512 GB,4 - 6 Saat,2.4 GHz,14.088 TL
1827,Lenovo,,,"9,1",Notebook,2933 MHz,Var,1 - 2 kg,Yok,"15,6 inç",Dahili Ekran Kartý,Onboard,11.Nesil,Intel Core i5,Windows 10 Home,4.2 GHz,1920 x 1080,Yok,12 GB,DDR4,Yok,2 TB,,2.4 GHz,16.139 TL
1828,Casper,4.6,40,10,Oyun Bilgisayarlarý,2933 MHz,Var,2 - 4 kg,Yok,"15,6 inç",Yüksek Seviye Harici Ekran Kartý,GDDR6,10. Nesil,Intel Core i5,Windows 11 Home,4.5 GHz,1920 x 1080,Yok,8 GB,DDR4,Yok,250 GB,,2.5 GHz,12.499 TL
1829,Lenovo,5.0,2,"9,8",Notebook,2666 MHz,Var,2 kg ve Altý,Yok,14 inç,Dahili Ekran Kartý,Onboard,11.Nesil,Intel Core i5,Yok (Free Dos),4.2 GHz,1920 x 1080,Yok,8 GB,DDR4,Yok,512 GB,,2.4 GHz,7.999 TL
1830,Lenovo,4.7,267,10,Oyun Bilgisayarlarý,3200 MHz,Var,2 - 4 kg,Yok,"15,6 inç",Yüksek Seviye Harici Ekran Kartý,GDDR6,5.Nesil,AMD Ryzen 5,Yok (Free Dos),4.2 GHz,1920 x 1080,Yok,8 GB,DDR4,Yok,512 GB,6 Saat ve Üstü,3.3 GHz,13.998 TL
1831,Lenovo,4.6,13,"9,6",Notebook,3200 MHz,Var,2 - 4 kg,Yok,14 inç,Harici Ekran Kartý,GDDR5,11.Nesil,Intel Core i5,Yok (Free Dos),4.2 GHz,1920 x 1080,Yok,8 GB,DDR4,Yok,256 GB,4 - 6 Saat,2.4 GHz,8.999 TL
1832,Monster,4.7,268,"9,9",Oyun Bilgisayarlarý,3200 MHz,Var,2 - 4 kg,Yok,"15,6 inç",Harici Ekran Kartý,GDDR6,11.Nesil,Intel Core i5,Yok (Free Dos),4.5 GHz,1920 x 1080,Yok,16 GB,DDR4,Yok,500 GB,,2.70 GHz,16.099 TL
1833,HP,5.0,15,10,Notebook,2666 MHz,Var,2 - 4 kg,Yok,"15,6 inç",Dahili Ekran Kartý,Belirtilmemiþ,11.Nesil,Intel Core i3,Windows 10 Home,4.1 GHz,1920 x 1080,Yok,4 GB,DDR4,Yok,256 GB,,1.7 GHz,6.899 TL
1834,Lenovo,4.7,146,"9,9",Notebook,Belirtilmemiþ,Var,1 - 2 kg,Yok,"15,6 inç",Dahili Ekran Kartý,Belirtilmemiþ,11.Nesil,Intel Core i5,Windows 10 Home,4.2 GHz,1920 x 1080,Yok,8 GB,Belirtilmemiþ,Yok,256 GB,6 Saat ve Üstü,2.4 GHz,11.682 TL
1835,Dell,,,"9,8",Notebook,2666 MHz,Var,1 - 2 kg,Yok,"15,6 inç",Dahili Ekran Kartý,Onboard,11.Nesil,Intel Core i7,Windows 10 Home,4.7 GHz,1920 x 1080,Yok,8 GB,DDR4,Yok,512 GB,,2.8 GHz,18.175 TL
1836,Asus,4.8,85,10,Ýkisi Bir Arada,3733 MHz,Var,1 - 2 kg,Var,"13,3 inç",Dahili Ekran Kartý,Onboard,10.Nesil,Intel Core i5,Windows 10 Home,3.7 GHz,1920 x 1080,Yok,8 GB,LPDDR4X,Yok,512 GB,,1.1 GHz,11.599 TL
1837,Dell,4.7,129,10,Oyun Bilgisayarlarý,3200 MHz,Var,2 - 4 kg,Yok,"15,6 inç",Harici Ekran Kartý,GDDR6,Ryzen,AMD Ryzen 7,Windows 11 Home,4.4 GHz,1920 x 1080,Belirtilmemiþ,16 GB,DDR4,Yok,512 GB,,3.2 GHz,19.999 TL
1838,Acer,5.0,3,,Oyun Bilgisayarlarý,Belirtilmemiþ,Var,2 kg ve Altý,Yok,"15,6 inç",Yüksek Seviye Harici Ekran Kartý,GDDR6,5.Nesil,AMD Ryzen 5,Yok (Free Dos),4.3 GHz,1920 x 1080,Yok,16 GB,DDR4,Yok,512 GB,,3.3 GHz,18.998 TL
1839,Fujitsu,,,"9,7",Notebook,3200 MHz,Var,1 - 2 kg,Yok,"15,6 inç",Dahili Ekran Kartý,Belirtilmemiþ,10.Nesil,Intel Core i5,Windows 10 Home,3.6 GHz,1920 x 1080,Yok,8 GB,DDR4,Yok,480 GB,4 - 6 Saat,1 GHz,9.327 TL
1840,Dell,4.9,65,,Oyun Bilgisayarlarý,3200 MHz,Var,2 - 4 kg,Yok,"15,6 inç",Harici Ekran Kartý,GDDR6,11.Nesil,Intel Core i7,Ubuntu,4.6 GHz,1920 x 1080,Yok,16 GB,DDR4,Yok,512 GB,,2.30 GHz,19.998 TL
1841,Monster,4.7,213,"9,9",Oyun Bilgisayarlarý,3200 MHz,Var,2 - 4 kg,Yok,"15,6 inç",Harici Ekran Kartý,GDDR6,11.Nesil,Intel Core i5,Yok (Free Dos),4.5 GHz,1920 x 1080,Yok,8 GB,DDR4,Yok,500 GB,3 Saat ve Altý,2.70 GHz,15.699 TL
1842,Huawei,4.7,154,09,Notebook,Belirtilmemiþ,Var,1 - 2 kg,Yok,"15,6 inç",Dahili Ekran Kartý,Onboard,11.Nesil,Intel Core i7,Windows 11 Home,4.7 GHz,1920 x 1080,Var,16 GB,DDR4,Yok,512 GB,,2.8 GHz,13.908 TL
1843,HONOR,4.8,48,"9,1",Notebook,Belirtilmemiþ,Var,1 - 2 kg,Yok,"15,6 inç",Dahili Ekran Kartý,Onboard,10.Nesil,Intel Core i5,Windows 10 Home,Yok,1920 x 1080,Var,8 GB,DDR4,512 GB,512 GB,,Belirtilmemiþ,8.379 TL
1844,HP,4.2,16,"9,9",Notebook,3200 MHz,Var,2 - 4 kg,Yok,"15,6 inç",Harici Ekran Kartý,GDDR6,11.Nesil,Intel Core i5,Windows 11 Home,4.4 GHz,1920 x 1080,Yok,16 GB,DDR4,Yok,512 GB,4 - 6 Saat,2.6 GHz,15.999 TL
1845,Asus,4.8,165,,Notebook,2400 MHz,Var,1 - 2 kg,Yok,"15,6 inç",Dahili Ekran Kartý,Onboard,10.Nesil,Intel Core i3,Windows 10 Home,4.1 GHz,1366 x 768,Yok,4 GB,DDR4,Yok,256 GB,,2.1 GHz,5.988 TL
1846,Dell,4.4,7,"9,7",Notebook,2666 MHz,Var,1 - 2 kg,Yok,14 inç,Harici Ekran Kartý,GDDR5,11.Nesil,Intel Core i7,Ubuntu,4.7 GHz,1920 x 1080,Yok,8 GB,DDR4,Yok,512 GB,,2.80 GHz,16.399 TL
1847,Casper,4.4,167,,Notebook,2133 MHz,Var,1 - 2 kg,Yok,14 inç,Dahili Ekran Kartý,Onboard,Yok,Intel Celeron,Windows 11 Home,2.6 GHz,1366 x 768,Yok,4 GB,DDR3,Yok,120 GB,,1.10 GHz,3.948 TL
1848,Lenovo,4.7,15,10,Notebook,3200 MHz,Var,2 kg ve Altý,Yok,14 inç,Dahili Ekran Kartý,Onboard,11.Nesil,Intel Core i5,Windows 10 Home,4.2 GHz,1920 x 1080,Yok,8 GB,DDR4,Yok,512 GB,3 Saat ve Altý,2.40 GHz,8.999 TL
1849,Lenovo,4.4,237,"9,8",Notebook,2400 MHz,Var,2 kg ve Altý,Belirtilmemiþ,14 inç,Dahili Ekran Kartý,Onboard,4.Nesil,Intel Celeron,Yok (Free Dos),2.8 GHz,1366 x 768,Yok,4 GB,DDR4,Yok,128 GB,6 Saat ve Üstü,1.1 GHz,3.821 TL
1850,HP,,,09,Notebook,3200 MHz,Var,1 - 2 kg,Yok,14 inç,Dahili Ekran Kartý,Onboard,11.Nesil,Intel Core i5,Windows 10 Pro,4.2 GHz,1920 x 1080,Yok,8 GB,DDR4,Yok,512 GB,4 - 6 Saat,2.4 GHz,14.088 TL
1851,Casper,4.6,40,10,Oyun Bilgisayarlarý,2933 MHz,Var,2 - 4 kg,Yok,"15,6 inç",Yüksek Seviye Harici Ekran Kartý,GDDR6,10. Nesil,Intel Core i5,Windows 11 Home,4.5 GHz,1920 x 1080,Yok,8 GB,DDR4,Yok,250 GB,,2.5 GHz,12.499 TL
1852,Lenovo,5.0,2,"9,8",Notebook,2666 MHz,Var,2 kg ve Altý,Yok,14 inç,Dahili Ekran Kartý,Onboard,11.Nesil,Intel Core i5,Yok (Free Dos),4.2 GHz,1920 x 1080,Yok,8 GB,DDR4,Yok,512 GB,,2.4 GHz,7.999 TL
1853,Lenovo,,,"9,1",Notebook,2933 MHz,Var,1 - 2 kg,Yok,"15,6 inç",Dahili Ekran Kartý,Onboard,11.Nesil,Intel Core i5,Windows 10 Home,4.2 GHz,1920 x 1080,Yok,12 GB,DDR4,Yok,2 TB,,2.4 GHz,16.139 TL
1854,Lenovo,4.7,267,10,Oyun Bilgisayarlarý,3200 MHz,Var,2 - 4 kg,Yok,"15,6 inç",Yüksek Seviye Harici Ekran Kartý,GDDR6,5.Nesil,AMD Ryzen 5,Yok (Free Dos),4.2 GHz,1920 x 1080,Yok,8 GB,DDR4,Yok,512 GB,6 Saat ve Üstü,3.3 GHz,13.998 TL
1855,Lenovo,4.6,13,"9,6",Notebook,3200 MHz,Var,2 - 4 kg,Yok,14 inç,Harici Ekran Kartý,GDDR5,11.Nesil,Intel Core i5,Yok (Free Dos),4.2 GHz,1920 x 1080,Yok,8 GB,DDR4,Yok,256 GB,4 - 6 Saat,2.4 GHz,8.999 TL
1856,Monster,4.7,268,"9,9",Oyun Bilgisayarlarý,3200 MHz,Var,2 - 4 kg,Yok,"15,6 inç",Harici Ekran Kartý,GDDR6,11.Nesil,Intel Core i5,Yok (Free Dos),4.5 GHz,1920 x 1080,Yok,16 GB,DDR4,Yok,500 GB,,2.70 GHz,16.099 TL
1857,HP,5.0,15,10,Notebook,2666 MHz,Var,2 - 4 kg,Yok,"15,6 inç",Dahili Ekran Kartý,Belirtilmemiþ,11.Nesil,Intel Core i3,Windows 10 Home,4.1 GHz,1920 x 1080,Yok,4 GB,DDR4,Yok,256 GB,,1.7 GHz,6.899 TL
1858,Dell,,,"9,8",Notebook,2666 MHz,Var,1 - 2 kg,Yok,"15,6 inç",Dahili Ekran Kartý,Onboard,11.Nesil,Intel Core i7,Windows 10 Home,4.7 GHz,1920 x 1080,Yok,8 GB,DDR4,Yok,512 GB,,2.8 GHz,18.175 TL
1859,Lenovo,4.7,146,"9,9",Notebook,Belirtilmemiþ,Var,1 - 2 kg,Yok,"15,6 inç",Dahili Ekran Kartý,Belirtilmemiþ,11.Nesil,Intel Core i5,Windows 10 Home,4.2 GHz,1920 x 1080,Yok,8 GB,Belirtilmemiþ,Yok,256 GB,6 Saat ve Üstü,2.4 GHz,11.682 TL
1860,Asus,4.8,85,10,Ýkisi Bir Arada,3733 MHz,Var,1 - 2 kg,Var,"13,3 inç",Dahili Ekran Kartý,Onboard,10.Nesil,Intel Core i5,Windows 10 Home,3.7 GHz,1920 x 1080,Yok,8 GB,LPDDR4X,Yok,512 GB,,1.1 GHz,11.599 TL
1861,Dell,4.7,129,10,Oyun Bilgisayarlarý,3200 MHz,Var,2 - 4 kg,Yok,"15,6 inç",Harici Ekran Kartý,GDDR6,Ryzen,AMD Ryzen 7,Windows 11 Home,4.4 GHz,1920 x 1080,Belirtilmemiþ,16 GB,DDR4,Yok,512 GB,,3.2 GHz,19.999 TL
1862,Acer,5.0,3,,Oyun Bilgisayarlarý,Belirtilmemiþ,Var,2 kg ve Altý,Yok,"15,6 inç",Yüksek Seviye Harici Ekran Kartý,GDDR6,5.Nesil,AMD Ryzen 5,Yok (Free Dos),4.3 GHz,1920 x 1080,Yok,16 GB,DDR4,Yok,512 GB,,3.3 GHz,18.998 TL
1863,Dell,4.9,65,,Oyun Bilgisayarlarý,3200 MHz,Var,2 - 4 kg,Yok,"15,6 inç",Harici Ekran Kartý,GDDR6,11.Nesil,Intel Core i7,Ubuntu,4.6 GHz,1920 x 1080,Yok,16 GB,DDR4,Yok,512 GB,,2.30 GHz,19.998 TL
1864,Fujitsu,,,"9,7",Notebook,3200 MHz,Var,1 - 2 kg,Yok,"15,6 inç",Dahili Ekran Kartý,Belirtilmemiþ,10.Nesil,Intel Core i5,Windows 10 Home,3.6 GHz,1920 x 1080,Yok,8 GB,DDR4,Yok,480 GB,4 - 6 Saat,1 GHz,9.327 TL
1865,Monster,4.7,213,"9,9",Oyun Bilgisayarlarý,3200 MHz,Var,2 - 4 kg,Yok,"15,6 inç",Harici Ekran Kartý,GDDR6,11.Nesil,Intel Core i5,Yok (Free Dos),4.5 GHz,1920 x 1080,Yok,8 GB,DDR4,Yok,500 GB,3 Saat ve Altý,2.70 GHz,15.699 TL
1866,Huawei,4.7,154,09,Notebook,Belirtilmemiþ,Var,1 - 2 kg,Yok,"15,6 inç",Dahili Ekran Kartý,Onboard,11.Nesil,Intel Core i7,Windows 11 Home,4.7 GHz,1920 x 1080,Var,16 GB,DDR4,Yok,512 GB,,2.8 GHz,13.908 TL
1867,HONOR,4.8,48,"9,1",Notebook,Belirtilmemiþ,Var,1 - 2 kg,Yok,"15,6 inç",Dahili Ekran Kartý,Onboard,10.Nesil,Intel Core i5,Windows 10 Home,Yok,1920 x 1080,Var,8 GB,DDR4,512 GB,512 GB,,Belirtilmemiþ,8.379 TL
1868,HP,4.2,16,"9,9",Notebook,3200 MHz,Var,2 - 4 kg,Yok,"15,6 inç",Harici Ekran Kartý,GDDR6,11.Nesil,Intel Core i5,Windows 11 Home,4.4 GHz,1920 x 1080,Yok,16 GB,DDR4,Yok,512 GB,4 - 6 Saat,2.6 GHz,15.999 TL
1869,Asus,4.8,165,,Notebook,2400 MHz,Var,1 - 2 kg,Yok,"15,6 inç",Dahili Ekran Kartý,Onboard,10.Nesil,Intel Core i3,Windows 10 Home,4.1 GHz,1366 x 768,Yok,4 GB,DDR4,Yok,256 GB,,2.1 GHz,5.988 TL
1870,Dell,4.4,7,"9,7",Notebook,2666 MHz,Var,1 - 2 kg,Yok,14 inç,Harici Ekran Kartý,GDDR5,11.Nesil,Intel Core i7,Ubuntu,4.7 GHz,1920 x 1080,Yok,8 GB,DDR4,Yok,512 GB,,2.80 GHz,16.399 TL
1871,Casper,4.4,167,,Notebook,2133 MHz,Var,1 - 2 kg,Yok,14 inç,Dahili Ekran Kartý,Onboard,Yok,Intel Celeron,Windows 11 Home,2.6 GHz,1366 x 768,Yok,4 GB,DDR3,Yok,120 GB,,1.10 GHz,3.948 TL
1872,Lenovo,4.7,15,10,Notebook,3200 MHz,Var,2 kg ve Altý,Yok,14 inç,Dahili Ekran Kartý,Onboard,11.Nesil,Intel Core i5,Windows 10 Home,4.2 GHz,1920 x 1080,Yok,8 GB,DDR4,Yok,512 GB,3 Saat ve Altý,2.40 GHz,8.999 TL
1873,Lenovo,4.4,237,"9,8",Notebook,2400 MHz,Var,2 kg ve Altý,Belirtilmemiþ,14 inç,Dahili Ekran Kartý,Onboard,4.Nesil,Intel Celeron,Yok (Free Dos),2.8 GHz,1366 x 768,Yok,4 GB,DDR4,Yok,128 GB,6 Saat ve Üstü,1.1 GHz,3.821 TL
1874,HP,5.0,15,10,Notebook,2666 MHz,Var,2 - 4 kg,Yok,"15,6 inç",Dahili Ekran Kartý,Belirtilmemiþ,11.Nesil,Intel Core i3,Windows 10 Home,4.1 GHz,1920 x 1080,Yok,4 GB,DDR4,Yok,256 GB,,1.7 GHz,6.899 TL
1875,Casper,4.6,40,10,Oyun Bilgisayarlarý,2933 MHz,Var,2 - 4 kg,Yok,"15,6 inç",Yüksek Seviye Harici Ekran Kartý,GDDR6,10. Nesil,Intel Core i5,Windows 11 Home,4.5 GHz,1920 x 1080,Yok,8 GB,DDR4,Yok,250 GB,,2.5 GHz,12.499 TL
1876,Lenovo,5.0,2,"9,8",Notebook,2666 MHz,Var,2 kg ve Altý,Yok,14 inç,Dahili Ekran Kartý,Onboard,11.Nesil,Intel Core i5,Yok (Free Dos),4.2 GHz,1920 x 1080,Yok,8 GB,DDR4,Yok,512 GB,,2.4 GHz,7.999 TL
1877,Lenovo,,,"9,1",Notebook,2933 MHz,Var,1 - 2 kg,Yok,"15,6 inç",Dahili Ekran Kartý,Onboard,11.Nesil,Intel Core i5,Windows 10 Home,4.2 GHz,1920 x 1080,Yok,12 GB,DDR4,Yok,2 TB,,2.4 GHz,16.139 TL
1878,Lenovo,4.7,267,10,Oyun Bilgisayarlarý,3200 MHz,Var,2 - 4 kg,Yok,"15,6 inç",Yüksek Seviye Harici Ekran Kartý,GDDR6,5.Nesil,AMD Ryzen 5,Yok (Free Dos),4.2 GHz,1920 x 1080,Yok,8 GB,DDR4,Yok,512 GB,6 Saat ve Üstü,3.3 GHz,13.998 TL
1879,Lenovo,4.6,13,"9,6",Notebook,3200 MHz,Var,2 - 4 kg,Yok,14 inç,Harici Ekran Kartý,GDDR5,11.Nesil,Intel Core i5,Yok (Free Dos),4.2 GHz,1920 x 1080,Yok,8 GB,DDR4,Yok,256 GB,4 - 6 Saat,2.4 GHz,8.999 TL
1880,Monster,4.7,268,"9,9",Oyun Bilgisayarlarý,3200 MHz,Var,2 - 4 kg,Yok,"15,6 inç",Harici Ekran Kartý,GDDR6,11.Nesil,Intel Core i5,Yok (Free Dos),4.5 GHz,1920 x 1080,Yok,16 GB,DDR4,Yok,500 GB,,2.70 GHz,16.099 TL
1881,Lenovo,4.7,146,"9,9",Notebook,Belirtilmemiþ,Var,1 - 2 kg,Yok,"15,6 inç",Dahili Ekran Kartý,Belirtilmemiþ,11.Nesil,Intel Core i5,Windows 10 Home,4.2 GHz,1920 x 1080,Yok,8 GB,Belirtilmemiþ,Yok,256 GB,6 Saat ve Üstü,2.4 GHz,11.682 TL
1882,HP,,,09,Notebook,3200 MHz,Var,1 - 2 kg,Yok,14 inç,Dahili Ekran Kartý,Onboard,11.Nesil,Intel Core i5,Windows 10 Pro,4.2 GHz,1920 x 1080,Yok,8 GB,DDR4,Yok,512 GB,4 - 6 Saat,2.4 GHz,14.088 TL
1883,Dell,,,"9,8",Notebook,2666 MHz,Var,1 - 2 kg,Yok,"15,6 inç",Dahili Ekran Kartý,Onboard,11.Nesil,Intel Core i7,Windows 10 Home,4.7 GHz,1920 x 1080,Yok,8 GB,DDR4,Yok,512 GB,,2.8 GHz,18.175 TL
1884,Asus,4.8,85,10,Ýkisi Bir Arada,3733 MHz,Var,1 - 2 kg,Var,"13,3 inç",Dahili Ekran Kartý,Onboard,10.Nesil,Intel Core i5,Windows 10 Home,3.7 GHz,1920 x 1080,Yok,8 GB,LPDDR4X,Yok,512 GB,,1.1 GHz,11.599 TL
1885,Dell,4.7,129,10,Oyun Bilgisayarlarý,3200 MHz,Var,2 - 4 kg,Yok,"15,6 inç",Harici Ekran Kartý,GDDR6,Ryzen,AMD Ryzen 7,Windows 11 Home,4.4 GHz,1920 x 1080,Belirtilmemiþ,16 GB,DDR4,Yok,512 GB,,3.2 GHz,19.999 TL
1886,Acer,5.0,3,,Oyun Bilgisayarlarý,Belirtilmemiþ,Var,2 kg ve Altý,Yok,"15,6 inç",Yüksek Seviye Harici Ekran Kartý,GDDR6,5.Nesil,AMD Ryzen 5,Yok (Free Dos),4.3 GHz,1920 x 1080,Yok,16 GB,DDR4,Yok,512 GB,,3.3 GHz,18.998 TL
1887,Dell,4.9,65,,Oyun Bilgisayarlarý,3200 MHz,Var,2 - 4 kg,Yok,"15,6 inç",Harici Ekran Kartý,GDDR6,11.Nesil,Intel Core i7,Ubuntu,4.6 GHz,1920 x 1080,Yok,16 GB,DDR4,Yok,512 GB,,2.30 GHz,19.998 TL
1888,Monster,4.7,213,"9,9",Oyun Bilgisayarlarý,3200 MHz,Var,2 - 4 kg,Yok,"15,6 inç",Harici Ekran Kartý,GDDR6,11.Nesil,Intel Core i5,Yok (Free Dos),4.5 GHz,1920 x 1080,Yok,8 GB,DDR4,Yok,500 GB,3 Saat ve Altý,2.70 GHz,15.699 TL
1889,Fujitsu,,,"9,7",Notebook,3200 MHz,Var,1 - 2 kg,Yok,"15,6 inç",Dahili Ekran Kartý,Belirtilmemiþ,10.Nesil,Intel Core i5,Windows 10 Home,3.6 GHz,1920 x 1080,Yok,8 GB,DDR4,Yok,480 GB,4 - 6 Saat,1 GHz,9.327 TL
1890,Huawei,4.7,154,09,Notebook,Belirtilmemiþ,Var,1 - 2 kg,Yok,"15,6 inç",Dahili Ekran Kartý,Onboard,11.Nesil,Intel Core i7,Windows 11 Home,4.7 GHz,1920 x 1080,Var,16 GB,DDR4,Yok,512 GB,,2.8 GHz,13.908 TL
1891,HONOR,4.8,48,"9,1",Notebook,Belirtilmemiþ,Var,1 - 2 kg,Yok,"15,6 inç",Dahili Ekran Kartý,Onboard,10.Nesil,Intel Core i5,Windows 10 Home,Yok,1920 x 1080,Var,8 GB,DDR4,512 GB,512 GB,,Belirtilmemiþ,8.379 TL
1892,HP,4.2,16,"9,9",Notebook,3200 MHz,Var,2 - 4 kg,Yok,"15,6 inç",Harici Ekran Kartý,GDDR6,11.Nesil,Intel Core i5,Windows 11 Home,4.4 GHz,1920 x 1080,Yok,16 GB,DDR4,Yok,512 GB,4 - 6 Saat,2.6 GHz,15.999 TL
1893,Asus,4.8,165,,Notebook,2400 MHz,Var,1 - 2 kg,Yok,"15,6 inç",Dahili Ekran Kartý,Onboard,10.Nesil,Intel Core i3,Windows 10 Home,4.1 GHz,1366 x 768,Yok,4 GB,DDR4,Yok,256 GB,,2.1 GHz,5.988 TL
1894,Dell,4.4,7,"9,7",Notebook,2666 MHz,Var,1 - 2 kg,Yok,14 inç,Harici Ekran Kartý,GDDR5,11.Nesil,Intel Core i7,Ubuntu,4.7 GHz,1920 x 1080,Yok,8 GB,DDR4,Yok,512 GB,,2.80 GHz,16.399 TL
1895,Casper,4.4,167,,Notebook,2133 MHz,Var,1 - 2 kg,Yok,14 inç,Dahili Ekran Kartý,Onboard,Yok,Intel Celeron,Windows 11 Home,2.6 GHz,1366 x 768,Yok,4 GB,DDR3,Yok,120 GB,,1.10 GHz,3.948 TL
1896,Lenovo,4.7,15,10,Notebook,3200 MHz,Var,2 kg ve Altý,Yok,14 inç,Dahili Ekran Kartý,Onboard,11.Nesil,Intel Core i5,Windows 10 Home,4.2 GHz,1920 x 1080,Yok,8 GB,DDR4,Yok,512 GB,3 Saat ve Altý,2.40 GHz,8.999 TL
1897,Lenovo,4.4,237,"9,8",Notebook,2400 MHz,Var,2 kg ve Altý,Belirtilmemiþ,14 inç,Dahili Ekran Kartý,Onboard,4.Nesil,Intel Celeron,Yok (Free Dos),2.8 GHz,1366 x 768,Yok,4 GB,DDR4,Yok,128 GB,6 Saat ve Üstü,1.1 GHz,3.821 TL
1898,HP,,,09,Notebook,3200 MHz,Var,1 - 2 kg,Yok,14 inç,Dahili Ekran Kartý,Onboard,11.Nesil,Intel Core i5,Windows 10 Pro,4.2 GHz,1920 x 1080,Yok,8 GB,DDR4,Yok,512 GB,4 - 6 Saat,2.4 GHz,14.088 TL
1899,Casper,4.6,40,10,Oyun Bilgisayarlarý,2933 MHz,Var,2 - 4 kg,Yok,"15,6 inç",Yüksek Seviye Harici Ekran Kartý,GDDR6,10. Nesil,Intel Core i5,Windows 11 Home,4.5 GHz,1920 x 1080,Yok,8 GB,DDR4,Yok,250 GB,,2.5 GHz,12.499 TL
1900,Lenovo,5.0,2,"9,8",Notebook,2666 MHz,Var,2 kg ve Altý,Yok,14 inç,Dahili Ekran Kartý,Onboard,11.Nesil,Intel Core i5,Yok (Free Dos),4.2 GHz,1920 x 1080,Yok,8 GB,DDR4,Yok,512 GB,,2.4 GHz,7.999 TL
1901,Lenovo,,,"9,1",Notebook,2933 MHz,Var,1 - 2 kg,Yok,"15,6 inç",Dahili Ekran Kartý,Onboard,11.Nesil,Intel Core i5,Windows 10 Home,4.2 GHz,1920 x 1080,Yok,12 GB,DDR4,Yok,2 TB,,2.4 GHz,16.139 TL
1902,Lenovo,4.7,267,10,Oyun Bilgisayarlarý,3200 MHz,Var,2 - 4 kg,Yok,"15,6 inç",Yüksek Seviye Harici Ekran Kartý,GDDR6,5.Nesil,AMD Ryzen 5,Yok (Free Dos),4.2 GHz,1920 x 1080,Yok,8 GB,DDR4,Yok,512 GB,6 Saat ve Üstü,3.3 GHz,13.998 TL
1903,Lenovo,4.6,13,"9,6",Notebook,3200 MHz,Var,2 - 4 kg,Yok,14 inç,Harici Ekran Kartý,GDDR5,11.Nesil,Intel Core i5,Yok (Free Dos),4.2 GHz,1920 x 1080,Yok,8 GB,DDR4,Yok,256 GB,4 - 6 Saat,2.4 GHz,8.999 TL
1904,Monster,4.7,268,"9,9",Oyun Bilgisayarlarý,3200 MHz,Var,2 - 4 kg,Yok,"15,6 inç",Harici Ekran Kartý,GDDR6,11.Nesil,Intel Core i5,Yok (Free Dos),4.5 GHz,1920 x 1080,Yok,16 GB,DDR4,Yok,500 GB,,2.70 GHz,16.099 TL
1905,HP,5.0,15,10,Notebook,2666 MHz,Var,2 - 4 kg,Yok,"15,6 inç",Dahili Ekran Kartý,Belirtilmemiþ,11.Nesil,Intel Core i3,Windows 10 Home,4.1 GHz,1920 x 1080,Yok,4 GB,DDR4,Yok,256 GB,,1.7 GHz,6.899 TL
1906,Dell,,,"9,8",Notebook,2666 MHz,Var,1 - 2 kg,Yok,"15,6 inç",Dahili Ekran Kartý,Onboard,11.Nesil,Intel Core i7,Windows 10 Home,4.7 GHz,1920 x 1080,Yok,8 GB,DDR4,Yok,512 GB,,2.8 GHz,18.175 TL
1907,Lenovo,4.7,146,"9,9",Notebook,Belirtilmemiþ,Var,1 - 2 kg,Yok,"15,6 inç",Dahili Ekran Kartý,Belirtilmemiþ,11.Nesil,Intel Core i5,Windows 10 Home,4.2 GHz,1920 x 1080,Yok,8 GB,Belirtilmemiþ,Yok,256 GB,6 Saat ve Üstü,2.4 GHz,11.682 TL
1908,Asus,4.8,85,10,Ýkisi Bir Arada,3733 MHz,Var,1 - 2 kg,Var,"13,3 inç",Dahili Ekran Kartý,Onboard,10.Nesil,Intel Core i5,Windows 10 Home,3.7 GHz,1920 x 1080,Yok,8 GB,LPDDR4X,Yok,512 GB,,1.1 GHz,11.599 TL
1909,Dell,4.7,129,10,Oyun Bilgisayarlarý,3200 MHz,Var,2 - 4 kg,Yok,"15,6 inç",Harici Ekran Kartý,GDDR6,Ryzen,AMD Ryzen 7,Windows 11 Home,4.4 GHz,1920 x 1080,Belirtilmemiþ,16 GB,DDR4,Yok,512 GB,,3.2 GHz,19.999 TL
1910,Acer,5.0,3,,Oyun Bilgisayarlarý,Belirtilmemiþ,Var,2 kg ve Altý,Yok,"15,6 inç",Yüksek Seviye Harici Ekran Kartý,GDDR6,5.Nesil,AMD Ryzen 5,Yok (Free Dos),4.3 GHz,1920 x 1080,Yok,16 GB,DDR4,Yok,512 GB,,3.3 GHz,18.998 TL
1911,Dell,4.9,65,,Oyun Bilgisayarlarý,3200 MHz,Var,2 - 4 kg,Yok,"15,6 inç",Harici Ekran Kartý,GDDR6,11.Nesil,Intel Core i7,Ubuntu,4.6 GHz,1920 x 1080,Yok,16 GB,DDR4,Yok,512 GB,,2.30 GHz,19.998 TL
1912,Fujitsu,,,"9,7",Notebook,3200 MHz,Var,1 - 2 kg,Yok,"15,6 inç",Dahili Ekran Kartý,Belirtilmemiþ,10.Nesil,Intel Core i5,Windows 10 Home,3.6 GHz,1920 x 1080,Yok,8 GB,DDR4,Yok,480 GB,4 - 6 Saat,1 GHz,9.327 TL
1913,Monster,4.7,213,"9,9",Oyun Bilgisayarlarý,3200 MHz,Var,2 - 4 kg,Yok,"15,6 inç",Harici Ekran Kartý,GDDR6,11.Nesil,Intel Core i5,Yok (Free Dos),4.5 GHz,1920 x 1080,Yok,8 GB,DDR4,Yok,500 GB,3 Saat ve Altý,2.70 GHz,15.699 TL
1914,Huawei,4.7,154,09,Notebook,Belirtilmemiþ,Var,1 - 2 kg,Yok,"15,6 inç",Dahili Ekran Kartý,Onboard,11.Nesil,Intel Core i7,Windows 11 Home,4.7 GHz,1920 x 1080,Var,16 GB,DDR4,Yok,512 GB,,2.8 GHz,13.908 TL
1915,HONOR,4.8,48,"9,1",Notebook,Belirtilmemiþ,Var,1 - 2 kg,Yok,"15,6 inç",Dahili Ekran Kartý,Onboard,10.Nesil,Intel Core i5,Windows 10 Home,Yok,1920 x 1080,Var,8 GB,DDR4,512 GB,512 GB,,Belirtilmemiþ,8.379 TL
1916,HP,4.2,16,"9,9",Notebook,3200 MHz,Var,2 - 4 kg,Yok,"15,6 inç",Harici Ekran Kartý,GDDR6,11.Nesil,Intel Core i5,Windows 11 Home,4.4 GHz,1920 x 1080,Yok,16 GB,DDR4,Yok,512 GB,4 - 6 Saat,2.6 GHz,15.999 TL
1917,Asus,4.8,165,,Notebook,2400 MHz,Var,1 - 2 kg,Yok,"15,6 inç",Dahili Ekran Kartý,Onboard,10.Nesil,Intel Core i3,Windows 10 Home,4.1 GHz,1366 x 768,Yok,4 GB,DDR4,Yok,256 GB,,2.1 GHz,5.988 TL
1918,Dell,4.4,7,"9,7",Notebook,2666 MHz,Var,1 - 2 kg,Yok,14 inç,Harici Ekran Kartý,GDDR5,11.Nesil,Intel Core i7,Ubuntu,4.7 GHz,1920 x 1080,Yok,8 GB,DDR4,Yok,512 GB,,2.80 GHz,16.399 TL
1919,Casper,4.4,167,,Notebook,2133 MHz,Var,1 - 2 kg,Yok,14 inç,Dahili Ekran Kartý,Onboard,Yok,Intel Celeron,Windows 11 Home,2.6 GHz,1366 x 768,Yok,4 GB,DDR3,Yok,120 GB,,1.10 GHz,3.948 TL
1920,Lenovo,4.7,15,10,Notebook,3200 MHz,Var,2 kg ve Altý,Yok,14 inç,Dahili Ekran Kartý,Onboard,11.Nesil,Intel Core i5,Windows 10 Home,4.2 GHz,1920 x 1080,Yok,8 GB,DDR4,Yok,512 GB,3 Saat ve Altý,2.40 GHz,8.999 TL
1921,Lenovo,4.4,237,"9,8",Notebook,2400 MHz,Var,2 kg ve Altý,Belirtilmemiþ,14 inç,Dahili Ekran Kartý,Onboard,4.Nesil,Intel Celeron,Yok (Free Dos),2.8 GHz,1366 x 768,Yok,4 GB,DDR4,Yok,128 GB,6 Saat ve Üstü,1.1 GHz,3.821 TL
1922,HP,,,09,Notebook,3200 MHz,Var,1 - 2 kg,Yok,14 inç,Dahili Ekran Kartý,Onboard,11.Nesil,Intel Core i5,Windows 10 Pro,4.2 GHz,1920 x 1080,Yok,8 GB,DDR4,Yok,512 GB,4 - 6 Saat,2.4 GHz,14.088 TL
1923,Lenovo,,,"9,1",Notebook,2933 MHz,Var,1 - 2 kg,Yok,"15,6 inç",Dahili Ekran Kartý,Onboard,11.Nesil,Intel Core i5,Windows 10 Home,4.2 GHz,1920 x 1080,Yok,12 GB,DDR4,Yok,2 TB,,2.4 GHz,16.139 TL
1924,Casper,4.6,40,10,Oyun Bilgisayarlarý,2933 MHz,Var,2 - 4 kg,Yok,"15,6 inç",Yüksek Seviye Harici Ekran Kartý,GDDR6,10. Nesil,Intel Core i5,Windows 11 Home,4.5 GHz,1920 x 1080,Yok,8 GB,DDR4,Yok,250 GB,,2.5 GHz,12.499 TL
1925,Lenovo,5.0,2,"9,8",Notebook,2666 MHz,Var,2 kg ve Altý,Yok,14 inç,Dahili Ekran Kartý,Onboard,11.Nesil,Intel Core i5,Yok (Free Dos),4.2 GHz,1920 x 1080,Yok,8 GB,DDR4,Yok,512 GB,,2.4 GHz,7.999 TL
1926,Lenovo,4.7,267,10,Oyun Bilgisayarlarý,3200 MHz,Var,2 - 4 kg,Yok,"15,6 inç",Yüksek Seviye Harici Ekran Kartý,GDDR6,5.Nesil,AMD Ryzen 5,Yok (Free Dos),4.2 GHz,1920 x 1080,Yok,8 GB,DDR4,Yok,512 GB,6 Saat ve Üstü,3.3 GHz,13.998 TL
1927,Lenovo,4.6,13,"9,6",Notebook,3200 MHz,Var,2 - 4 kg,Yok,14 inç,Harici Ekran Kartý,GDDR5,11.Nesil,Intel Core i5,Yok (Free Dos),4.2 GHz,1920 x 1080,Yok,8 GB,DDR4,Yok,256 GB,4 - 6 Saat,2.4 GHz,8.999 TL
1928,Monster,4.7,268,"9,9",Oyun Bilgisayarlarý,3200 MHz,Var,2 - 4 kg,Yok,"15,6 inç",Harici Ekran Kartý,GDDR6,11.Nesil,Intel Core i5,Yok (Free Dos),4.5 GHz,1920 x 1080,Yok,16 GB,DDR4,Yok,500 GB,,2.70 GHz,16.099 TL
1929,HP,5.0,15,10,Notebook,2666 MHz,Var,2 - 4 kg,Yok,"15,6 inç",Dahili Ekran Kartý,Belirtilmemiþ,11.Nesil,Intel Core i3,Windows 10 Home,4.1 GHz,1920 x 1080,Yok,4 GB,DDR4,Yok,256 GB,,1.7 GHz,6.899 TL
1930,Lenovo,4.7,146,"9,9",Notebook,Belirtilmemiþ,Var,1 - 2 kg,Yok,"15,6 inç",Dahili Ekran Kartý,Belirtilmemiþ,11.Nesil,Intel Core i5,Windows 10 Home,4.2 GHz,1920 x 1080,Yok,8 GB,Belirtilmemiþ,Yok,256 GB,6 Saat ve Üstü,2.4 GHz,11.682 TL
1931,Dell,,,"9,8",Notebook,2666 MHz,Var,1 - 2 kg,Yok,"15,6 inç",Dahili Ekran Kartý,Onboard,11.Nesil,Intel Core i7,Windows 10 Home,4.7 GHz,1920 x 1080,Yok,8 GB,DDR4,Yok,512 GB,,2.8 GHz,18.175 TL
1932,Asus,4.8,85,10,Ýkisi Bir Arada,3733 MHz,Var,1 - 2 kg,Var,"13,3 inç",Dahili Ekran Kartý,Onboard,10.Nesil,Intel Core i5,Windows 10 Home,3.7 GHz,1920 x 1080,Yok,8 GB,LPDDR4X,Yok,512 GB,,1.1 GHz,11.599 TL
1933,Dell,4.7,129,10,Oyun Bilgisayarlarý,3200 MHz,Var,2 - 4 kg,Yok,"15,6 inç",Harici Ekran Kartý,GDDR6,Ryzen,AMD Ryzen 7,Windows 11 Home,4.4 GHz,1920 x 1080,Belirtilmemiþ,16 GB,DDR4,Yok,512 GB,,3.2 GHz,19.999 TL
1934,Acer,5.0,3,,Oyun Bilgisayarlarý,Belirtilmemiþ,Var,2 kg ve Altý,Yok,"15,6 inç",Yüksek Seviye Harici Ekran Kartý,GDDR6,5.Nesil,AMD Ryzen 5,Yok (Free Dos),4.3 GHz,1920 x 1080,Yok,16 GB,DDR4,Yok,512 GB,,3.3 GHz,18.998 TL
1935,Fujitsu,,,"9,7",Notebook,3200 MHz,Var,1 - 2 kg,Yok,"15,6 inç",Dahili Ekran Kartý,Belirtilmemiþ,10.Nesil,Intel Core i5,Windows 10 Home,3.6 GHz,1920 x 1080,Yok,8 GB,DDR4,Yok,480 GB,4 - 6 Saat,1 GHz,9.327 TL
1936,Dell,4.9,65,,Oyun Bilgisayarlarý,3200 MHz,Var,2 - 4 kg,Yok,"15,6 inç",Harici Ekran Kartý,GDDR6,11.Nesil,Intel Core i7,Ubuntu,4.6 GHz,1920 x 1080,Yok,16 GB,DDR4,Yok,512 GB,,2.30 GHz,19.998 TL
1937,Monster,4.7,213,"9,9",Oyun Bilgisayarlarý,3200 MHz,Var,2 - 4 kg,Yok,"15,6 inç",Harici Ekran Kartý,GDDR6,11.Nesil,Intel Core i5,Yok (Free Dos),4.5 GHz,1920 x 1080,Yok,8 GB,DDR4,Yok,500 GB,3 Saat ve Altý,2.70 GHz,15.699 TL
1938,Huawei,4.7,154,09,Notebook,Belirtilmemiþ,Var,1 - 2 kg,Yok,"15,6 inç",Dahili Ekran Kartý,Onboard,11.Nesil,Intel Core i7,Windows 11 Home,4.7 GHz,1920 x 1080,Var,16 GB,DDR4,Yok,512 GB,,2.8 GHz,13.908 TL
1939,HONOR,4.8,48,"9,1",Notebook,Belirtilmemiþ,Var,1 - 2 kg,Yok,"15,6 inç",Dahili Ekran Kartý,Onboard,10.Nesil,Intel Core i5,Windows 10 Home,Yok,1920 x 1080,Var,8 GB,DDR4,512 GB,512 GB,,Belirtilmemiþ,8.379 TL
1940,HP,4.2,16,"9,9",Notebook,3200 MHz,Var,2 - 4 kg,Yok,"15,6 inç",Harici Ekran Kartý,GDDR6,11.Nesil,Intel Core i5,Windows 11 Home,4.4 GHz,1920 x 1080,Yok,16 GB,DDR4,Yok,512 GB,4 - 6 Saat,2.6 GHz,15.999 TL
1941,Asus,4.8,165,,Notebook,2400 MHz,Var,1 - 2 kg,Yok,"15,6 inç",Dahili Ekran Kartý,Onboard,10.Nesil,Intel Core i3,Windows 10 Home,4.1 GHz,1366 x 768,Yok,4 GB,DDR4,Yok,256 GB,,2.1 GHz,5.988 TL
1942,Dell,4.4,7,"9,7",Notebook,2666 MHz,Var,1 - 2 kg,Yok,14 inç,Harici Ekran Kartý,GDDR5,11.Nesil,Intel Core i7,Ubuntu,4.7 GHz,1920 x 1080,Yok,8 GB,DDR4,Yok,512 GB,,2.80 GHz,16.399 TL
1943,Casper,4.4,167,,Notebook,2133 MHz,Var,1 - 2 kg,Yok,14 inç,Dahili Ekran Kartý,Onboard,Yok,Intel Celeron,Windows 11 Home,2.6 GHz,1366 x 768,Yok,4 GB,DDR3,Yok,120 GB,,1.10 GHz,3.948 TL
1944,Lenovo,4.7,15,10,Notebook,3200 MHz,Var,2 kg ve Altý,Yok,14 inç,Dahili Ekran Kartý,Onboard,11.Nesil,Intel Core i5,Windows 10 Home,4.2 GHz,1920 x 1080,Yok,8 GB,DDR4,Yok,512 GB,3 Saat ve Altý,2.40 GHz,8.999 TL
1945,Lenovo,4.4,237,"9,8",Notebook,2400 MHz,Var,2 kg ve Altý,Belirtilmemiþ,14 inç,Dahili Ekran Kartý,Onboard,4.Nesil,Intel Celeron,Yok (Free Dos),2.8 GHz,1366 x 768,Yok,4 GB,DDR4,Yok,128 GB,6 Saat ve Üstü,1.1 GHz,3.821 TL
1946,HP,,,09,Notebook,3200 MHz,Var,1 - 2 kg,Yok,14 inç,Dahili Ekran Kartý,Onboard,11.Nesil,Intel Core i5,Windows 10 Pro,4.2 GHz,1920 x 1080,Yok,8 GB,DDR4,Yok,512 GB,4 - 6 Saat,2.4 GHz,14.088 TL
1947,Lenovo,,,"9,1",Notebook,2933 MHz,Var,1 - 2 kg,Yok,"15,6 inç",Dahili Ekran Kartý,Onboard,11.Nesil,Intel Core i5,Windows 10 Home,4.2 GHz,1920 x 1080,Yok,12 GB,DDR4,Yok,2 TB,,2.4 GHz,16.139 TL
1948,Casper,4.6,40,10,Oyun Bilgisayarlarý,2933 MHz,Var,2 - 4 kg,Yok,"15,6 inç",Yüksek Seviye Harici Ekran Kartý,GDDR6,10. Nesil,Intel Core i5,Windows 11 Home,4.5 GHz,1920 x 1080,Yok,8 GB,DDR4,Yok,250 GB,,2.5 GHz,12.499 TL
1949,Lenovo,5.0,2,"9,8",Notebook,2666 MHz,Var,2 kg ve Altý,Yok,14 inç,Dahili Ekran Kartý,Onboard,11.Nesil,Intel Core i5,Yok (Free Dos),4.2 GHz,1920 x 1080,Yok,8 GB,DDR4,Yok,512 GB,,2.4 GHz,7.999 TL
1950,Lenovo,4.7,267,10,Oyun Bilgisayarlarý,3200 MHz,Var,2 - 4 kg,Yok,"15,6 inç",Yüksek Seviye Harici Ekran Kartý,GDDR6,5.Nesil,AMD Ryzen 5,Yok (Free Dos),4.2 GHz,1920 x 1080,Yok,8 GB,DDR4,Yok,512 GB,6 Saat ve Üstü,3.3 GHz,13.998 TL
1951,Lenovo,4.6,13,"9,6",Notebook,3200 MHz,Var,2 - 4 kg,Yok,14 inç,Harici Ekran Kartý,GDDR5,11.Nesil,Intel Core i5,Yok (Free Dos),4.2 GHz,1920 x 1080,Yok,8 GB,DDR4,Yok,256 GB,4 - 6 Saat,2.4 GHz,8.999 TL
1952,Monster,4.7,268,"9,9",Oyun Bilgisayarlarý,3200 MHz,Var,2 - 4 kg,Yok,"15,6 inç",Harici Ekran Kartý,GDDR6,11.Nesil,Intel Core i5,Yok (Free Dos),4.5 GHz,1920 x 1080,Yok,16 GB,DDR4,Yok,500 GB,,2.70 GHz,16.099 TL
1953,HP,5.0,15,10,Notebook,2666 MHz,Var,2 - 4 kg,Yok,"15,6 inç",Dahili Ekran Kartý,Belirtilmemiþ,11.Nesil,Intel Core i3,Windows 10 Home,4.1 GHz,1920 x 1080,Yok,4 GB,DDR4,Yok,256 GB,,1.7 GHz,6.899 TL
1954,Lenovo,4.7,146,"9,9",Notebook,Belirtilmemiþ,Var,1 - 2 kg,Yok,"15,6 inç",Dahili Ekran Kartý,Belirtilmemiþ,11.Nesil,Intel Core i5,Windows 10 Home,4.2 GHz,1920 x 1080,Yok,8 GB,Belirtilmemiþ,Yok,256 GB,6 Saat ve Üstü,2.4 GHz,11.682 TL
1955,Dell,,,"9,8",Notebook,2666 MHz,Var,1 - 2 kg,Yok,"15,6 inç",Dahili Ekran Kartý,Onboard,11.Nesil,Intel Core i7,Windows 10 Home,4.7 GHz,1920 x 1080,Yok,8 GB,DDR4,Yok,512 GB,,2.8 GHz,18.175 TL
1956,Asus,4.8,85,10,Ýkisi Bir Arada,3733 MHz,Var,1 - 2 kg,Var,"13,3 inç",Dahili Ekran Kartý,Onboard,10.Nesil,Intel Core i5,Windows 10 Home,3.7 GHz,1920 x 1080,Yok,8 GB,LPDDR4X,Yok,512 GB,,1.1 GHz,11.599 TL
1957,Dell,4.7,129,10,Oyun Bilgisayarlarý,3200 MHz,Var,2 - 4 kg,Yok,"15,6 inç",Harici Ekran Kartý,GDDR6,Ryzen,AMD Ryzen 7,Windows 11 Home,4.4 GHz,1920 x 1080,Belirtilmemiþ,16 GB,DDR4,Yok,512 GB,,3.2 GHz,19.999 TL
1958,Acer,5.0,3,,Oyun Bilgisayarlarý,Belirtilmemiþ,Var,2 kg ve Altý,Yok,"15,6 inç",Yüksek Seviye Harici Ekran Kartý,GDDR6,5.Nesil,AMD Ryzen 5,Yok (Free Dos),4.3 GHz,1920 x 1080,Yok,16 GB,DDR4,Yok,512 GB,,3.3 GHz,18.998 TL
1959,Fujitsu,,,"9,7",Notebook,3200 MHz,Var,1 - 2 kg,Yok,"15,6 inç",Dahili Ekran Kartý,Belirtilmemiþ,10.Nesil,Intel Core i5,Windows 10 Home,3.6 GHz,1920 x 1080,Yok,8 GB,DDR4,Yok,480 GB,4 - 6 Saat,1 GHz,9.327 TL
1960,Dell,4.9,65,,Oyun Bilgisayarlarý,3200 MHz,Var,2 - 4 kg,Yok,"15,6 inç",Harici Ekran Kartý,GDDR6,11.Nesil,Intel Core i7,Ubuntu,4.6 GHz,1920 x 1080,Yok,16 GB,DDR4,Yok,512 GB,,2.30 GHz,19.998 TL
1961,Monster,4.7,213,"9,9",Oyun Bilgisayarlarý,3200 MHz,Var,2 - 4 kg,Yok,"15,6 inç",Harici Ekran Kartý,GDDR6,11.Nesil,Intel Core i5,Yok (Free Dos),4.5 GHz,1920 x 1080,Yok,8 GB,DDR4,Yok,500 GB,3 Saat ve Altý,2.70 GHz,15.699 TL
1962,Huawei,4.7,154,09,Notebook,Belirtilmemiþ,Var,1 - 2 kg,Yok,"15,6 inç",Dahili Ekran Kartý,Onboard,11.Nesil,Intel Core i7,Windows 11 Home,4.7 GHz,1920 x 1080,Var,16 GB,DDR4,Yok,512 GB,,2.8 GHz,13.908 TL
1963,HONOR,4.8,48,"9,1",Notebook,Belirtilmemiþ,Var,1 - 2 kg,Yok,"15,6 inç",Dahili Ekran Kartý,Onboard,10.Nesil,Intel Core i5,Windows 10 Home,Yok,1920 x 1080,Var,8 GB,DDR4,512 GB,512 GB,,Belirtilmemiþ,8.379 TL
1964,HP,4.2,16,"9,9",Notebook,3200 MHz,Var,2 - 4 kg,Yok,"15,6 inç",Harici Ekran Kartý,GDDR6,11.Nesil,Intel Core i5,Windows 11 Home,4.4 GHz,1920 x 1080,Yok,16 GB,DDR4,Yok,512 GB,4 - 6 Saat,2.6 GHz,15.999 TL
1965,Asus,4.8,165,,Notebook,2400 MHz,Var,1 - 2 kg,Yok,"15,6 inç",Dahili Ekran Kartý,Onboard,10.Nesil,Intel Core i3,Windows 10 Home,4.1 GHz,1366 x 768,Yok,4 GB,DDR4,Yok,256 GB,,2.1 GHz,5.988 TL
1966,Dell,4.4,7,"9,7",Notebook,2666 MHz,Var,1 - 2 kg,Yok,14 inç,Harici Ekran Kartý,GDDR5,11.Nesil,Intel Core i7,Ubuntu,4.7 GHz,1920 x 1080,Yok,8 GB,DDR4,Yok,512 GB,,2.80 GHz,16.399 TL
1967,Casper,4.4,167,,Notebook,2133 MHz,Var,1 - 2 kg,Yok,14 inç,Dahili Ekran Kartý,Onboard,Yok,Intel Celeron,Windows 11 Home,2.6 GHz,1366 x 768,Yok,4 GB,DDR3,Yok,120 GB,,1.10 GHz,3.948 TL
1968,Lenovo,4.7,15,10,Notebook,3200 MHz,Var,2 kg ve Altý,Yok,14 inç,Dahili Ekran Kartý,Onboard,11.Nesil,Intel Core i5,Windows 10 Home,4.2 GHz,1920 x 1080,Yok,8 GB,DDR4,Yok,512 GB,3 Saat ve Altý,2.40 GHz,8.999 TL
1969,Lenovo,4.4,237,"9,8",Notebook,2400 MHz,Var,2 kg ve Altý,Belirtilmemiþ,14 inç,Dahili Ekran Kartý,Onboard,4.Nesil,Intel Celeron,Yok (Free Dos),2.8 GHz,1366 x 768,Yok,4 GB,DDR4,Yok,128 GB,6 Saat ve Üstü,1.1 GHz,3.821 TL
1970,HP,5.0,15,10,Notebook,2666 MHz,Var,2 - 4 kg,Yok,"15,6 inç",Dahili Ekran Kartý,Belirtilmemiþ,11.Nesil,Intel Core i3,Windows 10 Home,4.1 GHz,1920 x 1080,Yok,4 GB,DDR4,Yok,256 GB,,1.7 GHz,6.899 TL
1971,Casper,4.6,40,10,Oyun Bilgisayarlarý,2933 MHz,Var,2 - 4 kg,Yok,"15,6 inç",Yüksek Seviye Harici Ekran Kartý,GDDR6,10. Nesil,Intel Core i5,Windows 11 Home,4.5 GHz,1920 x 1080,Yok,8 GB,DDR4,Yok,250 GB,,2.5 GHz,12.499 TL
1972,Lenovo,5.0,2,"9,8",Notebook,2666 MHz,Var,2 kg ve Altý,Yok,14 inç,Dahili Ekran Kartý,Onboard,11.Nesil,Intel Core i5,Yok (Free Dos),4.2 GHz,1920 x 1080,Yok,8 GB,DDR4,Yok,512 GB,,2.4 GHz,7.999 TL
1973,Lenovo,,,"9,1",Notebook,2933 MHz,Var,1 - 2 kg,Yok,"15,6 inç",Dahili Ekran Kartý,Onboard,11.Nesil,Intel Core i5,Windows 10 Home,4.2 GHz,1920 x 1080,Yok,12 GB,DDR4,Yok,2 TB,,2.4 GHz,16.139 TL
1974,Lenovo,4.7,267,10,Oyun Bilgisayarlarý,3200 MHz,Var,2 - 4 kg,Yok,"15,6 inç",Yüksek Seviye Harici Ekran Kartý,GDDR6,5.Nesil,AMD Ryzen 5,Yok (Free Dos),4.2 GHz,1920 x 1080,Yok,8 GB,DDR4,Yok,512 GB,6 Saat ve Üstü,3.3 GHz,13.998 TL
1975,Lenovo,4.6,13,"9,6",Notebook,3200 MHz,Var,2 - 4 kg,Yok,14 inç,Harici Ekran Kartý,GDDR5,11.Nesil,Intel Core i5,Yok (Free Dos),4.2 GHz,1920 x 1080,Yok,8 GB,DDR4,Yok,256 GB,4 - 6 Saat,2.4 GHz,8.999 TL
1976,Monster,4.7,268,"9,9",Oyun Bilgisayarlarý,3200 MHz,Var,2 - 4 kg,Yok,"15,6 inç",Harici Ekran Kartý,GDDR6,11.Nesil,Intel Core i5,Yok (Free Dos),4.5 GHz,1920 x 1080,Yok,16 GB,DDR4,Yok,500 GB,,2.70 GHz,16.099 TL
1977,Lenovo,4.7,146,"9,9",Notebook,Belirtilmemiþ,Var,1 - 2 kg,Yok,"15,6 inç",Dahili Ekran Kartý,Belirtilmemiþ,11.Nesil,Intel Core i5,Windows 10 Home,4.2 GHz,1920 x 1080,Yok,8 GB,Belirtilmemiþ,Yok,256 GB,6 Saat ve Üstü,2.4 GHz,11.682 TL
1978,HP,,,09,Notebook,3200 MHz,Var,1 - 2 kg,Yok,14 inç,Dahili Ekran Kartý,Onboard,11.Nesil,Intel Core i5,Windows 10 Pro,4.2 GHz,1920 x 1080,Yok,8 GB,DDR4,Yok,512 GB,4 - 6 Saat,2.4 GHz,14.088 TL
1979,Dell,,,"9,8",Notebook,2666 MHz,Var,1 - 2 kg,Yok,"15,6 inç",Dahili Ekran Kartý,Onboard,11.Nesil,Intel Core i7,Windows 10 Home,4.7 GHz,1920 x 1080,Yok,8 GB,DDR4,Yok,512 GB,,2.8 GHz,18.175 TL
1980,Asus,4.8,85,10,Ýkisi Bir Arada,3733 MHz,Var,1 - 2 kg,Var,"13,3 inç",Dahili Ekran Kartý,Onboard,10.Nesil,Intel Core i5,Windows 10 Home,3.7 GHz,1920 x 1080,Yok,8 GB,LPDDR4X,Yok,512 GB,,1.1 GHz,11.599 TL
1981,Dell,4.7,129,10,Oyun Bilgisayarlarý,3200 MHz,Var,2 - 4 kg,Yok,"15,6 inç",Harici Ekran Kartý,GDDR6,Ryzen,AMD Ryzen 7,Windows 11 Home,4.4 GHz,1920 x 1080,Belirtilmemiþ,16 GB,DDR4,Yok,512 GB,,3.2 GHz,19.999 TL
1982,Acer,5.0,3,,Oyun Bilgisayarlarý,Belirtilmemiþ,Var,2 kg ve Altý,Yok,"15,6 inç",Yüksek Seviye Harici Ekran Kartý,GDDR6,5.Nesil,AMD Ryzen 5,Yok (Free Dos),4.3 GHz,1920 x 1080,Yok,16 GB,DDR4,Yok,512 GB,,3.3 GHz,18.998 TL
1983,Dell,4.9,65,,Oyun Bilgisayarlarý,3200 MHz,Var,2 - 4 kg,Yok,"15,6 inç",Harici Ekran Kartý,GDDR6,11.Nesil,Intel Core i7,Ubuntu,4.6 GHz,1920 x 1080,Yok,16 GB,DDR4,Yok,512 GB,,2.30 GHz,19.998 TL
1984,Monster,4.7,213,"9,9",Oyun Bilgisayarlarý,3200 MHz,Var,2 - 4 kg,Yok,"15,6 inç",Harici Ekran Kartý,GDDR6,11.Nesil,Intel Core i5,Yok (Free Dos),4.5 GHz,1920 x 1080,Yok,8 GB,DDR4,Yok,500 GB,3 Saat ve Altý,2.70 GHz,15.699 TL
1985,Fujitsu,,,"9,7",Notebook,3200 MHz,Var,1 - 2 kg,Yok,"15,6 inç",Dahili Ekran Kartý,Belirtilmemiþ,10.Nesil,Intel Core i5,Windows 10 Home,3.6 GHz,1920 x 1080,Yok,8 GB,DDR4,Yok,480 GB,4 - 6 Saat,1 GHz,9.327 TL
1986,Huawei,4.7,154,09,Notebook,Belirtilmemiþ,Var,1 - 2 kg,Yok,"15,6 inç",Dahili Ekran Kartý,Onboard,11.Nesil,Intel Core i7,Windows 11 Home,4.7 GHz,1920 x 1080,Var,16 GB,DDR4,Yok,512 GB,,2.8 GHz,13.908 TL
1987,HONOR,4.8,48,"9,1",Notebook,Belirtilmemiþ,Var,1 - 2 kg,Yok,"15,6 inç",Dahili Ekran Kartý,Onboard,10.Nesil,Intel Core i5,Windows 10 Home,Yok,1920 x 1080,Var,8 GB,DDR4,512 GB,512 GB,,Belirtilmemiþ,8.379 TL
1988,HP,4.2,16,"9,9",Notebook,3200 MHz,Var,2 - 4 kg,Yok,"15,6 inç",Harici Ekran Kartý,GDDR6,11.Nesil,Intel Core i5,Windows 11 Home,4.4 GHz,1920 x 1080,Yok,16 GB,DDR4,Yok,512 GB,4 - 6 Saat,2.6 GHz,15.999 TL
1989,Asus,4.8,165,,Notebook,2400 MHz,Var,1 - 2 kg,Yok,"15,6 inç",Dahili Ekran Kartý,Onboard,10.Nesil,Intel Core i3,Windows 10 Home,4.1 GHz,1366 x 768,Yok,4 GB,DDR4,Yok,256 GB,,2.1 GHz,5.988 TL
1990,Dell,4.4,7,"9,7",Notebook,2666 MHz,Var,1 - 2 kg,Yok,14 inç,Harici Ekran Kartý,GDDR5,11.Nesil,Intel Core i7,Ubuntu,4.7 GHz,1920 x 1080,Yok,8 GB,DDR4,Yok,512 GB,,2.80 GHz,16.399 TL
1991,Casper,4.4,167,,Notebook,2133 MHz,Var,1 - 2 kg,Yok,14 inç,Dahili Ekran Kartý,Onboard,Yok,Intel Celeron,Windows 11 Home,2.6 GHz,1366 x 768,Yok,4 GB,DDR3,Yok,120 GB,,1.10 GHz,3.948 TL
1992,Lenovo,4.7,15,10,Notebook,3200 MHz,Var,2 kg ve Altý,Yok,14 inç,Dahili Ekran Kartý,Onboard,11.Nesil,Intel Core i5,Windows 10 Home,4.2 GHz,1920 x 1080,Yok,8 GB,DDR4,Yok,512 GB,3 Saat ve Altý,2.40 GHz,8.999 TL
1993,Lenovo,4.4,237,"9,8",Notebook,2400 MHz,Var,2 kg ve Altý,Belirtilmemiþ,14 inç,Dahili Ekran Kartý,Onboard,4.Nesil,Intel Celeron,Yok (Free Dos),2.8 GHz,1366 x 768,Yok,4 GB,DDR4,Yok,128 GB,6 Saat ve Üstü,1.1 GHz,3.821 TL
1994,HP,,,09,Notebook,3200 MHz,Var,1 - 2 kg,Yok,14 inç,Dahili Ekran Kartý,Onboard,11.Nesil,Intel Core i5,Windows 10 Pro,4.2 GHz,1920 x 1080,Yok,8 GB,DDR4,Yok,512 GB,4 - 6 Saat,2.4 GHz,14.088 TL
1995,Casper,4.6,40,10,Oyun Bilgisayarlarý,2933 MHz,Var,2 - 4 kg,Yok,"15,6 inç",Yüksek Seviye Harici Ekran Kartý,GDDR6,10. Nesil,Intel Core i5,Windows 11 Home,4.5 GHz,1920 x 1080,Yok,8 GB,DDR4,Yok,250 GB,,2.5 GHz,12.499 TL
1996,Lenovo,5.0,2,"9,8",Notebook,2666 MHz,Var,2 kg ve Altý,Yok,14 inç,Dahili Ekran Kartý,Onboard,11.Nesil,Intel Core i5,Yok (Free Dos),4.2 GHz,1920 x 1080,Yok,8 GB,DDR4,Yok,512 GB,,2.4 GHz,7.999 TL
1997,Lenovo,,,"9,1",Notebook,2933 MHz,Var,1 - 2 kg,Yok,"15,6 inç",Dahili Ekran Kartý,Onboard,11.Nesil,Intel Core i5,Windows 10 Home,4.2 GHz,1920 x 1080,Yok,12 GB,DDR4,Yok,2 TB,,2.4 GHz,16.139 TL
1998,Lenovo,4.7,267,10,Oyun Bilgisayarlarý,3200 MHz,Var,2 - 4 kg,Yok,"15,6 inç",Yüksek Seviye Harici Ekran Kartý,GDDR6,5.Nesil,AMD Ryzen 5,Yok (Free Dos),4.2 GHz,1920 x 1080,Yok,8 GB,DDR4,Yok,512 GB,6 Saat ve Üstü,3.3 GHz,13.998 TL
1999,Lenovo,4.6,13,"9,6",Notebook,3200 MHz,Var,2 - 4 kg,Yok,14 inç,Harici Ekran Kartý,GDDR5,11.Nesil,Intel Core i5,Yok (Free Dos),4.2 GHz,1920 x 1080,Yok,8 GB,DDR4,Yok,256 GB,4 - 6 Saat,2.4 GHz,8.999 TL
2000,Monster,4.7,268,"9,9",Oyun Bilgisayarlarý,3200 MHz,Var,2 - 4 kg,Yok,"15,6 inç",Harici Ekran Kartý,GDDR6,11.Nesil,Intel Core i5,Yok (Free Dos),4.5 GHz,1920 x 1080,Yok,16 GB,DDR4,Yok,500 GB,,2.70 GHz,16.099 TL
2001,HP,5.0,15,10,Notebook,2666 MHz,Var,2 - 4 kg,Yok,"15,6 inç",Dahili Ekran Kartý,Belirtilmemiþ,11.Nesil,Intel Core i3,Windows 10 Home,4.1 GHz,1920 x 1080,Yok,4 GB,DDR4,Yok,256 GB,,1.7 GHz,6.899 TL
2002,Dell,,,"9,8",Notebook,2666 MHz,Var,1 - 2 kg,Yok,"15,6 inç",Dahili Ekran Kartý,Onboard,11.Nesil,Intel Core i7,Windows 10 Home,4.7 GHz,1920 x 1080,Yok,8 GB,DDR4,Yok,512 GB,,2.8 GHz,18.175 TL
2003,Lenovo,4.7,146,"9,9",Notebook,Belirtilmemiþ,Var,1 - 2 kg,Yok,"15,6 inç",Dahili Ekran Kartý,Belirtilmemiþ,11.Nesil,Intel Core i5,Windows 10 Home,4.2 GHz,1920 x 1080,Yok,8 GB,Belirtilmemiþ,Yok,256 GB,6 Saat ve Üstü,2.4 GHz,11.682 TL
2004,Asus,4.8,85,10,Ýkisi Bir Arada,3733 MHz,Var,1 - 2 kg,Var,"13,3 inç",Dahili Ekran Kartý,Onboard,10.Nesil,Intel Core i5,Windows 10 Home,3.7 GHz,1920 x 1080,Yok,8 GB,LPDDR4X,Yok,512 GB,,1.1 GHz,11.599 TL
2005,Dell,4.7,129,10,Oyun Bilgisayarlarý,3200 MHz,Var,2 - 4 kg,Yok,"15,6 inç",Harici Ekran Kartý,GDDR6,Ryzen,AMD Ryzen 7,Windows 11 Home,4.4 GHz,1920 x 1080,Belirtilmemiþ,16 GB,DDR4,Yok,512 GB,,3.2 GHz,19.999 TL
2006,Acer,5.0,3,,Oyun Bilgisayarlarý,Belirtilmemiþ,Var,2 kg ve Altý,Yok,"15,6 inç",Yüksek Seviye Harici Ekran Kartý,GDDR6,5.Nesil,AMD Ryzen 5,Yok (Free Dos),4.3 GHz,1920 x 1080,Yok,16 GB,DDR4,Yok,512 GB,,3.3 GHz,18.998 TL
2007,Dell,4.9,65,,Oyun Bilgisayarlarý,3200 MHz,Var,2 - 4 kg,Yok,"15,6 inç",Harici Ekran Kartý,GDDR6,11.Nesil,Intel Core i7,Ubuntu,4.6 GHz,1920 x 1080,Yok,16 GB,DDR4,Yok,512 GB,,2.30 GHz,19.998 TL
2008,Fujitsu,,,"9,7",Notebook,3200 MHz,Var,1 - 2 kg,Yok,"15,6 inç",Dahili Ekran Kartý,Belirtilmemiþ,10.Nesil,Intel Core i5,Windows 10 Home,3.6 GHz,1920 x 1080,Yok,8 GB,DDR4,Yok,480 GB,4 - 6 Saat,1 GHz,9.327 TL
2009,Monster,4.7,213,"9,9",Oyun Bilgisayarlarý,3200 MHz,Var,2 - 4 kg,Yok,"15,6 inç",Harici Ekran Kartý,GDDR6,11.Nesil,Intel Core i5,Yok (Free Dos),4.5 GHz,1920 x 1080,Yok,8 GB,DDR4,Yok,500 GB,3 Saat ve Altý,2.70 GHz,15.699 TL
2010,Huawei,4.7,154,09,Notebook,Belirtilmemiþ,Var,1 - 2 kg,Yok,"15,6 inç",Dahili Ekran Kartý,Onboard,11.Nesil,Intel Core i7,Windows 11 Home,4.7 GHz,1920 x 1080,Var,16 GB,DDR4,Yok,512 GB,,2.8 GHz,13.908 TL
2011,HONOR,4.8,48,"9,1",Notebook,Belirtilmemiþ,Var,1 - 2 kg,Yok,"15,6 inç",Dahili Ekran Kartý,Onboard,10.Nesil,Intel Core i5,Windows 10 Home,Yok,1920 x 1080,Var,8 GB,DDR4,512 GB,512 GB,,Belirtilmemiþ,8.379 TL
2012,HP,4.2,16,"9,9",Notebook,3200 MHz,Var,2 - 4 kg,Yok,"15,6 inç",Harici Ekran Kartý,GDDR6,11.Nesil,Intel Core i5,Windows 11 Home,4.4 GHz,1920 x 1080,Yok,16 GB,DDR4,Yok,512 GB,4 - 6 Saat,2.6 GHz,15.999 TL
2013,Asus,4.8,165,,Notebook,2400 MHz,Var,1 - 2 kg,Yok,"15,6 inç",Dahili Ekran Kartý,Onboard,10.Nesil,Intel Core i3,Windows 10 Home,4.1 GHz,1366 x 768,Yok,4 GB,DDR4,Yok,256 GB,,2.1 GHz,5.988 TL
2014,Dell,4.4,7,"9,7",Notebook,2666 MHz,Var,1 - 2 kg,Yok,14 inç,Harici Ekran Kartý,GDDR5,11.Nesil,Intel Core i7,Ubuntu,4.7 GHz,1920 x 1080,Yok,8 GB,DDR4,Yok,512 GB,,2.80 GHz,16.399 TL
2015,Casper,4.4,167,,Notebook,2133 MHz,Var,1 - 2 kg,Yok,14 inç,Dahili Ekran Kartý,Onboard,Yok,Intel Celeron,Windows 11 Home,2.6 GHz,1366 x 768,Yok,4 GB,DDR3,Yok,120 GB,,1.10 GHz,3.948 TL
2016,Lenovo,4.7,15,10,Notebook,3200 MHz,Var,2 kg ve Altý,Yok,14 inç,Dahili Ekran Kartý,Onboard,11.Nesil,Intel Core i5,Windows 10 Home,4.2 GHz,1920 x 1080,Yok,8 GB,DDR4,Yok,512 GB,3 Saat ve Altý,2.40 GHz,8.999 TL
2017,Lenovo,4.4,237,"9,8",Notebook,2400 MHz,Var,2 kg ve Altý,Belirtilmemiþ,14 inç,Dahili Ekran Kartý,Onboard,4.Nesil,Intel Celeron,Yok (Free Dos),2.8 GHz,1366 x 768,Yok,4 GB,DDR4,Yok,128 GB,6 Saat ve Üstü,1.1 GHz,3.821 TL
2018,HP,,,09,Notebook,3200 MHz,Var,1 - 2 kg,Yok,14 inç,Dahili Ekran Kartý,Onboard,11.Nesil,Intel Core i5,Windows 10 Pro,4.2 GHz,1920 x 1080,Yok,8 GB,DDR4,Yok,512 GB,4 - 6 Saat,2.4 GHz,14.088 TL
2019,Casper,4.6,40,10,Oyun Bilgisayarlarý,2933 MHz,Var,2 - 4 kg,Yok,"15,6 inç",Yüksek Seviye Harici Ekran Kartý,GDDR6,10. Nesil,Intel Core i5,Windows 11 Home,4.5 GHz,1920 x 1080,Yok,8 GB,DDR4,Yok,250 GB,,2.5 GHz,12.499 TL
2020,Lenovo,5.0,2,"9,8",Notebook,2666 MHz,Var,2 kg ve Altý,Yok,14 inç,Dahili Ekran Kartý,Onboard,11.Nesil,Intel Core i5,Yok (Free Dos),4.2 GHz,1920 x 1080,Yok,8 GB,DDR4,Yok,512 GB,,2.4 GHz,7.999 TL
2021,Lenovo,,,"9,1",Notebook,2933 MHz,Var,1 - 2 kg,Yok,"15,6 inç",Dahili Ekran Kartý,Onboard,11.Nesil,Intel Core i5,Windows 10 Home,4.2 GHz,1920 x 1080,Yok,12 GB,DDR4,Yok,2 TB,,2.4 GHz,16.139 TL
2022,Lenovo,4.7,267,10,Oyun Bilgisayarlarý,3200 MHz,Var,2 - 4 kg,Yok,"15,6 inç",Yüksek Seviye Harici Ekran Kartý,GDDR6,5.Nesil,AMD Ryzen 5,Yok (Free Dos),4.2 GHz,1920 x 1080,Yok,8 GB,DDR4,Yok,512 GB,6 Saat ve Üstü,3.3 GHz,13.998 TL
2023,Lenovo,4.6,13,"9,6",Notebook,3200 MHz,Var,2 - 4 kg,Yok,14 inç,Harici Ekran Kartý,GDDR5,11.Nesil,Intel Core i5,Yok (Free Dos),4.2 GHz,1920 x 1080,Yok,8 GB,DDR4,Yok,256 GB,4 - 6 Saat,2.4 GHz,8.999 TL
2024,Monster,4.7,268,"9,9",Oyun Bilgisayarlarý,3200 MHz,Var,2 - 4 kg,Yok,"15,6 inç",Harici Ekran Kartý,GDDR6,11.Nesil,Intel Core i5,Yok (Free Dos),4.5 GHz,1920 x 1080,Yok,16 GB,DDR4,Yok,500 GB,,2.70 GHz,16.099 TL
2025,HP,5.0,15,10,Notebook,2666 MHz,Var,2 - 4 kg,Yok,"15,6 inç",Dahili Ekran Kartý,Belirtilmemiþ,11.Nesil,Intel Core i3,Windows 10 Home,4.1 GHz,1920 x 1080,Yok,4 GB,DDR4,Yok,256 GB,,1.7 GHz,6.899 TL
2026,Dell,,,"9,8",Notebook,2666 MHz,Var,1 - 2 kg,Yok,"15,6 inç",Dahili Ekran Kartý,Onboard,11.Nesil,Intel Core i7,Windows 10 Home,4.7 GHz,1920 x 1080,Yok,8 GB,DDR4,Yok,512 GB,,2.8 GHz,18.175 TL
2027,Lenovo,4.7,146,"9,9",Notebook,Belirtilmemiþ,Var,1 - 2 kg,Yok,"15,6 inç",Dahili Ekran Kartý,Belirtilmemiþ,11.Nesil,Intel Core i5,Windows 10 Home,4.2 GHz,1920 x 1080,Yok,8 GB,Belirtilmemiþ,Yok,256 GB,6 Saat ve Üstü,2.4 GHz,11.682 TL
2028,Asus,4.8,85,10,Ýkisi Bir Arada,3733 MHz,Var,1 - 2 kg,Var,"13,3 inç",Dahili Ekran Kartý,Onboard,10.Nesil,Intel Core i5,Windows 10 Home,3.7 GHz,1920 x 1080,Yok,8 GB,LPDDR4X,Yok,512 GB,,1.1 GHz,11.599 TL
2029,Dell,4.7,129,10,Oyun Bilgisayarlarý,3200 MHz,Var,2 - 4 kg,Yok,"15,6 inç",Harici Ekran Kartý,GDDR6,Ryzen,AMD Ryzen 7,Windows 11 Home,4.4 GHz,1920 x 1080,Belirtilmemiþ,16 GB,DDR4,Yok,512 GB,,3.2 GHz,19.999 TL
2030,Acer,5.0,3,,Oyun Bilgisayarlarý,Belirtilmemiþ,Var,2 kg ve Altý,Yok,"15,6 inç",Yüksek Seviye Harici Ekran Kartý,GDDR6,5.Nesil,AMD Ryzen 5,Yok (Free Dos),4.3 GHz,1920 x 1080,Yok,16 GB,DDR4,Yok,512 GB,,3.3 GHz,18.998 TL
2031,Dell,4.9,65,,Oyun Bilgisayarlarý,3200 MHz,Var,2 - 4 kg,Yok,"15,6 inç",Harici Ekran Kartý,GDDR6,11.Nesil,Intel Core i7,Ubuntu,4.6 GHz,1920 x 1080,Yok,16 GB,DDR4,Yok,512 GB,,2.30 GHz,19.998 TL
2032,Fujitsu,,,"9,7",Notebook,3200 MHz,Var,1 - 2 kg,Yok,"15,6 inç",Dahili Ekran Kartý,Belirtilmemiþ,10.Nesil,Intel Core i5,Windows 10 Home,3.6 GHz,1920 x 1080,Yok,8 GB,DDR4,Yok,480 GB,4 - 6 Saat,1 GHz,9.327 TL
2033,Monster,4.7,213,"9,9",Oyun Bilgisayarlarý,3200 MHz,Var,2 - 4 kg,Yok,"15,6 inç",Harici Ekran Kartý,GDDR6,11.Nesil,Intel Core i5,Yok (Free Dos),4.5 GHz,1920 x 1080,Yok,8 GB,DDR4,Yok,500 GB,3 Saat ve Altý,2.70 GHz,15.699 TL
2034,Huawei,4.7,154,09,Notebook,Belirtilmemiþ,Var,1 - 2 kg,Yok,"15,6 inç",Dahili Ekran Kartý,Onboard,11.Nesil,Intel Core i7,Windows 11 Home,4.7 GHz,1920 x 1080,Var,16 GB,DDR4,Yok,512 GB,,2.8 GHz,13.908 TL
2035,HONOR,4.8,48,"9,1",Notebook,Belirtilmemiþ,Var,1 - 2 kg,Yok,"15,6 inç",Dahili Ekran Kartý,Onboard,10.Nesil,Intel Core i5,Windows 10 Home,Yok,1920 x 1080,Var,8 GB,DDR4,512 GB,512 GB,,Belirtilmemiþ,8.379 TL
2036,HP,4.2,16,"9,9",Notebook,3200 MHz,Var,2 - 4 kg,Yok,"15,6 inç",Harici Ekran Kartý,GDDR6,11.Nesil,Intel Core i5,Windows 11 Home,4.4 GHz,1920 x 1080,Yok,16 GB,DDR4,Yok,512 GB,4 - 6 Saat,2.6 GHz,15.999 TL
2037,Asus,4.8,165,,Notebook,2400 MHz,Var,1 - 2 kg,Yok,"15,6 inç",Dahili Ekran Kartý,Onboard,10.Nesil,Intel Core i3,Windows 10 Home,4.1 GHz,1366 x 768,Yok,4 GB,DDR4,Yok,256 GB,,2.1 GHz,5.988 TL
2038,Dell,4.4,7,"9,7",Notebook,2666 MHz,Var,1 - 2 kg,Yok,14 inç,Harici Ekran Kartý,GDDR5,11.Nesil,Intel Core i7,Ubuntu,4.7 GHz,1920 x 1080,Yok,8 GB,DDR4,Yok,512 GB,,2.80 GHz,16.399 TL
2039,Casper,4.4,167,,Notebook,2133 MHz,Var,1 - 2 kg,Yok,14 inç,Dahili Ekran Kartý,Onboard,Yok,Intel Celeron,Windows 11 Home,2.6 GHz,1366 x 768,Yok,4 GB,DDR3,Yok,120 GB,,1.10 GHz,3.948 TL
2040,Lenovo,4.7,15,10,Notebook,3200 MHz,Var,2 kg ve Altý,Yok,14 inç,Dahili Ekran Kartý,Onboard,11.Nesil,Intel Core i5,Windows 10 Home,4.2 GHz,1920 x 1080,Yok,8 GB,DDR4,Yok,512 GB,3 Saat ve Altý,2.40 GHz,8.999 TL
2041,Lenovo,4.4,237,"9,8",Notebook,2400 MHz,Var,2 kg ve Altý,Belirtilmemiþ,14 inç,Dahili Ekran Kartý,Onboard,4.Nesil,Intel Celeron,Yok (Free Dos),2.8 GHz,1366 x 768,Yok,4 GB,DDR4,Yok,128 GB,6 Saat ve Üstü,1.1 GHz,3.821 TL
2042,HP,5.0,15,10,Notebook,2666 MHz,Var,2 - 4 kg,Yok,"15,6 inç",Dahili Ekran Kartý,Belirtilmemiþ,11.Nesil,Intel Core i3,Windows 10 Home,4.1 GHz,1920 x 1080,Yok,4 GB,DDR4,Yok,256 GB,,1.7 GHz,6.899 TL
2043,Casper,4.6,40,10,Oyun Bilgisayarlarý,2933 MHz,Var,2 - 4 kg,Yok,"15,6 inç",Yüksek Seviye Harici Ekran Kartý,GDDR6,10. Nesil,Intel Core i5,Windows 11 Home,4.5 GHz,1920 x 1080,Yok,8 GB,DDR4,Yok,250 GB,,2.5 GHz,12.499 TL
2044,Lenovo,5.0,2,"9,8",Notebook,2666 MHz,Var,2 kg ve Altý,Yok,14 inç,Dahili Ekran Kartý,Onboard,11.Nesil,Intel Core i5,Yok (Free Dos),4.2 GHz,1920 x 1080,Yok,8 GB,DDR4,Yok,512 GB,,2.4 GHz,7.999 TL
2045,Lenovo,,,"9,1",Notebook,2933 MHz,Var,1 - 2 kg,Yok,"15,6 inç",Dahili Ekran Kartý,Onboard,11.Nesil,Intel Core i5,Windows 10 Home,4.2 GHz,1920 x 1080,Yok,12 GB,DDR4,Yok,2 TB,,2.4 GHz,16.139 TL
2046,Lenovo,4.7,267,10,Oyun Bilgisayarlarý,3200 MHz,Var,2 - 4 kg,Yok,"15,6 inç",Yüksek Seviye Harici Ekran Kartý,GDDR6,5.Nesil,AMD Ryzen 5,Yok (Free Dos),4.2 GHz,1920 x 1080,Yok,8 GB,DDR4,Yok,512 GB,6 Saat ve Üstü,3.3 GHz,13.998 TL
2047,Lenovo,4.6,13,"9,6",Notebook,3200 MHz,Var,2 - 4 kg,Yok,14 inç,Harici Ekran Kartý,GDDR5,11.Nesil,Intel Core i5,Yok (Free Dos),4.2 GHz,1920 x 1080,Yok,8 GB,DDR4,Yok,256 GB,4 - 6 Saat,2.4 GHz,8.999 TL
2048,Monster,4.7,268,"9,9",Oyun Bilgisayarlarý,3200 MHz,Var,2 - 4 kg,Yok,"15,6 inç",Harici Ekran Kartý,GDDR6,11.Nesil,Intel Core i5,Yok (Free Dos),4.5 GHz,1920 x 1080,Yok,16 GB,DDR4,Yok,500 GB,,2.70 GHz,16.099 TL
2049,Lenovo,4.7,146,"9,9",Notebook,Belirtilmemiþ,Var,1 - 2 kg,Yok,"15,6 inç",Dahili Ekran Kartý,Belirtilmemiþ,11.Nesil,Intel Core i5,Windows 10 Home,4.2 GHz,1920 x 1080,Yok,8 GB,Belirtilmemiþ,Yok,256 GB,6 Saat ve Üstü,2.4 GHz,11.682 TL
2050,HP,,,09,Notebook,3200 MHz,Var,1 - 2 kg,Yok,14 inç,Dahili Ekran Kartý,Onboard,11.Nesil,Intel Core i5,Windows 10 Pro,4.2 GHz,1920 x 1080,Yok,8 GB,DDR4,Yok,512 GB,4 - 6 Saat,2.4 GHz,14.088 TL
2051,Dell,,,"9,8",Notebook,2666 MHz,Var,1 - 2 kg,Yok,"15,6 inç",Dahili Ekran Kartý,Onboard,11.Nesil,Intel Core i7,Windows 10 Home,4.7 GHz,1920 x 1080,Yok,8 GB,DDR4,Yok,512 GB,,2.8 GHz,18.175 TL
2052,Asus,4.8,85,10,Ýkisi Bir Arada,3733 MHz,Var,1 - 2 kg,Var,"13,3 inç",Dahili Ekran Kartý,Onboard,10.Nesil,Intel Core i5,Windows 10 Home,3.7 GHz,1920 x 1080,Yok,8 GB,LPDDR4X,Yok,512 GB,,1.1 GHz,11.599 TL
2053,Dell,4.7,129,10,Oyun Bilgisayarlarý,3200 MHz,Var,2 - 4 kg,Yok,"15,6 inç",Harici Ekran Kartý,GDDR6,Ryzen,AMD Ryzen 7,Windows 11 Home,4.4 GHz,1920 x 1080,Belirtilmemiþ,16 GB,DDR4,Yok,512 GB,,3.2 GHz,19.999 TL
2054,Acer,5.0,3,,Oyun Bilgisayarlarý,Belirtilmemiþ,Var,2 kg ve Altý,Yok,"15,6 inç",Yüksek Seviye Harici Ekran Kartý,GDDR6,5.Nesil,AMD Ryzen 5,Yok (Free Dos),4.3 GHz,1920 x 1080,Yok,16 GB,DDR4,Yok,512 GB,,3.3 GHz,18.998 TL
2055,Dell,4.9,65,,Oyun Bilgisayarlarý,3200 MHz,Var,2 - 4 kg,Yok,"15,6 inç",Harici Ekran Kartý,GDDR6,11.Nesil,Intel Core i7,Ubuntu,4.6 GHz,1920 x 1080,Yok,16 GB,DDR4,Yok,512 GB,,2.30 GHz,19.998 TL
2056,Monster,4.7,213,"9,9",Oyun Bilgisayarlarý,3200 MHz,Var,2 - 4 kg,Yok,"15,6 inç",Harici Ekran Kartý,GDDR6,11.Nesil,Intel Core i5,Yok (Free Dos),4.5 GHz,1920 x 1080,Yok,8 GB,DDR4,Yok,500 GB,3 Saat ve Altý,2.70 GHz,15.699 TL
2057,Fujitsu,,,"9,7",Notebook,3200 MHz,Var,1 - 2 kg,Yok,"15,6 inç",Dahili Ekran Kartý,Belirtilmemiþ,10.Nesil,Intel Core i5,Windows 10 Home,3.6 GHz,1920 x 1080,Yok,8 GB,DDR4,Yok,480 GB,4 - 6 Saat,1 GHz,9.327 TL
2058,Huawei,4.7,154,09,Notebook,Belirtilmemiþ,Var,1 - 2 kg,Yok,"15,6 inç",Dahili Ekran Kartý,Onboard,11.Nesil,Intel Core i7,Windows 11 Home,4.7 GHz,1920 x 1080,Var,16 GB,DDR4,Yok,512 GB,,2.8 GHz,13.908 TL
2059,HONOR,4.8,48,"9,1",Notebook,Belirtilmemiþ,Var,1 - 2 kg,Yok,"15,6 inç",Dahili Ekran Kartý,Onboard,10.Nesil,Intel Core i5,Windows 10 Home,Yok,1920 x 1080,Var,8 GB,DDR4,512 GB,512 GB,,Belirtilmemiþ,8.379 TL
2060,HP,4.2,16,"9,9",Notebook,3200 MHz,Var,2 - 4 kg,Yok,"15,6 inç",Harici Ekran Kartý,GDDR6,11.Nesil,Intel Core i5,Windows 11 Home,4.4 GHz,1920 x 1080,Yok,16 GB,DDR4,Yok,512 GB,4 - 6 Saat,2.6 GHz,15.999 TL
2061,Asus,4.8,165,,Notebook,2400 MHz,Var,1 - 2 kg,Yok,"15,6 inç",Dahili Ekran Kartý,Onboard,10.Nesil,Intel Core i3,Windows 10 Home,4.1 GHz,1366 x 768,Yok,4 GB,DDR4,Yok,256 GB,,2.1 GHz,5.988 TL
2062,Dell,4.4,7,"9,7",Notebook,2666 MHz,Var,1 - 2 kg,Yok,14 inç,Harici Ekran Kartý,GDDR5,11.Nesil,Intel Core i7,Ubuntu,4.7 GHz,1920 x 1080,Yok,8 GB,DDR4,Yok,512 GB,,2.80 GHz,16.399 TL
2063,Casper,4.4,167,,Notebook,2133 MHz,Var,1 - 2 kg,Yok,14 inç,Dahili Ekran Kartý,Onboard,Yok,Intel Celeron,Windows 11 Home,2.6 GHz,1366 x 768,Yok,4 GB,DDR3,Yok,120 GB,,1.10 GHz,3.948 TL
2064,Lenovo,4.7,15,10,Notebook,3200 MHz,Var,2 kg ve Altý,Yok,14 inç,Dahili Ekran Kartý,Onboard,11.Nesil,Intel Core i5,Windows 10 Home,4.2 GHz,1920 x 1080,Yok,8 GB,DDR4,Yok,512 GB,3 Saat ve Altý,2.40 GHz,8.999 TL
2065,Lenovo,4.4,237,"9,8",Notebook,2400 MHz,Var,2 kg ve Altý,Belirtilmemiþ,14 inç,Dahili Ekran Kartý,Onboard,4.Nesil,Intel Celeron,Yok (Free Dos),2.8 GHz,1366 x 768,Yok,4 GB,DDR4,Yok,128 GB,6 Saat ve Üstü,1.1 GHz,3.821 TL
2066,HP,5.0,15,10,Notebook,2666 MHz,Var,2 - 4 kg,Yok,"15,6 inç",Dahili Ekran Kartý,Belirtilmemiþ,11.Nesil,Intel Core i3,Windows 10 Home,4.1 GHz,1920 x 1080,Yok,4 GB,DDR4,Yok,256 GB,,1.7 GHz,6.899 TL
2067,Casper,4.6,40,10,Oyun Bilgisayarlarý,2933 MHz,Var,2 - 4 kg,Yok,"15,6 inç",Yüksek Seviye Harici Ekran Kartý,GDDR6,10. Nesil,Intel Core i5,Windows 11 Home,4.5 GHz,1920 x 1080,Yok,8 GB,DDR4,Yok,250 GB,,2.5 GHz,12.499 TL
2068,Lenovo,5.0,2,"9,8",Notebook,2666 MHz,Var,2 kg ve Altý,Yok,14 inç,Dahili Ekran Kartý,Onboard,11.Nesil,Intel Core i5,Yok (Free Dos),4.2 GHz,1920 x 1080,Yok,8 GB,DDR4,Yok,512 GB,,2.4 GHz,7.999 TL
2069,Lenovo,,,"9,1",Notebook,2933 MHz,Var,1 - 2 kg,Yok,"15,6 inç",Dahili Ekran Kartý,Onboard,11.Nesil,Intel Core i5,Windows 10 Home,4.2 GHz,1920 x 1080,Yok,12 GB,DDR4,Yok,2 TB,,2.4 GHz,16.139 TL
2070,Lenovo,4.7,267,10,Oyun Bilgisayarlarý,3200 MHz,Var,2 - 4 kg,Yok,"15,6 inç",Yüksek Seviye Harici Ekran Kartý,GDDR6,5.Nesil,AMD Ryzen 5,Yok (Free Dos),4.2 GHz,1920 x 1080,Yok,8 GB,DDR4,Yok,512 GB,6 Saat ve Üstü,3.3 GHz,13.998 TL
2071,Lenovo,4.6,13,"9,6",Notebook,3200 MHz,Var,2 - 4 kg,Yok,14 inç,Harici Ekran Kartý,GDDR5,11.Nesil,Intel Core i5,Yok (Free Dos),4.2 GHz,1920 x 1080,Yok,8 GB,DDR4,Yok,256 GB,4 - 6 Saat,2.4 GHz,8.999 TL
2072,Monster,4.7,268,"9,9",Oyun Bilgisayarlarý,3200 MHz,Var,2 - 4 kg,Yok,"15,6 inç",Harici Ekran Kartý,GDDR6,11.Nesil,Intel Core i5,Yok (Free Dos),4.5 GHz,1920 x 1080,Yok,16 GB,DDR4,Yok,500 GB,,2.70 GHz,16.099 TL
2073,Lenovo,4.7,146,"9,9",Notebook,Belirtilmemiþ,Var,1 - 2 kg,Yok,"15,6 inç",Dahili Ekran Kartý,Belirtilmemiþ,11.Nesil,Intel Core i5,Windows 10 Home,4.2 GHz,1920 x 1080,Yok,8 GB,Belirtilmemiþ,Yok,256 GB,6 Saat ve Üstü,2.4 GHz,11.682 TL
2074,HP,,,09,Notebook,3200 MHz,Var,1 - 2 kg,Yok,14 inç,Dahili Ekran Kartý,Onboard,11.Nesil,Intel Core i5,Windows 10 Pro,4.2 GHz,1920 x 1080,Yok,8 GB,DDR4,Yok,512 GB,4 - 6 Saat,2.4 GHz,14.088 TL
2075,Dell,,,"9,8",Notebook,2666 MHz,Var,1 - 2 kg,Yok,"15,6 inç",Dahili Ekran Kartý,Onboard,11.Nesil,Intel Core i7,Windows 10 Home,4.7 GHz,1920 x 1080,Yok,8 GB,DDR4,Yok,512 GB,,2.8 GHz,18.175 TL
2076,Asus,4.8,85,10,Ýkisi Bir Arada,3733 MHz,Var,1 - 2 kg,Var,"13,3 inç",Dahili Ekran Kartý,Onboard,10.Nesil,Intel Core i5,Windows 10 Home,3.7 GHz,1920 x 1080,Yok,8 GB,LPDDR4X,Yok,512 GB,,1.1 GHz,11.599 TL
2077,Dell,4.7,129,10,Oyun Bilgisayarlarý,3200 MHz,Var,2 - 4 kg,Yok,"15,6 inç",Harici Ekran Kartý,GDDR6,Ryzen,AMD Ryzen 7,Windows 11 Home,4.4 GHz,1920 x 1080,Belirtilmemiþ,16 GB,DDR4,Yok,512 GB,,3.2 GHz,19.999 TL
2078,Acer,5.0,3,,Oyun Bilgisayarlarý,Belirtilmemiþ,Var,2 kg ve Altý,Yok,"15,6 inç",Yüksek Seviye Harici Ekran Kartý,GDDR6,5.Nesil,AMD Ryzen 5,Yok (Free Dos),4.3 GHz,1920 x 1080,Yok,16 GB,DDR4,Yok,512 GB,,3.3 GHz,18.998 TL
2079,Dell,4.9,65,,Oyun Bilgisayarlarý,3200 MHz,Var,2 - 4 kg,Yok,"15,6 inç",Harici Ekran Kartý,GDDR6,11.Nesil,Intel Core i7,Ubuntu,4.6 GHz,1920 x 1080,Yok,16 GB,DDR4,Yok,512 GB,,2.30 GHz,19.998 TL
2080,Monster,4.7,213,"9,9",Oyun Bilgisayarlarý,3200 MHz,Var,2 - 4 kg,Yok,"15,6 inç",Harici Ekran Kartý,GDDR6,11.Nesil,Intel Core i5,Yok (Free Dos),4.5 GHz,1920 x 1080,Yok,8 GB,DDR4,Yok,500 GB,3 Saat ve Altý,2.70 GHz,15.699 TL
2081,Fujitsu,,,"9,7",Notebook,3200 MHz,Var,1 - 2 kg,Yok,"15,6 inç",Dahili Ekran Kartý,Belirtilmemiþ,10.Nesil,Intel Core i5,Windows 10 Home,3.6 GHz,1920 x 1080,Yok,8 GB,DDR4,Yok,480 GB,4 - 6 Saat,1 GHz,9.327 TL
2082,Huawei,4.7,154,09,Notebook,Belirtilmemiþ,Var,1 - 2 kg,Yok,"15,6 inç",Dahili Ekran Kartý,Onboard,11.Nesil,Intel Core i7,Windows 11 Home,4.7 GHz,1920 x 1080,Var,16 GB,DDR4,Yok,512 GB,,2.8 GHz,13.908 TL
2083,HONOR,4.8,48,"9,1",Notebook,Belirtilmemiþ,Var,1 - 2 kg,Yok,"15,6 inç",Dahili Ekran Kartý,Onboard,10.Nesil,Intel Core i5,Windows 10 Home,Yok,1920 x 1080,Var,8 GB,DDR4,512 GB,512 GB,,Belirtilmemiþ,8.379 TL
2084,HP,4.2,16,"9,9",Notebook,3200 MHz,Var,2 - 4 kg,Yok,"15,6 inç",Harici Ekran Kartý,GDDR6,11.Nesil,Intel Core i5,Windows 11 Home,4.4 GHz,1920 x 1080,Yok,16 GB,DDR4,Yok,512 GB,4 - 6 Saat,2.6 GHz,15.999 TL
2085,Asus,4.8,165,,Notebook,2400 MHz,Var,1 - 2 kg,Yok,"15,6 inç",Dahili Ekran Kartý,Onboard,10.Nesil,Intel Core i3,Windows 10 Home,4.1 GHz,1366 x 768,Yok,4 GB,DDR4,Yok,256 GB,,2.1 GHz,5.988 TL
2086,Dell,4.4,7,"9,7",Notebook,2666 MHz,Var,1 - 2 kg,Yok,14 inç,Harici Ekran Kartý,GDDR5,11.Nesil,Intel Core i7,Ubuntu,4.7 GHz,1920 x 1080,Yok,8 GB,DDR4,Yok,512 GB,,2.80 GHz,16.399 TL
2087,Casper,4.4,167,,Notebook,2133 MHz,Var,1 - 2 kg,Yok,14 inç,Dahili Ekran Kartý,Onboard,Yok,Intel Celeron,Windows 11 Home,2.6 GHz,1366 x 768,Yok,4 GB,DDR3,Yok,120 GB,,1.10 GHz,3.948 TL
2088,Lenovo,4.7,15,10,Notebook,3200 MHz,Var,2 kg ve Altý,Yok,14 inç,Dahili Ekran Kartý,Onboard,11.Nesil,Intel Core i5,Windows 10 Home,4.2 GHz,1920 x 1080,Yok,8 GB,DDR4,Yok,512 GB,3 Saat ve Altý,2.40 GHz,8.999 TL
2089,Lenovo,4.4,237,"9,8",Notebook,2400 MHz,Var,2 kg ve Altý,Belirtilmemiþ,14 inç,Dahili Ekran Kartý,Onboard,4.Nesil,Intel Celeron,Yok (Free Dos),2.8 GHz,1366 x 768,Yok,4 GB,DDR4,Yok,128 GB,6 Saat ve Üstü,1.1 GHz,3.821 TL
2090,HP,5.0,15,10,Notebook,2666 MHz,Var,2 - 4 kg,Yok,"15,6 inç",Dahili Ekran Kartý,Belirtilmemiþ,11.Nesil,Intel Core i3,Windows 10 Home,4.1 GHz,1920 x 1080,Yok,4 GB,DDR4,Yok,256 GB,,1.7 GHz,6.899 TL
2091,Casper,4.6,40,10,Oyun Bilgisayarlarý,2933 MHz,Var,2 - 4 kg,Yok,"15,6 inç",Yüksek Seviye Harici Ekran Kartý,GDDR6,10. Nesil,Intel Core i5,Windows 11 Home,4.5 GHz,1920 x 1080,Yok,8 GB,DDR4,Yok,250 GB,,2.5 GHz,12.499 TL
2092,Lenovo,5.0,2,"9,8",Notebook,2666 MHz,Var,2 kg ve Altý,Yok,14 inç,Dahili Ekran Kartý,Onboard,11.Nesil,Intel Core i5,Yok (Free Dos),4.2 GHz,1920 x 1080,Yok,8 GB,DDR4,Yok,512 GB,,2.4 GHz,7.999 TL
2093,Lenovo,,,"9,1",Notebook,2933 MHz,Var,1 - 2 kg,Yok,"15,6 inç",Dahili Ekran Kartý,Onboard,11.Nesil,Intel Core i5,Windows 10 Home,4.2 GHz,1920 x 1080,Yok,12 GB,DDR4,Yok,2 TB,,2.4 GHz,16.139 TL
2094,Lenovo,4.7,267,10,Oyun Bilgisayarlarý,3200 MHz,Var,2 - 4 kg,Yok,"15,6 inç",Yüksek Seviye Harici Ekran Kartý,GDDR6,5.Nesil,AMD Ryzen 5,Yok (Free Dos),4.2 GHz,1920 x 1080,Yok,8 GB,DDR4,Yok,512 GB,6 Saat ve Üstü,3.3 GHz,13.998 TL
2095,Lenovo,4.6,13,"9,6",Notebook,3200 MHz,Var,2 - 4 kg,Yok,14 inç,Harici Ekran Kartý,GDDR5,11.Nesil,Intel Core i5,Yok (Free Dos),4.2 GHz,1920 x 1080,Yok,8 GB,DDR4,Yok,256 GB,4 - 6 Saat,2.4 GHz,8.999 TL
2096,Monster,4.7,268,"9,9",Oyun Bilgisayarlarý,3200 MHz,Var,2 - 4 kg,Yok,"15,6 inç",Harici Ekran Kartý,GDDR6,11.Nesil,Intel Core i5,Yok (Free Dos),4.5 GHz,1920 x 1080,Yok,16 GB,DDR4,Yok,500 GB,,2.70 GHz,16.099 TL
2097,Lenovo,4.7,146,"9,9",Notebook,Belirtilmemiþ,Var,1 - 2 kg,Yok,"15,6 inç",Dahili Ekran Kartý,Belirtilmemiþ,11.Nesil,Intel Core i5,Windows 10 Home,4.2 GHz,1920 x 1080,Yok,8 GB,Belirtilmemiþ,Yok,256 GB,6 Saat ve Üstü,2.4 GHz,11.682 TL
2098,HP,,,09,Notebook,3200 MHz,Var,1 - 2 kg,Yok,14 inç,Dahili Ekran Kartý,Onboard,11.Nesil,Intel Core i5,Windows 10 Pro,4.2 GHz,1920 x 1080,Yok,8 GB,DDR4,Yok,512 GB,4 - 6 Saat,2.4 GHz,14.088 TL
2099,Dell,,,"9,8",Notebook,2666 MHz,Var,1 - 2 kg,Yok,"15,6 inç",Dahili Ekran Kartý,Onboard,11.Nesil,Intel Core i7,Windows 10 Home,4.7 GHz,1920 x 1080,Yok,8 GB,DDR4,Yok,512 GB,,2.8 GHz,18.175 TL
2100,Asus,4.8,85,10,Ýkisi Bir Arada,3733 MHz,Var,1 - 2 kg,Var,"13,3 inç",Dahili Ekran Kartý,Onboard,10.Nesil,Intel Core i5,Windows 10 Home,3.7 GHz,1920 x 1080,Yok,8 GB,LPDDR4X,Yok,512 GB,,1.1 GHz,11.599 TL
2101,Dell,4.7,129,10,Oyun Bilgisayarlarý,3200 MHz,Var,2 - 4 kg,Yok,"15,6 inç",Harici Ekran Kartý,GDDR6,Ryzen,AMD Ryzen 7,Windows 11 Home,4.4 GHz,1920 x 1080,Belirtilmemiþ,16 GB,DDR4,Yok,512 GB,,3.2 GHz,19.999 TL
2102,Acer,5.0,3,,Oyun Bilgisayarlarý,Belirtilmemiþ,Var,2 kg ve Altý,Yok,"15,6 inç",Yüksek Seviye Harici Ekran Kartý,GDDR6,5.Nesil,AMD Ryzen 5,Yok (Free Dos),4.3 GHz,1920 x 1080,Yok,16 GB,DDR4,Yok,512 GB,,3.3 GHz,18.998 TL
2103,Dell,4.9,65,,Oyun Bilgisayarlarý,3200 MHz,Var,2 - 4 kg,Yok,"15,6 inç",Harici Ekran Kartý,GDDR6,11.Nesil,Intel Core i7,Ubuntu,4.6 GHz,1920 x 1080,Yok,16 GB,DDR4,Yok,512 GB,,2.30 GHz,19.998 TL
2104,Monster,4.7,213,"9,9",Oyun Bilgisayarlarý,3200 MHz,Var,2 - 4 kg,Yok,"15,6 inç",Harici Ekran Kartý,GDDR6,11.Nesil,Intel Core i5,Yok (Free Dos),4.5 GHz,1920 x 1080,Yok,8 GB,DDR4,Yok,500 GB,3 Saat ve Altý,2.70 GHz,15.699 TL
2105,Fujitsu,,,"9,7",Notebook,3200 MHz,Var,1 - 2 kg,Yok,"15,6 inç",Dahili Ekran Kartý,Belirtilmemiþ,10.Nesil,Intel Core i5,Windows 10 Home,3.6 GHz,1920 x 1080,Yok,8 GB,DDR4,Yok,480 GB,4 - 6 Saat,1 GHz,9.327 TL
2106,Huawei,4.7,154,09,Notebook,Belirtilmemiþ,Var,1 - 2 kg,Yok,"15,6 inç",Dahili Ekran Kartý,Onboard,11.Nesil,Intel Core i7,Windows 11 Home,4.7 GHz,1920 x 1080,Var,16 GB,DDR4,Yok,512 GB,,2.8 GHz,13.908 TL
2107,HONOR,4.8,48,"9,1",Notebook,Belirtilmemiþ,Var,1 - 2 kg,Yok,"15,6 inç",Dahili Ekran Kartý,Onboard,10.Nesil,Intel Core i5,Windows 10 Home,Yok,1920 x 1080,Var,8 GB,DDR4,512 GB,512 GB,,Belirtilmemiþ,8.379 TL
2108,HP,4.2,16,"9,9",Notebook,3200 MHz,Var,2 - 4 kg,Yok,"15,6 inç",Harici Ekran Kartý,GDDR6,11.Nesil,Intel Core i5,Windows 11 Home,4.4 GHz,1920 x 1080,Yok,16 GB,DDR4,Yok,512 GB,4 - 6 Saat,2.6 GHz,15.999 TL
2109,Asus,4.8,165,,Notebook,2400 MHz,Var,1 - 2 kg,Yok,"15,6 inç",Dahili Ekran Kartý,Onboard,10.Nesil,Intel Core i3,Windows 10 Home,4.1 GHz,1366 x 768,Yok,4 GB,DDR4,Yok,256 GB,,2.1 GHz,5.988 TL
2110,Dell,4.4,7,"9,7",Notebook,2666 MHz,Var,1 - 2 kg,Yok,14 inç,Harici Ekran Kartý,GDDR5,11.Nesil,Intel Core i7,Ubuntu,4.7 GHz,1920 x 1080,Yok,8 GB,DDR4,Yok,512 GB,,2.80 GHz,16.399 TL
2111,Casper,4.4,167,,Notebook,2133 MHz,Var,1 - 2 kg,Yok,14 inç,Dahili Ekran Kartý,Onboard,Yok,Intel Celeron,Windows 11 Home,2.6 GHz,1366 x 768,Yok,4 GB,DDR3,Yok,120 GB,,1.10 GHz,3.948 TL
2112,Lenovo,4.7,15,10,Notebook,3200 MHz,Var,2 kg ve Altý,Yok,14 inç,Dahili Ekran Kartý,Onboard,11.Nesil,Intel Core i5,Windows 10 Home,4.2 GHz,1920 x 1080,Yok,8 GB,DDR4,Yok,512 GB,3 Saat ve Altý,2.40 GHz,8.999 TL
2113,Lenovo,4.4,237,"9,8",Notebook,2400 MHz,Var,2 kg ve Altý,Belirtilmemiþ,14 inç,Dahili Ekran Kartý,Onboard,4.Nesil,Intel Celeron,Yok (Free Dos),2.8 GHz,1366 x 768,Yok,4 GB,DDR4,Yok,128 GB,6 Saat ve Üstü,1.1 GHz,3.821 TL
2114,HP,5.0,15,10,Notebook,2666 MHz,Var,2 - 4 kg,Yok,"15,6 inç",Dahili Ekran Kartý,Belirtilmemiþ,11.Nesil,Intel Core i3,Windows 10 Home,4.1 GHz,1920 x 1080,Yok,4 GB,DDR4,Yok,256 GB,,1.7 GHz,6.899 TL
2115,Casper,4.6,40,10,Oyun Bilgisayarlarý,2933 MHz,Var,2 - 4 kg,Yok,"15,6 inç",Yüksek Seviye Harici Ekran Kartý,GDDR6,10. Nesil,Intel Core i5,Windows 11 Home,4.5 GHz,1920 x 1080,Yok,8 GB,DDR4,Yok,250 GB,,2.5 GHz,12.499 TL
2116,Lenovo,5.0,2,"9,8",Notebook,2666 MHz,Var,2 kg ve Altý,Yok,14 inç,Dahili Ekran Kartý,Onboard,11.Nesil,Intel Core i5,Yok (Free Dos),4.2 GHz,1920 x 1080,Yok,8 GB,DDR4,Yok,512 GB,,2.4 GHz,7.999 TL
2117,Lenovo,,,"9,1",Notebook,2933 MHz,Var,1 - 2 kg,Yok,"15,6 inç",Dahili Ekran Kartý,Onboard,11.Nesil,Intel Core i5,Windows 10 Home,4.2 GHz,1920 x 1080,Yok,12 GB,DDR4,Yok,2 TB,,2.4 GHz,16.139 TL
2118,Lenovo,4.7,267,10,Oyun Bilgisayarlarý,3200 MHz,Var,2 - 4 kg,Yok,"15,6 inç",Yüksek Seviye Harici Ekran Kartý,GDDR6,5.Nesil,AMD Ryzen 5,Yok (Free Dos),4.2 GHz,1920 x 1080,Yok,8 GB,DDR4,Yok,512 GB,6 Saat ve Üstü,3.3 GHz,13.998 TL
2119,Lenovo,4.6,13,"9,6",Notebook,3200 MHz,Var,2 - 4 kg,Yok,14 inç,Harici Ekran Kartý,GDDR5,11.Nesil,Intel Core i5,Yok (Free Dos),4.2 GHz,1920 x 1080,Yok,8 GB,DDR4,Yok,256 GB,4 - 6 Saat,2.4 GHz,8.999 TL
2120,Monster,4.7,268,"9,9",Oyun Bilgisayarlarý,3200 MHz,Var,2 - 4 kg,Yok,"15,6 inç",Harici Ekran Kartý,GDDR6,11.Nesil,Intel Core i5,Yok (Free Dos),4.5 GHz,1920 x 1080,Yok,16 GB,DDR4,Yok,500 GB,,2.70 GHz,16.099 TL
2121,Lenovo,4.7,146,"9,9",Notebook,Belirtilmemiþ,Var,1 - 2 kg,Yok,"15,6 inç",Dahili Ekran Kartý,Belirtilmemiþ,11.Nesil,Intel Core i5,Windows 10 Home,4.2 GHz,1920 x 1080,Yok,8 GB,Belirtilmemiþ,Yok,256 GB,6 Saat ve Üstü,2.4 GHz,11.682 TL
2122,HP,,,09,Notebook,3200 MHz,Var,1 - 2 kg,Yok,14 inç,Dahili Ekran Kartý,Onboard,11.Nesil,Intel Core i5,Windows 10 Pro,4.2 GHz,1920 x 1080,Yok,8 GB,DDR4,Yok,512 GB,4 - 6 Saat,2.4 GHz,14.088 TL
2123,Dell,,,"9,8",Notebook,2666 MHz,Var,1 - 2 kg,Yok,"15,6 inç",Dahili Ekran Kartý,Onboard,11.Nesil,Intel Core i7,Windows 10 Home,4.7 GHz,1920 x 1080,Yok,8 GB,DDR4,Yok,512 GB,,2.8 GHz,18.175 TL
2124,Asus,4.8,85,10,Ýkisi Bir Arada,3733 MHz,Var,1 - 2 kg,Var,"13,3 inç",Dahili Ekran Kartý,Onboard,10.Nesil,Intel Core i5,Windows 10 Home,3.7 GHz,1920 x 1080,Yok,8 GB,LPDDR4X,Yok,512 GB,,1.1 GHz,11.599 TL
2125,Dell,4.7,129,10,Oyun Bilgisayarlarý,3200 MHz,Var,2 - 4 kg,Yok,"15,6 inç",Harici Ekran Kartý,GDDR6,Ryzen,AMD Ryzen 7,Windows 11 Home,4.4 GHz,1920 x 1080,Belirtilmemiþ,16 GB,DDR4,Yok,512 GB,,3.2 GHz,19.999 TL
2126,Acer,5.0,3,,Oyun Bilgisayarlarý,Belirtilmemiþ,Var,2 kg ve Altý,Yok,"15,6 inç",Yüksek Seviye Harici Ekran Kartý,GDDR6,5.Nesil,AMD Ryzen 5,Yok (Free Dos),4.3 GHz,1920 x 1080,Yok,16 GB,DDR4,Yok,512 GB,,3.3 GHz,18.998 TL
2127,Dell,4.9,65,,Oyun Bilgisayarlarý,3200 MHz,Var,2 - 4 kg,Yok,"15,6 inç",Harici Ekran Kartý,GDDR6,11.Nesil,Intel Core i7,Ubuntu,4.6 GHz,1920 x 1080,Yok,16 GB,DDR4,Yok,512 GB,,2.30 GHz,19.998 TL
2128,Monster,4.7,213,"9,9",Oyun Bilgisayarlarý,3200 MHz,Var,2 - 4 kg,Yok,"15,6 inç",Harici Ekran Kartý,GDDR6,11.Nesil,Intel Core i5,Yok (Free Dos),4.5 GHz,1920 x 1080,Yok,8 GB,DDR4,Yok,500 GB,3 Saat ve Altý,2.70 GHz,15.699 TL
2129,Fujitsu,,,"9,7",Notebook,3200 MHz,Var,1 - 2 kg,Yok,"15,6 inç",Dahili Ekran Kartý,Belirtilmemiþ,10.Nesil,Intel Core i5,Windows 10 Home,3.6 GHz,1920 x 1080,Yok,8 GB,DDR4,Yok,480 GB,4 - 6 Saat,1 GHz,9.327 TL
2130,Huawei,4.7,154,09,Notebook,Belirtilmemiþ,Var,1 - 2 kg,Yok,"15,6 inç",Dahili Ekran Kartý,Onboard,11.Nesil,Intel Core i7,Windows 11 Home,4.7 GHz,1920 x 1080,Var,16 GB,DDR4,Yok,512 GB,,2.8 GHz,13.908 TL
2131,HONOR,4.8,48,"9,1",Notebook,Belirtilmemiþ,Var,1 - 2 kg,Yok,"15,6 inç",Dahili Ekran Kartý,Onboard,10.Nesil,Intel Core i5,Windows 10 Home,Yok,1920 x 1080,Var,8 GB,DDR4,512 GB,512 GB,,Belirtilmemiþ,8.379 TL
2132,HP,4.2,16,"9,9",Notebook,3200 MHz,Var,2 - 4 kg,Yok,"15,6 inç",Harici Ekran Kartý,GDDR6,11.Nesil,Intel Core i5,Windows 11 Home,4.4 GHz,1920 x 1080,Yok,16 GB,DDR4,Yok,512 GB,4 - 6 Saat,2.6 GHz,15.999 TL
2133,Asus,4.8,165,,Notebook,2400 MHz,Var,1 - 2 kg,Yok,"15,6 inç",Dahili Ekran Kartý,Onboard,10.Nesil,Intel Core i3,Windows 10 Home,4.1 GHz,1366 x 768,Yok,4 GB,DDR4,Yok,256 GB,,2.1 GHz,5.988 TL
2134,Dell,4.4,7,"9,7",Notebook,2666 MHz,Var,1 - 2 kg,Yok,14 inç,Harici Ekran Kartý,GDDR5,11.Nesil,Intel Core i7,Ubuntu,4.7 GHz,1920 x 1080,Yok,8 GB,DDR4,Yok,512 GB,,2.80 GHz,16.399 TL
2135,Casper,4.4,167,,Notebook,2133 MHz,Var,1 - 2 kg,Yok,14 inç,Dahili Ekran Kartý,Onboard,Yok,Intel Celeron,Windows 11 Home,2.6 GHz,1366 x 768,Yok,4 GB,DDR3,Yok,120 GB,,1.10 GHz,3.948 TL
2136,Lenovo,4.7,15,10,Notebook,3200 MHz,Var,2 kg ve Altý,Yok,14 inç,Dahili Ekran Kartý,Onboard,11.Nesil,Intel Core i5,Windows 10 Home,4.2 GHz,1920 x 1080,Yok,8 GB,DDR4,Yok,512 GB,3 Saat ve Altý,2.40 GHz,8.999 TL
2137,Lenovo,4.4,237,"9,8",Notebook,2400 MHz,Var,2 kg ve Altý,Belirtilmemiþ,14 inç,Dahili Ekran Kartý,Onboard,4.Nesil,Intel Celeron,Yok (Free Dos),2.8 GHz,1366 x 768,Yok,4 GB,DDR4,Yok,128 GB,6 Saat ve Üstü,1.1 GHz,3.821 TL
2138,HP,5.0,15,10,Notebook,2666 MHz,Var,2 - 4 kg,Yok,"15,6 inç",Dahili Ekran Kartý,Belirtilmemiþ,11.Nesil,Intel Core i3,Windows 10 Home,4.1 GHz,1920 x 1080,Yok,4 GB,DDR4,Yok,256 GB,,1.7 GHz,6.899 TL
2139,Casper,4.6,40,10,Oyun Bilgisayarlarý,2933 MHz,Var,2 - 4 kg,Yok,"15,6 inç",Yüksek Seviye Harici Ekran Kartý,GDDR6,10. Nesil,Intel Core i5,Windows 11 Home,4.5 GHz,1920 x 1080,Yok,8 GB,DDR4,Yok,250 GB,,2.5 GHz,12.499 TL
2140,Lenovo,5.0,2,"9,8",Notebook,2666 MHz,Var,2 kg ve Altý,Yok,14 inç,Dahili Ekran Kartý,Onboard,11.Nesil,Intel Core i5,Yok (Free Dos),4.2 GHz,1920 x 1080,Yok,8 GB,DDR4,Yok,512 GB,,2.4 GHz,7.999 TL
2141,Lenovo,,,"9,1",Notebook,2933 MHz,Var,1 - 2 kg,Yok,"15,6 inç",Dahili Ekran Kartý,Onboard,11.Nesil,Intel Core i5,Windows 10 Home,4.2 GHz,1920 x 1080,Yok,12 GB,DDR4,Yok,2 TB,,2.4 GHz,16.139 TL
2142,Lenovo,4.7,267,10,Oyun Bilgisayarlarý,3200 MHz,Var,2 - 4 kg,Yok,"15,6 inç",Yüksek Seviye Harici Ekran Kartý,GDDR6,5.Nesil,AMD Ryzen 5,Yok (Free Dos),4.2 GHz,1920 x 1080,Yok,8 GB,DDR4,Yok,512 GB,6 Saat ve Üstü,3.3 GHz,13.998 TL
2143,Lenovo,4.6,13,"9,6",Notebook,3200 MHz,Var,2 - 4 kg,Yok,14 inç,Harici Ekran Kartý,GDDR5,11.Nesil,Intel Core i5,Yok (Free Dos),4.2 GHz,1920 x 1080,Yok,8 GB,DDR4,Yok,256 GB,4 - 6 Saat,2.4 GHz,8.999 TL
2144,Monster,4.7,268,"9,9",Oyun Bilgisayarlarý,3200 MHz,Var,2 - 4 kg,Yok,"15,6 inç",Harici Ekran Kartý,GDDR6,11.Nesil,Intel Core i5,Yok (Free Dos),4.5 GHz,1920 x 1080,Yok,16 GB,DDR4,Yok,500 GB,,2.70 GHz,16.099 TL
2145,Lenovo,4.7,146,"9,9",Notebook,Belirtilmemiþ,Var,1 - 2 kg,Yok,"15,6 inç",Dahili Ekran Kartý,Belirtilmemiþ,11.Nesil,Intel Core i5,Windows 10 Home,4.2 GHz,1920 x 1080,Yok,8 GB,Belirtilmemiþ,Yok,256 GB,6 Saat ve Üstü,2.4 GHz,11.682 TL
2146,HP,,,09,Notebook,3200 MHz,Var,1 - 2 kg,Yok,14 inç,Dahili Ekran Kartý,Onboard,11.Nesil,Intel Core i5,Windows 10 Pro,4.2 GHz,1920 x 1080,Yok,8 GB,DDR4,Yok,512 GB,4 - 6 Saat,2.4 GHz,14.088 TL
2147,Dell,,,"9,8",Notebook,2666 MHz,Var,1 - 2 kg,Yok,"15,6 inç",Dahili Ekran Kartý,Onboard,11.Nesil,Intel Core i7,Windows 10 Home,4.7 GHz,1920 x 1080,Yok,8 GB,DDR4,Yok,512 GB,,2.8 GHz,18.175 TL
2148,Asus,4.8,85,10,Ýkisi Bir Arada,3733 MHz,Var,1 - 2 kg,Var,"13,3 inç",Dahili Ekran Kartý,Onboard,10.Nesil,Intel Core i5,Windows 10 Home,3.7 GHz,1920 x 1080,Yok,8 GB,LPDDR4X,Yok,512 GB,,1.1 GHz,11.599 TL
2149,Dell,4.7,129,10,Oyun Bilgisayarlarý,3200 MHz,Var,2 - 4 kg,Yok,"15,6 inç",Harici Ekran Kartý,GDDR6,Ryzen,AMD Ryzen 7,Windows 11 Home,4.4 GHz,1920 x 1080,Belirtilmemiþ,16 GB,DDR4,Yok,512 GB,,3.2 GHz,19.999 TL
2150,Acer,5.0,3,,Oyun Bilgisayarlarý,Belirtilmemiþ,Var,2 kg ve Altý,Yok,"15,6 inç",Yüksek Seviye Harici Ekran Kartý,GDDR6,5.Nesil,AMD Ryzen 5,Yok (Free Dos),4.3 GHz,1920 x 1080,Yok,16 GB,DDR4,Yok,512 GB,,3.3 GHz,18.998 TL
2151,Dell,4.9,65,,Oyun Bilgisayarlarý,3200 MHz,Var,2 - 4 kg,Yok,"15,6 inç",Harici Ekran Kartý,GDDR6,11.Nesil,Intel Core i7,Ubuntu,4.6 GHz,1920 x 1080,Yok,16 GB,DDR4,Yok,512 GB,,2.30 GHz,19.998 TL
2152,Monster,4.7,213,"9,9",Oyun Bilgisayarlarý,3200 MHz,Var,2 - 4 kg,Yok,"15,6 inç",Harici Ekran Kartý,GDDR6,11.Nesil,Intel Core i5,Yok (Free Dos),4.5 GHz,1920 x 1080,Yok,8 GB,DDR4,Yok,500 GB,3 Saat ve Altý,2.70 GHz,15.699 TL
2153,Fujitsu,,,"9,7",Notebook,3200 MHz,Var,1 - 2 kg,Yok,"15,6 inç",Dahili Ekran Kartý,Belirtilmemiþ,10.Nesil,Intel Core i5,Windows 10 Home,3.6 GHz,1920 x 1080,Yok,8 GB,DDR4,Yok,480 GB,4 - 6 Saat,1 GHz,9.327 TL
2154,Huawei,4.7,154,09,Notebook,Belirtilmemiþ,Var,1 - 2 kg,Yok,"15,6 inç",Dahili Ekran Kartý,Onboard,11.Nesil,Intel Core i7,Windows 11 Home,4.7 GHz,1920 x 1080,Var,16 GB,DDR4,Yok,512 GB,,2.8 GHz,13.908 TL
2155,HONOR,4.8,48,"9,1",Notebook,Belirtilmemiþ,Var,1 - 2 kg,Yok,"15,6 inç",Dahili Ekran Kartý,Onboard,10.Nesil,Intel Core i5,Windows 10 Home,Yok,1920 x 1080,Var,8 GB,DDR4,512 GB,512 GB,,Belirtilmemiþ,8.379 TL
2156,HP,4.2,16,"9,9",Notebook,3200 MHz,Var,2 - 4 kg,Yok,"15,6 inç",Harici Ekran Kartý,GDDR6,11.Nesil,Intel Core i5,Windows 11 Home,4.4 GHz,1920 x 1080,Yok,16 GB,DDR4,Yok,512 GB,4 - 6 Saat,2.6 GHz,15.999 TL
2157,Asus,4.8,165,,Notebook,2400 MHz,Var,1 - 2 kg,Yok,"15,6 inç",Dahili Ekran Kartý,Onboard,10.Nesil,Intel Core i3,Windows 10 Home,4.1 GHz,1366 x 768,Yok,4 GB,DDR4,Yok,256 GB,,2.1 GHz,5.988 TL
2158,Dell,4.4,7,"9,7",Notebook,2666 MHz,Var,1 - 2 kg,Yok,14 inç,Harici Ekran Kartý,GDDR5,11.Nesil,Intel Core i7,Ubuntu,4.7 GHz,1920 x 1080,Yok,8 GB,DDR4,Yok,512 GB,,2.80 GHz,16.399 TL
2159,Casper,4.4,167,,Notebook,2133 MHz,Var,1 - 2 kg,Yok,14 inç,Dahili Ekran Kartý,Onboard,Yok,Intel Celeron,Windows 11 Home,2.6 GHz,1366 x 768,Yok,4 GB,DDR3,Yok,120 GB,,1.10 GHz,3.948 TL
2160,Lenovo,4.7,15,10,Notebook,3200 MHz,Var,2 kg ve Altý,Yok,14 inç,Dahili Ekran Kartý,Onboard,11.Nesil,Intel Core i5,Windows 10 Home,4.2 GHz,1920 x 1080,Yok,8 GB,DDR4,Yok,512 GB,3 Saat ve Altý,2.40 GHz,8.999 TL
2161,Lenovo,4.4,237,"9,8",Notebook,2400 MHz,Var,2 kg ve Altý,Belirtilmemiþ,14 inç,Dahili Ekran Kartý,Onboard,4.Nesil,Intel Celeron,Yok (Free Dos),2.8 GHz,1366 x 768,Yok,4 GB,DDR4,Yok,128 GB,6 Saat ve Üstü,1.1 GHz,3.821 TL
2162,HP,,,09,Notebook,3200 MHz,Var,1 - 2 kg,Yok,14 inç,Dahili Ekran Kartý,Onboard,11.Nesil,Intel Core i5,Windows 10 Pro,4.2 GHz,1920 x 1080,Yok,8 GB,DDR4,Yok,512 GB,4 - 6 Saat,2.4 GHz,14.088 TL
2163,Casper,4.6,40,10,Oyun Bilgisayarlarý,2933 MHz,Var,2 - 4 kg,Yok,"15,6 inç",Yüksek Seviye Harici Ekran Kartý,GDDR6,10. Nesil,Intel Core i5,Windows 11 Home,4.5 GHz,1920 x 1080,Yok,8 GB,DDR4,Yok,250 GB,,2.5 GHz,12.499 TL
2164,Lenovo,5.0,2,"9,8",Notebook,2666 MHz,Var,2 kg ve Altý,Yok,14 inç,Dahili Ekran Kartý,Onboard,11.Nesil,Intel Core i5,Yok (Free Dos),4.2 GHz,1920 x 1080,Yok,8 GB,DDR4,Yok,512 GB,,2.4 GHz,7.999 TL
2165,Lenovo,,,"9,1",Notebook,2933 MHz,Var,1 - 2 kg,Yok,"15,6 inç",Dahili Ekran Kartý,Onboard,11.Nesil,Intel Core i5,Windows 10 Home,4.2 GHz,1920 x 1080,Yok,12 GB,DDR4,Yok,2 TB,,2.4 GHz,16.139 TL
2166,Lenovo,4.7,267,10,Oyun Bilgisayarlarý,3200 MHz,Var,2 - 4 kg,Yok,"15,6 inç",Yüksek Seviye Harici Ekran Kartý,GDDR6,5.Nesil,AMD Ryzen 5,Yok (Free Dos),4.2 GHz,1920 x 1080,Yok,8 GB,DDR4,Yok,512 GB,6 Saat ve Üstü,3.3 GHz,13.998 TL
2167,Lenovo,4.6,13,"9,6",Notebook,3200 MHz,Var,2 - 4 kg,Yok,14 inç,Harici Ekran Kartý,GDDR5,11.Nesil,Intel Core i5,Yok (Free Dos),4.2 GHz,1920 x 1080,Yok,8 GB,DDR4,Yok,256 GB,4 - 6 Saat,2.4 GHz,8.999 TL
2168,Monster,4.7,268,"9,9",Oyun Bilgisayarlarý,3200 MHz,Var,2 - 4 kg,Yok,"15,6 inç",Harici Ekran Kartý,GDDR6,11.Nesil,Intel Core i5,Yok (Free Dos),4.5 GHz,1920 x 1080,Yok,16 GB,DDR4,Yok,500 GB,,2.70 GHz,16.099 TL
2169,HP,5.0,15,10,Notebook,2666 MHz,Var,2 - 4 kg,Yok,"15,6 inç",Dahili Ekran Kartý,Belirtilmemiþ,11.Nesil,Intel Core i3,Windows 10 Home,4.1 GHz,1920 x 1080,Yok,4 GB,DDR4,Yok,256 GB,,1.7 GHz,6.899 TL
2170,Dell,,,"9,8",Notebook,2666 MHz,Var,1 - 2 kg,Yok,"15,6 inç",Dahili Ekran Kartý,Onboard,11.Nesil,Intel Core i7,Windows 10 Home,4.7 GHz,1920 x 1080,Yok,8 GB,DDR4,Yok,512 GB,,2.8 GHz,18.175 TL
2171,Lenovo,4.7,146,"9,9",Notebook,Belirtilmemiþ,Var,1 - 2 kg,Yok,"15,6 inç",Dahili Ekran Kartý,Belirtilmemiþ,11.Nesil,Intel Core i5,Windows 10 Home,4.2 GHz,1920 x 1080,Yok,8 GB,Belirtilmemiþ,Yok,256 GB,6 Saat ve Üstü,2.4 GHz,11.682 TL
2172,Asus,4.8,85,10,Ýkisi Bir Arada,3733 MHz,Var,1 - 2 kg,Var,"13,3 inç",Dahili Ekran Kartý,Onboard,10.Nesil,Intel Core i5,Windows 10 Home,3.7 GHz,1920 x 1080,Yok,8 GB,LPDDR4X,Yok,512 GB,,1.1 GHz,11.599 TL
2173,Dell,4.7,129,10,Oyun Bilgisayarlarý,3200 MHz,Var,2 - 4 kg,Yok,"15,6 inç",Harici Ekran Kartý,GDDR6,Ryzen,AMD Ryzen 7,Windows 11 Home,4.4 GHz,1920 x 1080,Belirtilmemiþ,16 GB,DDR4,Yok,512 GB,,3.2 GHz,19.999 TL
2174,Acer,5.0,3,,Oyun Bilgisayarlarý,Belirtilmemiþ,Var,2 kg ve Altý,Yok,"15,6 inç",Yüksek Seviye Harici Ekran Kartý,GDDR6,5.Nesil,AMD Ryzen 5,Yok (Free Dos),4.3 GHz,1920 x 1080,Yok,16 GB,DDR4,Yok,512 GB,,3.3 GHz,18.998 TL
2175,Dell,4.9,65,,Oyun Bilgisayarlarý,3200 MHz,Var,2 - 4 kg,Yok,"15,6 inç",Harici Ekran Kartý,GDDR6,11.Nesil,Intel Core i7,Ubuntu,4.6 GHz,1920 x 1080,Yok,16 GB,DDR4,Yok,512 GB,,2.30 GHz,19.998 TL
2176,Fujitsu,,,"9,7",Notebook,3200 MHz,Var,1 - 2 kg,Yok,"15,6 inç",Dahili Ekran Kartý,Belirtilmemiþ,10.Nesil,Intel Core i5,Windows 10 Home,3.6 GHz,1920 x 1080,Yok,8 GB,DDR4,Yok,480 GB,4 - 6 Saat,1 GHz,9.327 TL
2177,Monster,4.7,213,"9,9",Oyun Bilgisayarlarý,3200 MHz,Var,2 - 4 kg,Yok,"15,6 inç",Harici Ekran Kartý,GDDR6,11.Nesil,Intel Core i5,Yok (Free Dos),4.5 GHz,1920 x 1080,Yok,8 GB,DDR4,Yok,500 GB,3 Saat ve Altý,2.70 GHz,15.699 TL
2178,Huawei,4.7,154,09,Notebook,Belirtilmemiþ,Var,1 - 2 kg,Yok,"15,6 inç",Dahili Ekran Kartý,Onboard,11.Nesil,Intel Core i7,Windows 11 Home,4.7 GHz,1920 x 1080,Var,16 GB,DDR4,Yok,512 GB,,2.8 GHz,13.908 TL
2179,HONOR,4.8,48,"9,1",Notebook,Belirtilmemiþ,Var,1 - 2 kg,Yok,"15,6 inç",Dahili Ekran Kartý,Onboard,10.Nesil,Intel Core i5,Windows 10 Home,Yok,1920 x 1080,Var,8 GB,DDR4,512 GB,512 GB,,Belirtilmemiþ,8.379 TL
2180,HP,4.2,16,"9,9",Notebook,3200 MHz,Var,2 - 4 kg,Yok,"15,6 inç",Harici Ekran Kartý,GDDR6,11.Nesil,Intel Core i5,Windows 11 Home,4.4 GHz,1920 x 1080,Yok,16 GB,DDR4,Yok,512 GB,4 - 6 Saat,2.6 GHz,15.999 TL
2181,Asus,4.8,165,,Notebook,2400 MHz,Var,1 - 2 kg,Yok,"15,6 inç",Dahili Ekran Kartý,Onboard,10.Nesil,Intel Core i3,Windows 10 Home,4.1 GHz,1366 x 768,Yok,4 GB,DDR4,Yok,256 GB,,2.1 GHz,5.988 TL
2182,Dell,4.4,7,"9,7",Notebook,2666 MHz,Var,1 - 2 kg,Yok,14 inç,Harici Ekran Kartý,GDDR5,11.Nesil,Intel Core i7,Ubuntu,4.7 GHz,1920 x 1080,Yok,8 GB,DDR4,Yok,512 GB,,2.80 GHz,16.399 TL
2183,Casper,4.4,167,,Notebook,2133 MHz,Var,1 - 2 kg,Yok,14 inç,Dahili Ekran Kartý,Onboard,Yok,Intel Celeron,Windows 11 Home,2.6 GHz,1366 x 768,Yok,4 GB,DDR3,Yok,120 GB,,1.10 GHz,3.948 TL
2184,Lenovo,4.7,15,10,Notebook,3200 MHz,Var,2 kg ve Altý,Yok,14 inç,Dahili Ekran Kartý,Onboard,11.Nesil,Intel Core i5,Windows 10 Home,4.2 GHz,1920 x 1080,Yok,8 GB,DDR4,Yok,512 GB,3 Saat ve Altý,2.40 GHz,8.999 TL
2185,Lenovo,4.4,237,"9,8",Notebook,2400 MHz,Var,2 kg ve Altý,Belirtilmemiþ,14 inç,Dahili Ekran Kartý,Onboard,4.Nesil,Intel Celeron,Yok (Free Dos),2.8 GHz,1366 x 768,Yok,4 GB,DDR4,Yok,128 GB,6 Saat ve Üstü,1.1 GHz,3.821 TL
2186,HP,,,09,Notebook,3200 MHz,Var,1 - 2 kg,Yok,14 inç,Dahili Ekran Kartý,Onboard,11.Nesil,Intel Core i5,Windows 10 Pro,4.2 GHz,1920 x 1080,Yok,8 GB,DDR4,Yok,512 GB,4 - 6 Saat,2.4 GHz,14.088 TL
2187,Lenovo,,,"9,1",Notebook,2933 MHz,Var,1 - 2 kg,Yok,"15,6 inç",Dahili Ekran Kartý,Onboard,11.Nesil,Intel Core i5,Windows 10 Home,4.2 GHz,1920 x 1080,Yok,12 GB,DDR4,Yok,2 TB,,2.4 GHz,16.139 TL
2188,Casper,4.6,40,10,Oyun Bilgisayarlarý,2933 MHz,Var,2 - 4 kg,Yok,"15,6 inç",Yüksek Seviye Harici Ekran Kartý,GDDR6,10. Nesil,Intel Core i5,Windows 11 Home,4.5 GHz,1920 x 1080,Yok,8 GB,DDR4,Yok,250 GB,,2.5 GHz,12.499 TL
2189,Lenovo,5.0,2,"9,8",Notebook,2666 MHz,Var,2 kg ve Altý,Yok,14 inç,Dahili Ekran Kartý,Onboard,11.Nesil,Intel Core i5,Yok (Free Dos),4.2 GHz,1920 x 1080,Yok,8 GB,DDR4,Yok,512 GB,,2.4 GHz,7.999 TL
2190,Lenovo,4.7,267,10,Oyun Bilgisayarlarý,3200 MHz,Var,2 - 4 kg,Yok,"15,6 inç",Yüksek Seviye Harici Ekran Kartý,GDDR6,5.Nesil,AMD Ryzen 5,Yok (Free Dos),4.2 GHz,1920 x 1080,Yok,8 GB,DDR4,Yok,512 GB,6 Saat ve Üstü,3.3 GHz,13.998 TL
2191,Lenovo,4.6,13,"9,6",Notebook,3200 MHz,Var,2 - 4 kg,Yok,14 inç,Harici Ekran Kartý,GDDR5,11.Nesil,Intel Core i5,Yok (Free Dos),4.2 GHz,1920 x 1080,Yok,8 GB,DDR4,Yok,256 GB,4 - 6 Saat,2.4 GHz,8.999 TL
2192,Monster,4.7,268,"9,9",Oyun Bilgisayarlarý,3200 MHz,Var,2 - 4 kg,Yok,"15,6 inç",Harici Ekran Kartý,GDDR6,11.Nesil,Intel Core i5,Yok (Free Dos),4.5 GHz,1920 x 1080,Yok,16 GB,DDR4,Yok,500 GB,,2.70 GHz,16.099 TL
2193,HP,5.0,15,10,Notebook,2666 MHz,Var,2 - 4 kg,Yok,"15,6 inç",Dahili Ekran Kartý,Belirtilmemiþ,11.Nesil,Intel Core i3,Windows 10 Home,4.1 GHz,1920 x 1080,Yok,4 GB,DDR4,Yok,256 GB,,1.7 GHz,6.899 TL
2194,Lenovo,4.7,146,"9,9",Notebook,Belirtilmemiþ,Var,1 - 2 kg,Yok,"15,6 inç",Dahili Ekran Kartý,Belirtilmemiþ,11.Nesil,Intel Core i5,Windows 10 Home,4.2 GHz,1920 x 1080,Yok,8 GB,Belirtilmemiþ,Yok,256 GB,6 Saat ve Üstü,2.4 GHz,11.682 TL
2195,Dell,,,"9,8",Notebook,2666 MHz,Var,1 - 2 kg,Yok,"15,6 inç",Dahili Ekran Kartý,Onboard,11.Nesil,Intel Core i7,Windows 10 Home,4.7 GHz,1920 x 1080,Yok,8 GB,DDR4,Yok,512 GB,,2.8 GHz,18.175 TL
2196,Asus,4.8,85,10,Ýkisi Bir Arada,3733 MHz,Var,1 - 2 kg,Var,"13,3 inç",Dahili Ekran Kartý,Onboard,10.Nesil,Intel Core i5,Windows 10 Home,3.7 GHz,1920 x 1080,Yok,8 GB,LPDDR4X,Yok,512 GB,,1.1 GHz,11.599 TL
2197,Dell,4.7,129,10,Oyun Bilgisayarlarý,3200 MHz,Var,2 - 4 kg,Yok,"15,6 inç",Harici Ekran Kartý,GDDR6,Ryzen,AMD Ryzen 7,Windows 11 Home,4.4 GHz,1920 x 1080,Belirtilmemiþ,16 GB,DDR4,Yok,512 GB,,3.2 GHz,19.999 TL
2198,Acer,5.0,3,,Oyun Bilgisayarlarý,Belirtilmemiþ,Var,2 kg ve Altý,Yok,"15,6 inç",Yüksek Seviye Harici Ekran Kartý,GDDR6,5.Nesil,AMD Ryzen 5,Yok (Free Dos),4.3 GHz,1920 x 1080,Yok,16 GB,DDR4,Yok,512 GB,,3.3 GHz,18.998 TL
2199,Fujitsu,,,"9,7",Notebook,3200 MHz,Var,1 - 2 kg,Yok,"15,6 inç",Dahili Ekran Kartý,Belirtilmemiþ,10.Nesil,Intel Core i5,Windows 10 Home,3.6 GHz,1920 x 1080,Yok,8 GB,DDR4,Yok,480 GB,4 - 6 Saat,1 GHz,9.327 TL
2200,Dell,4.9,65,,Oyun Bilgisayarlarý,3200 MHz,Var,2 - 4 kg,Yok,"15,6 inç",Harici Ekran Kartý,GDDR6,11.Nesil,Intel Core i7,Ubuntu,4.6 GHz,1920 x 1080,Yok,16 GB,DDR4,Yok,512 GB,,2.30 GHz,19.998 TL
2201,Monster,4.7,213,"9,9",Oyun Bilgisayarlarý,3200 MHz,Var,2 - 4 kg,Yok,"15,6 inç",Harici Ekran Kartý,GDDR6,11.Nesil,Intel Core i5,Yok (Free Dos),4.5 GHz,1920 x 1080,Yok,8 GB,DDR4,Yok,500 GB,3 Saat ve Altý,2.70 GHz,15.699 TL
2202,Huawei,4.7,154,09,Notebook,Belirtilmemiþ,Var,1 - 2 kg,Yok,"15,6 inç",Dahili Ekran Kartý,Onboard,11.Nesil,Intel Core i7,Windows 11 Home,4.7 GHz,1920 x 1080,Var,16 GB,DDR4,Yok,512 GB,,2.8 GHz,13.908 TL
2203,HONOR,4.8,48,"9,1",Notebook,Belirtilmemiþ,Var,1 - 2 kg,Yok,"15,6 inç",Dahili Ekran Kartý,Onboard,10.Nesil,Intel Core i5,Windows 10 Home,Yok,1920 x 1080,Var,8 GB,DDR4,512 GB,512 GB,,Belirtilmemiþ,8.379 TL
2204,HP,4.2,16,"9,9",Notebook,3200 MHz,Var,2 - 4 kg,Yok,"15,6 inç",Harici Ekran Kartý,GDDR6,11.Nesil,Intel Core i5,Windows 11 Home,4.4 GHz,1920 x 1080,Yok,16 GB,DDR4,Yok,512 GB,4 - 6 Saat,2.6 GHz,15.999 TL
2205,Asus,4.8,165,,Notebook,2400 MHz,Var,1 - 2 kg,Yok,"15,6 inç",Dahili Ekran Kartý,Onboard,10.Nesil,Intel Core i3,Windows 10 Home,4.1 GHz,1366 x 768,Yok,4 GB,DDR4,Yok,256 GB,,2.1 GHz,5.988 TL
2206,Dell,4.4,7,"9,7",Notebook,2666 MHz,Var,1 - 2 kg,Yok,14 inç,Harici Ekran Kartý,GDDR5,11.Nesil,Intel Core i7,Ubuntu,4.7 GHz,1920 x 1080,Yok,8 GB,DDR4,Yok,512 GB,,2.80 GHz,16.399 TL
2207,Casper,4.4,167,,Notebook,2133 MHz,Var,1 - 2 kg,Yok,14 inç,Dahili Ekran Kartý,Onboard,Yok,Intel Celeron,Windows 11 Home,2.6 GHz,1366 x 768,Yok,4 GB,DDR3,Yok,120 GB,,1.10 GHz,3.948 TL
2208,Lenovo,4.7,15,10,Notebook,3200 MHz,Var,2 kg ve Altý,Yok,14 inç,Dahili Ekran Kartý,Onboard,11.Nesil,Intel Core i5,Windows 10 Home,4.2 GHz,1920 x 1080,Yok,8 GB,DDR4,Yok,512 GB,3 Saat ve Altý,2.40 GHz,8.999 TL
2209,Lenovo,4.4,237,"9,8",Notebook,2400 MHz,Var,2 kg ve Altý,Belirtilmemiþ,14 inç,Dahili Ekran Kartý,Onboard,4.Nesil,Intel Celeron,Yok (Free Dos),2.8 GHz,1366 x 768,Yok,4 GB,DDR4,Yok,128 GB,6 Saat ve Üstü,1.1 GHz,3.821 TL
2210,HP,5.0,15,10,Notebook,2666 MHz,Var,2 - 4 kg,Yok,"15,6 inç",Dahili Ekran Kartý,Belirtilmemiþ,11.Nesil,Intel Core i3,Windows 10 Home,4.1 GHz,1920 x 1080,Yok,4 GB,DDR4,Yok,256 GB,,1.7 GHz,6.899 TL
2211,Casper,4.6,40,10,Oyun Bilgisayarlarý,2933 MHz,Var,2 - 4 kg,Yok,"15,6 inç",Yüksek Seviye Harici Ekran Kartý,GDDR6,10. Nesil,Intel Core i5,Windows 11 Home,4.5 GHz,1920 x 1080,Yok,8 GB,DDR4,Yok,250 GB,,2.5 GHz,12.499 TL
2212,Lenovo,5.0,2,"9,8",Notebook,2666 MHz,Var,2 kg ve Altý,Yok,14 inç,Dahili Ekran Kartý,Onboard,11.Nesil,Intel Core i5,Yok (Free Dos),4.2 GHz,1920 x 1080,Yok,8 GB,DDR4,Yok,512 GB,,2.4 GHz,7.999 TL
2213,Lenovo,,,"9,1",Notebook,2933 MHz,Var,1 - 2 kg,Yok,"15,6 inç",Dahili Ekran Kartý,Onboard,11.Nesil,Intel Core i5,Windows 10 Home,4.2 GHz,1920 x 1080,Yok,12 GB,DDR4,Yok,2 TB,,2.4 GHz,16.139 TL
2214,Lenovo,4.7,267,10,Oyun Bilgisayarlarý,3200 MHz,Var,2 - 4 kg,Yok,"15,6 inç",Yüksek Seviye Harici Ekran Kartý,GDDR6,5.Nesil,AMD Ryzen 5,Yok (Free Dos),4.2 GHz,1920 x 1080,Yok,8 GB,DDR4,Yok,512 GB,6 Saat ve Üstü,3.3 GHz,13.998 TL
2215,Lenovo,4.6,13,"9,6",Notebook,3200 MHz,Var,2 - 4 kg,Yok,14 inç,Harici Ekran Kartý,GDDR5,11.Nesil,Intel Core i5,Yok (Free Dos),4.2 GHz,1920 x 1080,Yok,8 GB,DDR4,Yok,256 GB,4 - 6 Saat,2.4 GHz,8.999 TL
2216,Monster,4.7,268,"9,9",Oyun Bilgisayarlarý,3200 MHz,Var,2 - 4 kg,Yok,"15,6 inç",Harici Ekran Kartý,GDDR6,11.Nesil,Intel Core i5,Yok (Free Dos),4.5 GHz,1920 x 1080,Yok,16 GB,DDR4,Yok,500 GB,,2.70 GHz,16.099 TL
2217,Lenovo,4.7,146,"9,9",Notebook,Belirtilmemiþ,Var,1 - 2 kg,Yok,"15,6 inç",Dahili Ekran Kartý,Belirtilmemiþ,11.Nesil,Intel Core i5,Windows 10 Home,4.2 GHz,1920 x 1080,Yok,8 GB,Belirtilmemiþ,Yok,256 GB,6 Saat ve Üstü,2.4 GHz,11.682 TL
2218,HP,,,09,Notebook,3200 MHz,Var,1 - 2 kg,Yok,14 inç,Dahili Ekran Kartý,Onboard,11.Nesil,Intel Core i5,Windows 10 Pro,4.2 GHz,1920 x 1080,Yok,8 GB,DDR4,Yok,512 GB,4 - 6 Saat,2.4 GHz,14.088 TL
2219,Dell,,,"9,8",Notebook,2666 MHz,Var,1 - 2 kg,Yok,"15,6 inç",Dahili Ekran Kartý,Onboard,11.Nesil,Intel Core i7,Windows 10 Home,4.7 GHz,1920 x 1080,Yok,8 GB,DDR4,Yok,512 GB,,2.8 GHz,18.175 TL
2220,Asus,4.8,85,10,Ýkisi Bir Arada,3733 MHz,Var,1 - 2 kg,Var,"13,3 inç",Dahili Ekran Kartý,Onboard,10.Nesil,Intel Core i5,Windows 10 Home,3.7 GHz,1920 x 1080,Yok,8 GB,LPDDR4X,Yok,512 GB,,1.1 GHz,11.599 TL
2221,Dell,4.7,129,10,Oyun Bilgisayarlarý,3200 MHz,Var,2 - 4 kg,Yok,"15,6 inç",Harici Ekran Kartý,GDDR6,Ryzen,AMD Ryzen 7,Windows 11 Home,4.4 GHz,1920 x 1080,Belirtilmemiþ,16 GB,DDR4,Yok,512 GB,,3.2 GHz,19.999 TL
2222,Acer,5.0,3,,Oyun Bilgisayarlarý,Belirtilmemiþ,Var,2 kg ve Altý,Yok,"15,6 inç",Yüksek Seviye Harici Ekran Kartý,GDDR6,5.Nesil,AMD Ryzen 5,Yok (Free Dos),4.3 GHz,1920 x 1080,Yok,16 GB,DDR4,Yok,512 GB,,3.3 GHz,18.998 TL
2223,Dell,4.9,65,,Oyun Bilgisayarlarý,3200 MHz,Var,2 - 4 kg,Yok,"15,6 inç",Harici Ekran Kartý,GDDR6,11.Nesil,Intel Core i7,Ubuntu,4.6 GHz,1920 x 1080,Yok,16 GB,DDR4,Yok,512 GB,,2.30 GHz,19.998 TL
2224,Monster,4.7,213,"9,9",Oyun Bilgisayarlarý,3200 MHz,Var,2 - 4 kg,Yok,"15,6 inç",Harici Ekran Kartý,GDDR6,11.Nesil,Intel Core i5,Yok (Free Dos),4.5 GHz,1920 x 1080,Yok,8 GB,DDR4,Yok,500 GB,3 Saat ve Altý,2.70 GHz,15.699 TL
2225,Fujitsu,,,"9,7",Notebook,3200 MHz,Var,1 - 2 kg,Yok,"15,6 inç",Dahili Ekran Kartý,Belirtilmemiþ,10.Nesil,Intel Core i5,Windows 10 Home,3.6 GHz,1920 x 1080,Yok,8 GB,DDR4,Yok,480 GB,4 - 6 Saat,1 GHz,9.327 TL
2226,Huawei,4.7,154,09,Notebook,Belirtilmemiþ,Var,1 - 2 kg,Yok,"15,6 inç",Dahili Ekran Kartý,Onboard,11.Nesil,Intel Core i7,Windows 11 Home,4.7 GHz,1920 x 1080,Var,16 GB,DDR4,Yok,512 GB,,2.8 GHz,13.908 TL
2227,HONOR,4.8,48,"9,1",Notebook,Belirtilmemiþ,Var,1 - 2 kg,Yok,"15,6 inç",Dahili Ekran Kartý,Onboard,10.Nesil,Intel Core i5,Windows 10 Home,Yok,1920 x 1080,Var,8 GB,DDR4,512 GB,512 GB,,Belirtilmemiþ,8.379 TL
2228,HP,4.2,16,"9,9",Notebook,3200 MHz,Var,2 - 4 kg,Yok,"15,6 inç",Harici Ekran Kartý,GDDR6,11.Nesil,Intel Core i5,Windows 11 Home,4.4 GHz,1920 x 1080,Yok,16 GB,DDR4,Yok,512 GB,4 - 6 Saat,2.6 GHz,15.999 TL
2229,Asus,4.8,165,,Notebook,2400 MHz,Var,1 - 2 kg,Yok,"15,6 inç",Dahili Ekran Kartý,Onboard,10.Nesil,Intel Core i3,Windows 10 Home,4.1 GHz,1366 x 768,Yok,4 GB,DDR4,Yok,256 GB,,2.1 GHz,5.988 TL
2230,Dell,4.4,7,"9,7",Notebook,2666 MHz,Var,1 - 2 kg,Yok,14 inç,Harici Ekran Kartý,GDDR5,11.Nesil,Intel Core i7,Ubuntu,4.7 GHz,1920 x 1080,Yok,8 GB,DDR4,Yok,512 GB,,2.80 GHz,16.399 TL
2231,Casper,4.4,167,,Notebook,2133 MHz,Var,1 - 2 kg,Yok,14 inç,Dahili Ekran Kartý,Onboard,Yok,Intel Celeron,Windows 11 Home,2.6 GHz,1366 x 768,Yok,4 GB,DDR3,Yok,120 GB,,1.10 GHz,3.948 TL
2232,Lenovo,4.7,15,10,Notebook,3200 MHz,Var,2 kg ve Altý,Yok,14 inç,Dahili Ekran Kartý,Onboard,11.Nesil,Intel Core i5,Windows 10 Home,4.2 GHz,1920 x 1080,Yok,8 GB,DDR4,Yok,512 GB,3 Saat ve Altý,2.40 GHz,8.999 TL
2233,Lenovo,4.4,237,"9,8",Notebook,2400 MHz,Var,2 kg ve Altý,Belirtilmemiþ,14 inç,Dahili Ekran Kartý,Onboard,4.Nesil,Intel Celeron,Yok (Free Dos),2.8 GHz,1366 x 768,Yok,4 GB,DDR4,Yok,128 GB,6 Saat ve Üstü,1.1 GHz,3.821 TL
2234,HP,,,09,Notebook,3200 MHz,Var,1 - 2 kg,Yok,14 inç,Dahili Ekran Kartý,Onboard,11.Nesil,Intel Core i5,Windows 10 Pro,4.2 GHz,1920 x 1080,Yok,8 GB,DDR4,Yok,512 GB,4 - 6 Saat,2.4 GHz,14.088 TL
2235,Lenovo,,,"9,1",Notebook,2933 MHz,Var,1 - 2 kg,Yok,"15,6 inç",Dahili Ekran Kartý,Onboard,11.Nesil,Intel Core i5,Windows 10 Home,4.2 GHz,1920 x 1080,Yok,12 GB,DDR4,Yok,2 TB,,2.4 GHz,16.139 TL
2236,Casper,4.6,40,10,Oyun Bilgisayarlarý,2933 MHz,Var,2 - 4 kg,Yok,"15,6 inç",Yüksek Seviye Harici Ekran Kartý,GDDR6,10. Nesil,Intel Core i5,Windows 11 Home,4.5 GHz,1920 x 1080,Yok,8 GB,DDR4,Yok,250 GB,,2.5 GHz,12.499 TL
2237,Lenovo,5.0,2,"9,8",Notebook,2666 MHz,Var,2 kg ve Altý,Yok,14 inç,Dahili Ekran Kartý,Onboard,11.Nesil,Intel Core i5,Yok (Free Dos),4.2 GHz,1920 x 1080,Yok,8 GB,DDR4,Yok,512 GB,,2.4 GHz,7.999 TL
2238,Lenovo,4.7,267,10,Oyun Bilgisayarlarý,3200 MHz,Var,2 - 4 kg,Yok,"15,6 inç",Yüksek Seviye Harici Ekran Kartý,GDDR6,5.Nesil,AMD Ryzen 5,Yok (Free Dos),4.2 GHz,1920 x 1080,Yok,8 GB,DDR4,Yok,512 GB,6 Saat ve Üstü,3.3 GHz,13.998 TL
2239,Lenovo,4.6,13,"9,6",Notebook,3200 MHz,Var,2 - 4 kg,Yok,14 inç,Harici Ekran Kartý,GDDR5,11.Nesil,Intel Core i5,Yok (Free Dos),4.2 GHz,1920 x 1080,Yok,8 GB,DDR4,Yok,256 GB,4 - 6 Saat,2.4 GHz,8.999 TL
2240,Monster,4.7,268,"9,9",Oyun Bilgisayarlarý,3200 MHz,Var,2 - 4 kg,Yok,"15,6 inç",Harici Ekran Kartý,GDDR6,11.Nesil,Intel Core i5,Yok (Free Dos),4.5 GHz,1920 x 1080,Yok,16 GB,DDR4,Yok,500 GB,,2.70 GHz,16.099 TL
2241,HP,5.0,15,10,Notebook,2666 MHz,Var,2 - 4 kg,Yok,"15,6 inç",Dahili Ekran Kartý,Belirtilmemiþ,11.Nesil,Intel Core i3,Windows 10 Home,4.1 GHz,1920 x 1080,Yok,4 GB,DDR4,Yok,256 GB,,1.7 GHz,6.899 TL
2242,Lenovo,4.7,146,"9,9",Notebook,Belirtilmemiþ,Var,1 - 2 kg,Yok,"15,6 inç",Dahili Ekran Kartý,Belirtilmemiþ,11.Nesil,Intel Core i5,Windows 10 Home,4.2 GHz,1920 x 1080,Yok,8 GB,Belirtilmemiþ,Yok,256 GB,6 Saat ve Üstü,2.4 GHz,11.682 TL
2243,Dell,,,"9,8",Notebook,2666 MHz,Var,1 - 2 kg,Yok,"15,6 inç",Dahili Ekran Kartý,Onboard,11.Nesil,Intel Core i7,Windows 10 Home,4.7 GHz,1920 x 1080,Yok,8 GB,DDR4,Yok,512 GB,,2.8 GHz,18.175 TL
2244,Asus,4.8,85,10,Ýkisi Bir Arada,3733 MHz,Var,1 - 2 kg,Var,"13,3 inç",Dahili Ekran Kartý,Onboard,10.Nesil,Intel Core i5,Windows 10 Home,3.7 GHz,1920 x 1080,Yok,8 GB,LPDDR4X,Yok,512 GB,,1.1 GHz,11.599 TL
2245,Dell,4.7,129,10,Oyun Bilgisayarlarý,3200 MHz,Var,2 - 4 kg,Yok,"15,6 inç",Harici Ekran Kartý,GDDR6,Ryzen,AMD Ryzen 7,Windows 11 Home,4.4 GHz,1920 x 1080,Belirtilmemiþ,16 GB,DDR4,Yok,512 GB,,3.2 GHz,19.999 TL
2246,Acer,5.0,3,,Oyun Bilgisayarlarý,Belirtilmemiþ,Var,2 kg ve Altý,Yok,"15,6 inç",Yüksek Seviye Harici Ekran Kartý,GDDR6,5.Nesil,AMD Ryzen 5,Yok (Free Dos),4.3 GHz,1920 x 1080,Yok,16 GB,DDR4,Yok,512 GB,,3.3 GHz,18.998 TL
2247,Fujitsu,,,"9,7",Notebook,3200 MHz,Var,1 - 2 kg,Yok,"15,6 inç",Dahili Ekran Kartý,Belirtilmemiþ,10.Nesil,Intel Core i5,Windows 10 Home,3.6 GHz,1920 x 1080,Yok,8 GB,DDR4,Yok,480 GB,4 - 6 Saat,1 GHz,9.327 TL
2248,Dell,4.9,65,,Oyun Bilgisayarlarý,3200 MHz,Var,2 - 4 kg,Yok,"15,6 inç",Harici Ekran Kartý,GDDR6,11.Nesil,Intel Core i7,Ubuntu,4.6 GHz,1920 x 1080,Yok,16 GB,DDR4,Yok,512 GB,,2.30 GHz,19.998 TL
2249,Monster,4.7,213,"9,9",Oyun Bilgisayarlarý,3200 MHz,Var,2 - 4 kg,Yok,"15,6 inç",Harici Ekran Kartý,GDDR6,11.Nesil,Intel Core i5,Yok (Free Dos),4.5 GHz,1920 x 1080,Yok,8 GB,DDR4,Yok,500 GB,3 Saat ve Altý,2.70 GHz,15.699 TL
2250,Huawei,4.7,154,09,Notebook,Belirtilmemiþ,Var,1 - 2 kg,Yok,"15,6 inç",Dahili Ekran Kartý,Onboard,11.Nesil,Intel Core i7,Windows 11 Home,4.7 GHz,1920 x 1080,Var,16 GB,DDR4,Yok,512 GB,,2.8 GHz,13.908 TL
2251,HONOR,4.8,48,"9,1",Notebook,Belirtilmemiþ,Var,1 - 2 kg,Yok,"15,6 inç",Dahili Ekran Kartý,Onboard,10.Nesil,Intel Core i5,Windows 10 Home,Yok,1920 x 1080,Var,8 GB,DDR4,512 GB,512 GB,,Belirtilmemiþ,8.379 TL
2252,HP,4.2,16,"9,9",Notebook,3200 MHz,Var,2 - 4 kg,Yok,"15,6 inç",Harici Ekran Kartý,GDDR6,11.Nesil,Intel Core i5,Windows 11 Home,4.4 GHz,1920 x 1080,Yok,16 GB,DDR4,Yok,512 GB,4 - 6 Saat,2.6 GHz,15.999 TL
2253,Asus,4.8,165,,Notebook,2400 MHz,Var,1 - 2 kg,Yok,"15,6 inç",Dahili Ekran Kartý,Onboard,10.Nesil,Intel Core i3,Windows 10 Home,4.1 GHz,1366 x 768,Yok,4 GB,DDR4,Yok,256 GB,,2.1 GHz,5.988 TL
2254,Dell,4.4,7,"9,7",Notebook,2666 MHz,Var,1 - 2 kg,Yok,14 inç,Harici Ekran Kartý,GDDR5,11.Nesil,Intel Core i7,Ubuntu,4.7 GHz,1920 x 1080,Yok,8 GB,DDR4,Yok,512 GB,,2.80 GHz,16.399 TL
2255,Casper,4.4,167,,Notebook,2133 MHz,Var,1 - 2 kg,Yok,14 inç,Dahili Ekran Kartý,Onboard,Yok,Intel Celeron,Windows 11 Home,2.6 GHz,1366 x 768,Yok,4 GB,DDR3,Yok,120 GB,,1.10 GHz,3.948 TL
2256,Lenovo,4.7,15,10,Notebook,3200 MHz,Var,2 kg ve Altý,Yok,14 inç,Dahili Ekran Kartý,Onboard,11.Nesil,Intel Core i5,Windows 10 Home,4.2 GHz,1920 x 1080,Yok,8 GB,DDR4,Yok,512 GB,3 Saat ve Altý,2.40 GHz,8.999 TL
2257,Lenovo,4.4,237,"9,8",Notebook,2400 MHz,Var,2 kg ve Altý,Belirtilmemiþ,14 inç,Dahili Ekran Kartý,Onboard,4.Nesil,Intel Celeron,Yok (Free Dos),2.8 GHz,1366 x 768,Yok,4 GB,DDR4,Yok,128 GB,6 Saat ve Üstü,1.1 GHz,3.821 TL
2258,HP,5.0,15,10,Notebook,2666 MHz,Var,2 - 4 kg,Yok,"15,6 inç",Dahili Ekran Kartý,Belirtilmemiþ,11.Nesil,Intel Core i3,Windows 10 Home,4.1 GHz,1920 x 1080,Yok,4 GB,DDR4,Yok,256 GB,,1.7 GHz,6.899 TL
2259,Casper,4.6,40,10,Oyun Bilgisayarlarý,2933 MHz,Var,2 - 4 kg,Yok,"15,6 inç",Yüksek Seviye Harici Ekran Kartý,GDDR6,10. Nesil,Intel Core i5,Windows 11 Home,4.5 GHz,1920 x 1080,Yok,8 GB,DDR4,Yok,250 GB,,2.5 GHz,12.499 TL
2260,Lenovo,5.0,2,"9,8",Notebook,2666 MHz,Var,2 kg ve Altý,Yok,14 inç,Dahili Ekran Kartý,Onboard,11.Nesil,Intel Core i5,Yok (Free Dos),4.2 GHz,1920 x 1080,Yok,8 GB,DDR4,Yok,512 GB,,2.4 GHz,7.999 TL
2261,Lenovo,,,"9,1",Notebook,2933 MHz,Var,1 - 2 kg,Yok,"15,6 inç",Dahili Ekran Kartý,Onboard,11.Nesil,Intel Core i5,Windows 10 Home,4.2 GHz,1920 x 1080,Yok,12 GB,DDR4,Yok,2 TB,,2.4 GHz,16.139 TL
2262,Lenovo,4.7,267,10,Oyun Bilgisayarlarý,3200 MHz,Var,2 - 4 kg,Yok,"15,6 inç",Yüksek Seviye Harici Ekran Kartý,GDDR6,5.Nesil,AMD Ryzen 5,Yok (Free Dos),4.2 GHz,1920 x 1080,Yok,8 GB,DDR4,Yok,512 GB,6 Saat ve Üstü,3.3 GHz,13.998 TL
2263,Lenovo,4.6,13,"9,6",Notebook,3200 MHz,Var,2 - 4 kg,Yok,14 inç,Harici Ekran Kartý,GDDR5,11.Nesil,Intel Core i5,Yok (Free Dos),4.2 GHz,1920 x 1080,Yok,8 GB,DDR4,Yok,256 GB,4 - 6 Saat,2.4 GHz,8.999 TL
2264,Monster,4.7,268,"9,9",Oyun Bilgisayarlarý,3200 MHz,Var,2 - 4 kg,Yok,"15,6 inç",Harici Ekran Kartý,GDDR6,11.Nesil,Intel Core i5,Yok (Free Dos),4.5 GHz,1920 x 1080,Yok,16 GB,DDR4,Yok,500 GB,,2.70 GHz,16.099 TL
2265,Lenovo,4.7,146,"9,9",Notebook,Belirtilmemiþ,Var,1 - 2 kg,Yok,"15,6 inç",Dahili Ekran Kartý,Belirtilmemiþ,11.Nesil,Intel Core i5,Windows 10 Home,4.2 GHz,1920 x 1080,Yok,8 GB,Belirtilmemiþ,Yok,256 GB,6 Saat ve Üstü,2.4 GHz,11.682 TL
2266,HP,,,09,Notebook,3200 MHz,Var,1 - 2 kg,Yok,14 inç,Dahili Ekran Kartý,Onboard,11.Nesil,Intel Core i5,Windows 10 Pro,4.2 GHz,1920 x 1080,Yok,8 GB,DDR4,Yok,512 GB,4 - 6 Saat,2.4 GHz,14.088 TL
2267,Dell,,,"9,8",Notebook,2666 MHz,Var,1 - 2 kg,Yok,"15,6 inç",Dahili Ekran Kartý,Onboard,11.Nesil,Intel Core i7,Windows 10 Home,4.7 GHz,1920 x 1080,Yok,8 GB,DDR4,Yok,512 GB,,2.8 GHz,18.175 TL
2268,Asus,4.8,85,10,Ýkisi Bir Arada,3733 MHz,Var,1 - 2 kg,Var,"13,3 inç",Dahili Ekran Kartý,Onboard,10.Nesil,Intel Core i5,Windows 10 Home,3.7 GHz,1920 x 1080,Yok,8 GB,LPDDR4X,Yok,512 GB,,1.1 GHz,11.599 TL
2269,Dell,4.7,129,10,Oyun Bilgisayarlarý,3200 MHz,Var,2 - 4 kg,Yok,"15,6 inç",Harici Ekran Kartý,GDDR6,Ryzen,AMD Ryzen 7,Windows 11 Home,4.4 GHz,1920 x 1080,Belirtilmemiþ,16 GB,DDR4,Yok,512 GB,,3.2 GHz,19.999 TL
2270,Acer,5.0,3,,Oyun Bilgisayarlarý,Belirtilmemiþ,Var,2 kg ve Altý,Yok,"15,6 inç",Yüksek Seviye Harici Ekran Kartý,GDDR6,5.Nesil,AMD Ryzen 5,Yok (Free Dos),4.3 GHz,1920 x 1080,Yok,16 GB,DDR4,Yok,512 GB,,3.3 GHz,18.998 TL
2271,Dell,4.9,65,,Oyun Bilgisayarlarý,3200 MHz,Var,2 - 4 kg,Yok,"15,6 inç",Harici Ekran Kartý,GDDR6,11.Nesil,Intel Core i7,Ubuntu,4.6 GHz,1920 x 1080,Yok,16 GB,DDR4,Yok,512 GB,,2.30 GHz,19.998 TL
2272,Monster,4.7,213,"9,9",Oyun Bilgisayarlarý,3200 MHz,Var,2 - 4 kg,Yok,"15,6 inç",Harici Ekran Kartý,GDDR6,11.Nesil,Intel Core i5,Yok (Free Dos),4.5 GHz,1920 x 1080,Yok,8 GB,DDR4,Yok,500 GB,3 Saat ve Altý,2.70 GHz,15.699 TL
2273,Fujitsu,,,"9,7",Notebook,3200 MHz,Var,1 - 2 kg,Yok,"15,6 inç",Dahili Ekran Kartý,Belirtilmemiþ,10.Nesil,Intel Core i5,Windows 10 Home,3.6 GHz,1920 x 1080,Yok,8 GB,DDR4,Yok,480 GB,4 - 6 Saat,1 GHz,9.327 TL
2274,Huawei,4.7,154,09,Notebook,Belirtilmemiþ,Var,1 - 2 kg,Yok,"15,6 inç",Dahili Ekran Kartý,Onboard,11.Nesil,Intel Core i7,Windows 11 Home,4.7 GHz,1920 x 1080,Var,16 GB,DDR4,Yok,512 GB,,2.8 GHz,13.908 TL
2275,HONOR,4.8,48,"9,1",Notebook,Belirtilmemiþ,Var,1 - 2 kg,Yok,"15,6 inç",Dahili Ekran Kartý,Onboard,10.Nesil,Intel Core i5,Windows 10 Home,Yok,1920 x 1080,Var,8 GB,DDR4,512 GB,512 GB,,Belirtilmemiþ,8.379 TL
2276,HP,4.2,16,"9,9",Notebook,3200 MHz,Var,2 - 4 kg,Yok,"15,6 inç",Harici Ekran Kartý,GDDR6,11.Nesil,Intel Core i5,Windows 11 Home,4.4 GHz,1920 x 1080,Yok,16 GB,DDR4,Yok,512 GB,4 - 6 Saat,2.6 GHz,15.999 TL
2277,Asus,4.8,165,,Notebook,2400 MHz,Var,1 - 2 kg,Yok,"15,6 inç",Dahili Ekran Kartý,Onboard,10.Nesil,Intel Core i3,Windows 10 Home,4.1 GHz,1366 x 768,Yok,4 GB,DDR4,Yok,256 GB,,2.1 GHz,5.988 TL
2278,Dell,4.4,7,"9,7",Notebook,2666 MHz,Var,1 - 2 kg,Yok,14 inç,Harici Ekran Kartý,GDDR5,11.Nesil,Intel Core i7,Ubuntu,4.7 GHz,1920 x 1080,Yok,8 GB,DDR4,Yok,512 GB,,2.80 GHz,16.399 TL
2279,Casper,4.4,167,,Notebook,2133 MHz,Var,1 - 2 kg,Yok,14 inç,Dahili Ekran Kartý,Onboard,Yok,Intel Celeron,Windows 11 Home,2.6 GHz,1366 x 768,Yok,4 GB,DDR3,Yok,120 GB,,1.10 GHz,3.948 TL
2280,Lenovo,4.7,15,10,Notebook,3200 MHz,Var,2 kg ve Altý,Yok,14 inç,Dahili Ekran Kartý,Onboard,11.Nesil,Intel Core i5,Windows 10 Home,4.2 GHz,1920 x 1080,Yok,8 GB,DDR4,Yok,512 GB,3 Saat ve Altý,2.40 GHz,8.999 TL
2281,Lenovo,4.4,237,"9,8",Notebook,2400 MHz,Var,2 kg ve Altý,Belirtilmemiþ,14 inç,Dahili Ekran Kartý,Onboard,4.Nesil,Intel Celeron,Yok (Free Dos),2.8 GHz,1366 x 768,Yok,4 GB,DDR4,Yok,128 GB,6 Saat ve Üstü,1.1 GHz,3.821 TL
2282,HP,,,09,Notebook,3200 MHz,Var,1 - 2 kg,Yok,14 inç,Dahili Ekran Kartý,Onboard,11.Nesil,Intel Core i5,Windows 10 Pro,4.2 GHz,1920 x 1080,Yok,8 GB,DDR4,Yok,512 GB,4 - 6 Saat,2.4 GHz,14.088 TL
2283,Lenovo,,,"9,1",Notebook,2933 MHz,Var,1 - 2 kg,Yok,"15,6 inç",Dahili Ekran Kartý,Onboard,11.Nesil,Intel Core i5,Windows 10 Home,4.2 GHz,1920 x 1080,Yok,12 GB,DDR4,Yok,2 TB,,2.4 GHz,16.139 TL
2284,Casper,4.6,40,10,Oyun Bilgisayarlarý,2933 MHz,Var,2 - 4 kg,Yok,"15,6 inç",Yüksek Seviye Harici Ekran Kartý,GDDR6,10. Nesil,Intel Core i5,Windows 11 Home,4.5 GHz,1920 x 1080,Yok,8 GB,DDR4,Yok,250 GB,,2.5 GHz,12.499 TL
2285,Lenovo,5.0,2,"9,8",Notebook,2666 MHz,Var,2 kg ve Altý,Yok,14 inç,Dahili Ekran Kartý,Onboard,11.Nesil,Intel Core i5,Yok (Free Dos),4.2 GHz,1920 x 1080,Yok,8 GB,DDR4,Yok,512 GB,,2.4 GHz,7.999 TL
2286,Lenovo,4.7,267,10,Oyun Bilgisayarlarý,3200 MHz,Var,2 - 4 kg,Yok,"15,6 inç",Yüksek Seviye Harici Ekran Kartý,GDDR6,5.Nesil,AMD Ryzen 5,Yok (Free Dos),4.2 GHz,1920 x 1080,Yok,8 GB,DDR4,Yok,512 GB,6 Saat ve Üstü,3.3 GHz,13.998 TL
2287,Lenovo,4.6,13,"9,6",Notebook,3200 MHz,Var,2 - 4 kg,Yok,14 inç,Harici Ekran Kartý,GDDR5,11.Nesil,Intel Core i5,Yok (Free Dos),4.2 GHz,1920 x 1080,Yok,8 GB,DDR4,Yok,256 GB,4 - 6 Saat,2.4 GHz,8.999 TL
2288,Monster,4.7,268,"9,9",Oyun Bilgisayarlarý,3200 MHz,Var,2 - 4 kg,Yok,"15,6 inç",Harici Ekran Kartý,GDDR6,11.Nesil,Intel Core i5,Yok (Free Dos),4.5 GHz,1920 x 1080,Yok,16 GB,DDR4,Yok,500 GB,,2.70 GHz,16.099 TL
2289,HP,5.0,15,10,Notebook,2666 MHz,Var,2 - 4 kg,Yok,"15,6 inç",Dahili Ekran Kartý,Belirtilmemiþ,11.Nesil,Intel Core i3,Windows 10 Home,4.1 GHz,1920 x 1080,Yok,4 GB,DDR4,Yok,256 GB,,1.7 GHz,6.899 TL
2290,Lenovo,4.7,146,"9,9",Notebook,Belirtilmemiþ,Var,1 - 2 kg,Yok,"15,6 inç",Dahili Ekran Kartý,Belirtilmemiþ,11.Nesil,Intel Core i5,Windows 10 Home,4.2 GHz,1920 x 1080,Yok,8 GB,Belirtilmemiþ,Yok,256 GB,6 Saat ve Üstü,2.4 GHz,11.682 TL
2291,Dell,,,"9,8",Notebook,2666 MHz,Var,1 - 2 kg,Yok,"15,6 inç",Dahili Ekran Kartý,Onboard,11.Nesil,Intel Core i7,Windows 10 Home,4.7 GHz,1920 x 1080,Yok,8 GB,DDR4,Yok,512 GB,,2.8 GHz,18.175 TL
2292,Asus,4.8,85,10,Ýkisi Bir Arada,3733 MHz,Var,1 - 2 kg,Var,"13,3 inç",Dahili Ekran Kartý,Onboard,10.Nesil,Intel Core i5,Windows 10 Home,3.7 GHz,1920 x 1080,Yok,8 GB,LPDDR4X,Yok,512 GB,,1.1 GHz,11.599 TL
2293,Dell,4.7,129,10,Oyun Bilgisayarlarý,3200 MHz,Var,2 - 4 kg,Yok,"15,6 inç",Harici Ekran Kartý,GDDR6,Ryzen,AMD Ryzen 7,Windows 11 Home,4.4 GHz,1920 x 1080,Belirtilmemiþ,16 GB,DDR4,Yok,512 GB,,3.2 GHz,19.999 TL
2294,Acer,5.0,3,,Oyun Bilgisayarlarý,Belirtilmemiþ,Var,2 kg ve Altý,Yok,"15,6 inç",Yüksek Seviye Harici Ekran Kartý,GDDR6,5.Nesil,AMD Ryzen 5,Yok (Free Dos),4.3 GHz,1920 x 1080,Yok,16 GB,DDR4,Yok,512 GB,,3.3 GHz,18.998 TL
2295,Fujitsu,,,"9,7",Notebook,3200 MHz,Var,1 - 2 kg,Yok,"15,6 inç",Dahili Ekran Kartý,Belirtilmemiþ,10.Nesil,Intel Core i5,Windows 10 Home,3.6 GHz,1920 x 1080,Yok,8 GB,DDR4,Yok,480 GB,4 - 6 Saat,1 GHz,9.327 TL
2296,Dell,4.9,65,,Oyun Bilgisayarlarý,3200 MHz,Var,2 - 4 kg,Yok,"15,6 inç",Harici Ekran Kartý,GDDR6,11.Nesil,Intel Core i7,Ubuntu,4.6 GHz,1920 x 1080,Yok,16 GB,DDR4,Yok,512 GB,,2.30 GHz,19.998 TL
2297,Monster,4.7,213,"9,9",Oyun Bilgisayarlarý,3200 MHz,Var,2 - 4 kg,Yok,"15,6 inç",Harici Ekran Kartý,GDDR6,11.Nesil,Intel Core i5,Yok (Free Dos),4.5 GHz,1920 x 1080,Yok,8 GB,DDR4,Yok,500 GB,3 Saat ve Altý,2.70 GHz,15.699 TL
2298,Huawei,4.7,154,09,Notebook,Belirtilmemiþ,Var,1 - 2 kg,Yok,"15,6 inç",Dahili Ekran Kartý,Onboard,11.Nesil,Intel Core i7,Windows 11 Home,4.7 GHz,1920 x 1080,Var,16 GB,DDR4,Yok,512 GB,,2.8 GHz,13.908 TL
2299,HONOR,4.8,48,"9,1",Notebook,Belirtilmemiþ,Var,1 - 2 kg,Yok,"15,6 inç",Dahili Ekran Kartý,Onboard,10.Nesil,Intel Core i5,Windows 10 Home,Yok,1920 x 1080,Var,8 GB,DDR4,512 GB,512 GB,,Belirtilmemiþ,8.379 TL
2300,HP,4.2,16,"9,9",Notebook,3200 MHz,Var,2 - 4 kg,Yok,"15,6 inç",Harici Ekran Kartý,GDDR6,11.Nesil,Intel Core i5,Windows 11 Home,4.4 GHz,1920 x 1080,Yok,16 GB,DDR4,Yok,512 GB,4 - 6 Saat,2.6 GHz,15.999 TL
2301,Asus,4.8,165,,Notebook,2400 MHz,Var,1 - 2 kg,Yok,"15,6 inç",Dahili Ekran Kartý,Onboard,10.Nesil,Intel Core i3,Windows 10 Home,4.1 GHz,1366 x 768,Yok,4 GB,DDR4,Yok,256 GB,,2.1 GHz,5.988 TL
2302,Dell,4.4,7,"9,7",Notebook,2666 MHz,Var,1 - 2 kg,Yok,14 inç,Harici Ekran Kartý,GDDR5,11.Nesil,Intel Core i7,Ubuntu,4.7 GHz,1920 x 1080,Yok,8 GB,DDR4,Yok,512 GB,,2.80 GHz,16.399 TL
2303,Casper,4.4,167,,Notebook,2133 MHz,Var,1 - 2 kg,Yok,14 inç,Dahili Ekran Kartý,Onboard,Yok,Intel Celeron,Windows 11 Home,2.6 GHz,1366 x 768,Yok,4 GB,DDR3,Yok,120 GB,,1.10 GHz,3.948 TL
2304,Lenovo,4.7,15,10,Notebook,3200 MHz,Var,2 kg ve Altý,Yok,14 inç,Dahili Ekran Kartý,Onboard,11.Nesil,Intel Core i5,Windows 10 Home,4.2 GHz,1920 x 1080,Yok,8 GB,DDR4,Yok,512 GB,3 Saat ve Altý,2.40 GHz,8.999 TL
2305,Lenovo,4.4,237,"9,8",Notebook,2400 MHz,Var,2 kg ve Altý,Belirtilmemiþ,14 inç,Dahili Ekran Kartý,Onboard,4.Nesil,Intel Celeron,Yok (Free Dos),2.8 GHz,1366 x 768,Yok,4 GB,DDR4,Yok,128 GB,6 Saat ve Üstü,1.1 GHz,3.821 TL
2306,HP,,,09,Notebook,3200 MHz,Var,1 - 2 kg,Yok,14 inç,Dahili Ekran Kartý,Onboard,11.Nesil,Intel Core i5,Windows 10 Pro,4.2 GHz,1920 x 1080,Yok,8 GB,DDR4,Yok,512 GB,4 - 6 Saat,2.4 GHz,14.088 TL
2307,Lenovo,,,"9,1",Notebook,2933 MHz,Var,1 - 2 kg,Yok,"15,6 inç",Dahili Ekran Kartý,Onboard,11.Nesil,Intel Core i5,Windows 10 Home,4.2 GHz,1920 x 1080,Yok,12 GB,DDR4,Yok,2 TB,,2.4 GHz,16.139 TL
2308,Casper,4.6,40,10,Oyun Bilgisayarlarý,2933 MHz,Var,2 - 4 kg,Yok,"15,6 inç",Yüksek Seviye Harici Ekran Kartý,GDDR6,10. Nesil,Intel Core i5,Windows 11 Home,4.5 GHz,1920 x 1080,Yok,8 GB,DDR4,Yok,250 GB,,2.5 GHz,12.499 TL
2309,Lenovo,5.0,2,"9,8",Notebook,2666 MHz,Var,2 kg ve Altý,Yok,14 inç,Dahili Ekran Kartý,Onboard,11.Nesil,Intel Core i5,Yok (Free Dos),4.2 GHz,1920 x 1080,Yok,8 GB,DDR4,Yok,512 GB,,2.4 GHz,7.999 TL
2310,Lenovo,4.7,267,10,Oyun Bilgisayarlarý,3200 MHz,Var,2 - 4 kg,Yok,"15,6 inç",Yüksek Seviye Harici Ekran Kartý,GDDR6,5.Nesil,AMD Ryzen 5,Yok (Free Dos),4.2 GHz,1920 x 1080,Yok,8 GB,DDR4,Yok,512 GB,6 Saat ve Üstü,3.3 GHz,13.998 TL
2311,Lenovo,4.6,13,"9,6",Notebook,3200 MHz,Var,2 - 4 kg,Yok,14 inç,Harici Ekran Kartý,GDDR5,11.Nesil,Intel Core i5,Yok (Free Dos),4.2 GHz,1920 x 1080,Yok,8 GB,DDR4,Yok,256 GB,4 - 6 Saat,2.4 GHz,8.999 TL
2312,Monster,4.7,268,"9,9",Oyun Bilgisayarlarý,3200 MHz,Var,2 - 4 kg,Yok,"15,6 inç",Harici Ekran Kartý,GDDR6,11.Nesil,Intel Core i5,Yok (Free Dos),4.5 GHz,1920 x 1080,Yok,16 GB,DDR4,Yok,500 GB,,2.70 GHz,16.099 TL
2313,HP,5.0,15,10,Notebook,2666 MHz,Var,2 - 4 kg,Yok,"15,6 inç",Dahili Ekran Kartý,Belirtilmemiþ,11.Nesil,Intel Core i3,Windows 10 Home,4.1 GHz,1920 x 1080,Yok,4 GB,DDR4,Yok,256 GB,,1.7 GHz,6.899 TL
2314,Lenovo,4.7,146,"9,9",Notebook,Belirtilmemiþ,Var,1 - 2 kg,Yok,"15,6 inç",Dahili Ekran Kartý,Belirtilmemiþ,11.Nesil,Intel Core i5,Windows 10 Home,4.2 GHz,1920 x 1080,Yok,8 GB,Belirtilmemiþ,Yok,256 GB,6 Saat ve Üstü,2.4 GHz,11.682 TL
2315,Dell,,,"9,8",Notebook,2666 MHz,Var,1 - 2 kg,Yok,"15,6 inç",Dahili Ekran Kartý,Onboard,11.Nesil,Intel Core i7,Windows 10 Home,4.7 GHz,1920 x 1080,Yok,8 GB,DDR4,Yok,512 GB,,2.8 GHz,18.175 TL
2316,Asus,4.8,85,10,Ýkisi Bir Arada,3733 MHz,Var,1 - 2 kg,Var,"13,3 inç",Dahili Ekran Kartý,Onboard,10.Nesil,Intel Core i5,Windows 10 Home,3.7 GHz,1920 x 1080,Yok,8 GB,LPDDR4X,Yok,512 GB,,1.1 GHz,11.599 TL
2317,Dell,4.7,129,10,Oyun Bilgisayarlarý,3200 MHz,Var,2 - 4 kg,Yok,"15,6 inç",Harici Ekran Kartý,GDDR6,Ryzen,AMD Ryzen 7,Windows 11 Home,4.4 GHz,1920 x 1080,Belirtilmemiþ,16 GB,DDR4,Yok,512 GB,,3.2 GHz,19.999 TL
2318,Acer,5.0,3,,Oyun Bilgisayarlarý,Belirtilmemiþ,Var,2 kg ve Altý,Yok,"15,6 inç",Yüksek Seviye Harici Ekran Kartý,GDDR6,5.Nesil,AMD Ryzen 5,Yok (Free Dos),4.3 GHz,1920 x 1080,Yok,16 GB,DDR4,Yok,512 GB,,3.3 GHz,18.998 TL
2319,Fujitsu,,,"9,7",Notebook,3200 MHz,Var,1 - 2 kg,Yok,"15,6 inç",Dahili Ekran Kartý,Belirtilmemiþ,10.Nesil,Intel Core i5,Windows 10 Home,3.6 GHz,1920 x 1080,Yok,8 GB,DDR4,Yok,480 GB,4 - 6 Saat,1 GHz,9.327 TL
2320,Dell,4.9,65,,Oyun Bilgisayarlarý,3200 MHz,Var,2 - 4 kg,Yok,"15,6 inç",Harici Ekran Kartý,GDDR6,11.Nesil,Intel Core i7,Ubuntu,4.6 GHz,1920 x 1080,Yok,16 GB,DDR4,Yok,512 GB,,2.30 GHz,19.998 TL
2321,Monster,4.7,213,"9,9",Oyun Bilgisayarlarý,3200 MHz,Var,2 - 4 kg,Yok,"15,6 inç",Harici Ekran Kartý,GDDR6,11.Nesil,Intel Core i5,Yok (Free Dos),4.5 GHz,1920 x 1080,Yok,8 GB,DDR4,Yok,500 GB,3 Saat ve Altý,2.70 GHz,15.699 TL
2322,Huawei,4.7,154,09,Notebook,Belirtilmemiþ,Var,1 - 2 kg,Yok,"15,6 inç",Dahili Ekran Kartý,Onboard,11.Nesil,Intel Core i7,Windows 11 Home,4.7 GHz,1920 x 1080,Var,16 GB,DDR4,Yok,512 GB,,2.8 GHz,13.908 TL
2323,HONOR,4.8,48,"9,1",Notebook,Belirtilmemiþ,Var,1 - 2 kg,Yok,"15,6 inç",Dahili Ekran Kartý,Onboard,10.Nesil,Intel Core i5,Windows 10 Home,Yok,1920 x 1080,Var,8 GB,DDR4,512 GB,512 GB,,Belirtilmemiþ,8.379 TL
2324,HP,4.2,16,"9,9",Notebook,3200 MHz,Var,2 - 4 kg,Yok,"15,6 inç",Harici Ekran Kartý,GDDR6,11.Nesil,Intel Core i5,Windows 11 Home,4.4 GHz,1920 x 1080,Yok,16 GB,DDR4,Yok,512 GB,4 - 6 Saat,2.6 GHz,15.999 TL
2325,Asus,4.8,165,,Notebook,2400 MHz,Var,1 - 2 kg,Yok,"15,6 inç",Dahili Ekran Kartý,Onboard,10.Nesil,Intel Core i3,Windows 10 Home,4.1 GHz,1366 x 768,Yok,4 GB,DDR4,Yok,256 GB,,2.1 GHz,5.988 TL
2326,Dell,4.4,7,"9,7",Notebook,2666 MHz,Var,1 - 2 kg,Yok,14 inç,Harici Ekran Kartý,GDDR5,11.Nesil,Intel Core i7,Ubuntu,4.7 GHz,1920 x 1080,Yok,8 GB,DDR4,Yok,512 GB,,2.80 GHz,16.399 TL
2327,Casper,4.4,167,,Notebook,2133 MHz,Var,1 - 2 kg,Yok,14 inç,Dahili Ekran Kartý,Onboard,Yok,Intel Celeron,Windows 11 Home,2.6 GHz,1366 x 768,Yok,4 GB,DDR3,Yok,120 GB,,1.10 GHz,3.948 TL
2328,Lenovo,4.7,15,10,Notebook,3200 MHz,Var,2 kg ve Altý,Yok,14 inç,Dahili Ekran Kartý,Onboard,11.Nesil,Intel Core i5,Windows 10 Home,4.2 GHz,1920 x 1080,Yok,8 GB,DDR4,Yok,512 GB,3 Saat ve Altý,2.40 GHz,8.999 TL
2329,Lenovo,4.4,237,"9,8",Notebook,2400 MHz,Var,2 kg ve Altý,Belirtilmemiþ,14 inç,Dahili Ekran Kartý,Onboard,4.Nesil,Intel Celeron,Yok (Free Dos),2.8 GHz,1366 x 768,Yok,4 GB,DDR4,Yok,128 GB,6 Saat ve Üstü,1.1 GHz,3.821 TL
2330,HP,,,09,Notebook,3200 MHz,Var,1 - 2 kg,Yok,14 inç,Dahili Ekran Kartý,Onboard,11.Nesil,Intel Core i5,Windows 10 Pro,4.2 GHz,1920 x 1080,Yok,8 GB,DDR4,Yok,512 GB,4 - 6 Saat,2.4 GHz,14.088 TL
2331,Lenovo,,,"9,1",Notebook,2933 MHz,Var,1 - 2 kg,Yok,"15,6 inç",Dahili Ekran Kartý,Onboard,11.Nesil,Intel Core i5,Windows 10 Home,4.2 GHz,1920 x 1080,Yok,12 GB,DDR4,Yok,2 TB,,2.4 GHz,16.139 TL
2332,Casper,4.6,40,10,Oyun Bilgisayarlarý,2933 MHz,Var,2 - 4 kg,Yok,"15,6 inç",Yüksek Seviye Harici Ekran Kartý,GDDR6,10. Nesil,Intel Core i5,Windows 11 Home,4.5 GHz,1920 x 1080,Yok,8 GB,DDR4,Yok,250 GB,,2.5 GHz,12.499 TL
2333,Lenovo,5.0,2,"9,8",Notebook,2666 MHz,Var,2 kg ve Altý,Yok,14 inç,Dahili Ekran Kartý,Onboard,11.Nesil,Intel Core i5,Yok (Free Dos),4.2 GHz,1920 x 1080,Yok,8 GB,DDR4,Yok,512 GB,,2.4 GHz,7.999 TL
2334,Lenovo,4.7,267,10,Oyun Bilgisayarlarý,3200 MHz,Var,2 - 4 kg,Yok,"15,6 inç",Yüksek Seviye Harici Ekran Kartý,GDDR6,5.Nesil,AMD Ryzen 5,Yok (Free Dos),4.2 GHz,1920 x 1080,Yok,8 GB,DDR4,Yok,512 GB,6 Saat ve Üstü,3.3 GHz,13.998 TL
2335,Lenovo,4.6,13,"9,6",Notebook,3200 MHz,Var,2 - 4 kg,Yok,14 inç,Harici Ekran Kartý,GDDR5,11.Nesil,Intel Core i5,Yok (Free Dos),4.2 GHz,1920 x 1080,Yok,8 GB,DDR4,Yok,256 GB,4 - 6 Saat,2.4 GHz,8.999 TL
2336,Monster,4.7,268,"9,9",Oyun Bilgisayarlarý,3200 MHz,Var,2 - 4 kg,Yok,"15,6 inç",Harici Ekran Kartý,GDDR6,11.Nesil,Intel Core i5,Yok (Free Dos),4.5 GHz,1920 x 1080,Yok,16 GB,DDR4,Yok,500 GB,,2.70 GHz,16.099 TL
2337,HP,5.0,15,10,Notebook,2666 MHz,Var,2 - 4 kg,Yok,"15,6 inç",Dahili Ekran Kartý,Belirtilmemiþ,11.Nesil,Intel Core i3,Windows 10 Home,4.1 GHz,1920 x 1080,Yok,4 GB,DDR4,Yok,256 GB,,1.7 GHz,6.899 TL
2338,Lenovo,4.7,146,"9,9",Notebook,Belirtilmemiþ,Var,1 - 2 kg,Yok,"15,6 inç",Dahili Ekran Kartý,Belirtilmemiþ,11.Nesil,Intel Core i5,Windows 10 Home,4.2 GHz,1920 x 1080,Yok,8 GB,Belirtilmemiþ,Yok,256 GB,6 Saat ve Üstü,2.4 GHz,11.682 TL
2339,Dell,,,"9,8",Notebook,2666 MHz,Var,1 - 2 kg,Yok,"15,6 inç",Dahili Ekran Kartý,Onboard,11.Nesil,Intel Core i7,Windows 10 Home,4.7 GHz,1920 x 1080,Yok,8 GB,DDR4,Yok,512 GB,,2.8 GHz,18.175 TL
2340,Asus,4.8,85,10,Ýkisi Bir Arada,3733 MHz,Var,1 - 2 kg,Var,"13,3 inç",Dahili Ekran Kartý,Onboard,10.Nesil,Intel Core i5,Windows 10 Home,3.7 GHz,1920 x 1080,Yok,8 GB,LPDDR4X,Yok,512 GB,,1.1 GHz,11.599 TL
2341,Dell,4.7,129,10,Oyun Bilgisayarlarý,3200 MHz,Var,2 - 4 kg,Yok,"15,6 inç",Harici Ekran Kartý,GDDR6,Ryzen,AMD Ryzen 7,Windows 11 Home,4.4 GHz,1920 x 1080,Belirtilmemiþ,16 GB,DDR4,Yok,512 GB,,3.2 GHz,19.999 TL
2342,Acer,5.0,3,,Oyun Bilgisayarlarý,Belirtilmemiþ,Var,2 kg ve Altý,Yok,"15,6 inç",Yüksek Seviye Harici Ekran Kartý,GDDR6,5.Nesil,AMD Ryzen 5,Yok (Free Dos),4.3 GHz,1920 x 1080,Yok,16 GB,DDR4,Yok,512 GB,,3.3 GHz,18.998 TL
2343,Fujitsu,,,"9,7",Notebook,3200 MHz,Var,1 - 2 kg,Yok,"15,6 inç",Dahili Ekran Kartý,Belirtilmemiþ,10.Nesil,Intel Core i5,Windows 10 Home,3.6 GHz,1920 x 1080,Yok,8 GB,DDR4,Yok,480 GB,4 - 6 Saat,1 GHz,9.327 TL
2344,Dell,4.9,65,,Oyun Bilgisayarlarý,3200 MHz,Var,2 - 4 kg,Yok,"15,6 inç",Harici Ekran Kartý,GDDR6,11.Nesil,Intel Core i7,Ubuntu,4.6 GHz,1920 x 1080,Yok,16 GB,DDR4,Yok,512 GB,,2.30 GHz,19.998 TL
2345,Monster,4.7,213,"9,9",Oyun Bilgisayarlarý,3200 MHz,Var,2 - 4 kg,Yok,"15,6 inç",Harici Ekran Kartý,GDDR6,11.Nesil,Intel Core i5,Yok (Free Dos),4.5 GHz,1920 x 1080,Yok,8 GB,DDR4,Yok,500 GB,3 Saat ve Altý,2.70 GHz,15.699 TL
2346,Huawei,4.7,154,09,Notebook,Belirtilmemiþ,Var,1 - 2 kg,Yok,"15,6 inç",Dahili Ekran Kartý,Onboard,11.Nesil,Intel Core i7,Windows 11 Home,4.7 GHz,1920 x 1080,Var,16 GB,DDR4,Yok,512 GB,,2.8 GHz,13.908 TL
2347,HONOR,4.8,48,"9,1",Notebook,Belirtilmemiþ,Var,1 - 2 kg,Yok,"15,6 inç",Dahili Ekran Kartý,Onboard,10.Nesil,Intel Core i5,Windows 10 Home,Yok,1920 x 1080,Var,8 GB,DDR4,512 GB,512 GB,,Belirtilmemiþ,8.379 TL
2348,HP,4.2,16,"9,9",Notebook,3200 MHz,Var,2 - 4 kg,Yok,"15,6 inç",Harici Ekran Kartý,GDDR6,11.Nesil,Intel Core i5,Windows 11 Home,4.4 GHz,1920 x 1080,Yok,16 GB,DDR4,Yok,512 GB,4 - 6 Saat,2.6 GHz,15.999 TL
2349,Asus,4.8,165,,Notebook,2400 MHz,Var,1 - 2 kg,Yok,"15,6 inç",Dahili Ekran Kartý,Onboard,10.Nesil,Intel Core i3,Windows 10 Home,4.1 GHz,1366 x 768,Yok,4 GB,DDR4,Yok,256 GB,,2.1 GHz,5.988 TL
2350,Dell,4.4,7,"9,7",Notebook,2666 MHz,Var,1 - 2 kg,Yok,14 inç,Harici Ekran Kartý,GDDR5,11.Nesil,Intel Core i7,Ubuntu,4.7 GHz,1920 x 1080,Yok,8 GB,DDR4,Yok,512 GB,,2.80 GHz,16.399 TL
2351,Casper,4.4,167,,Notebook,2133 MHz,Var,1 - 2 kg,Yok,14 inç,Dahili Ekran Kartý,Onboard,Yok,Intel Celeron,Windows 11 Home,2.6 GHz,1366 x 768,Yok,4 GB,DDR3,Yok,120 GB,,1.10 GHz,3.948 TL
2352,Lenovo,4.7,15,10,Notebook,3200 MHz,Var,2 kg ve Altý,Yok,14 inç,Dahili Ekran Kartý,Onboard,11.Nesil,Intel Core i5,Windows 10 Home,4.2 GHz,1920 x 1080,Yok,8 GB,DDR4,Yok,512 GB,3 Saat ve Altý,2.40 GHz,8.999 TL
2353,Lenovo,4.4,237,"9,8",Notebook,2400 MHz,Var,2 kg ve Altý,Belirtilmemiþ,14 inç,Dahili Ekran Kartý,Onboard,4.Nesil,Intel Celeron,Yok (Free Dos),2.8 GHz,1366 x 768,Yok,4 GB,DDR4,Yok,128 GB,6 Saat ve Üstü,1.1 GHz,3.821 TL
2354,HP,,,09,Notebook,3200 MHz,Var,1 - 2 kg,Yok,14 inç,Dahili Ekran Kartý,Onboard,11.Nesil,Intel Core i5,Windows 10 Pro,4.2 GHz,1920 x 1080,Yok,8 GB,DDR4,Yok,512 GB,4 - 6 Saat,2.4 GHz,14.088 TL
2355,Lenovo,,,"9,1",Notebook,2933 MHz,Var,1 - 2 kg,Yok,"15,6 inç",Dahili Ekran Kartý,Onboard,11.Nesil,Intel Core i5,Windows 10 Home,4.2 GHz,1920 x 1080,Yok,12 GB,DDR4,Yok,2 TB,,2.4 GHz,16.139 TL
2356,Casper,4.6,40,10,Oyun Bilgisayarlarý,2933 MHz,Var,2 - 4 kg,Yok,"15,6 inç",Yüksek Seviye Harici Ekran Kartý,GDDR6,10. Nesil,Intel Core i5,Windows 11 Home,4.5 GHz,1920 x 1080,Yok,8 GB,DDR4,Yok,250 GB,,2.5 GHz,12.499 TL
2357,Lenovo,5.0,2,"9,8",Notebook,2666 MHz,Var,2 kg ve Altý,Yok,14 inç,Dahili Ekran Kartý,Onboard,11.Nesil,Intel Core i5,Yok (Free Dos),4.2 GHz,1920 x 1080,Yok,8 GB,DDR4,Yok,512 GB,,2.4 GHz,7.999 TL
2358,Lenovo,4.7,267,10,Oyun Bilgisayarlarý,3200 MHz,Var,2 - 4 kg,Yok,"15,6 inç",Yüksek Seviye Harici Ekran Kartý,GDDR6,5.Nesil,AMD Ryzen 5,Yok (Free Dos),4.2 GHz,1920 x 1080,Yok,8 GB,DDR4,Yok,512 GB,6 Saat ve Üstü,3.3 GHz,13.998 TL
2359,Lenovo,4.6,13,"9,6",Notebook,3200 MHz,Var,2 - 4 kg,Yok,14 inç,Harici Ekran Kartý,GDDR5,11.Nesil,Intel Core i5,Yok (Free Dos),4.2 GHz,1920 x 1080,Yok,8 GB,DDR4,Yok,256 GB,4 - 6 Saat,2.4 GHz,8.999 TL
2360,Monster,4.7,268,"9,9",Oyun Bilgisayarlarý,3200 MHz,Var,2 - 4 kg,Yok,"15,6 inç",Harici Ekran Kartý,GDDR6,11.Nesil,Intel Core i5,Yok (Free Dos),4.5 GHz,1920 x 1080,Yok,16 GB,DDR4,Yok,500 GB,,2.70 GHz,16.099 TL
2361,HP,5.0,15,10,Notebook,2666 MHz,Var,2 - 4 kg,Yok,"15,6 inç",Dahili Ekran Kartý,Belirtilmemiþ,11.Nesil,Intel Core i3,Windows 10 Home,4.1 GHz,1920 x 1080,Yok,4 GB,DDR4,Yok,256 GB,,1.7 GHz,6.899 TL
2362,Lenovo,4.7,146,"9,9",Notebook,Belirtilmemiþ,Var,1 - 2 kg,Yok,"15,6 inç",Dahili Ekran Kartý,Belirtilmemiþ,11.Nesil,Intel Core i5,Windows 10 Home,4.2 GHz,1920 x 1080,Yok,8 GB,Belirtilmemiþ,Yok,256 GB,6 Saat ve Üstü,2.4 GHz,11.682 TL
2363,Dell,,,"9,8",Notebook,2666 MHz,Var,1 - 2 kg,Yok,"15,6 inç",Dahili Ekran Kartý,Onboard,11.Nesil,Intel Core i7,Windows 10 Home,4.7 GHz,1920 x 1080,Yok,8 GB,DDR4,Yok,512 GB,,2.8 GHz,18.175 TL
2364,Asus,4.8,85,10,Ýkisi Bir Arada,3733 MHz,Var,1 - 2 kg,Var,"13,3 inç",Dahili Ekran Kartý,Onboard,10.Nesil,Intel Core i5,Windows 10 Home,3.7 GHz,1920 x 1080,Yok,8 GB,LPDDR4X,Yok,512 GB,,1.1 GHz,11.599 TL
2365,Dell,4.7,129,10,Oyun Bilgisayarlarý,3200 MHz,Var,2 - 4 kg,Yok,"15,6 inç",Harici Ekran Kartý,GDDR6,Ryzen,AMD Ryzen 7,Windows 11 Home,4.4 GHz,1920 x 1080,Belirtilmemiþ,16 GB,DDR4,Yok,512 GB,,3.2 GHz,19.999 TL
2366,Acer,5.0,3,,Oyun Bilgisayarlarý,Belirtilmemiþ,Var,2 kg ve Altý,Yok,"15,6 inç",Yüksek Seviye Harici Ekran Kartý,GDDR6,5.Nesil,AMD Ryzen 5,Yok (Free Dos),4.3 GHz,1920 x 1080,Yok,16 GB,DDR4,Yok,512 GB,,3.3 GHz,18.998 TL
2367,Fujitsu,,,"9,7",Notebook,3200 MHz,Var,1 - 2 kg,Yok,"15,6 inç",Dahili Ekran Kartý,Belirtilmemiþ,10.Nesil,Intel Core i5,Windows 10 Home,3.6 GHz,1920 x 1080,Yok,8 GB,DDR4,Yok,480 GB,4 - 6 Saat,1 GHz,9.327 TL
2368,Dell,4.9,65,,Oyun Bilgisayarlarý,3200 MHz,Var,2 - 4 kg,Yok,"15,6 inç",Harici Ekran Kartý,GDDR6,11.Nesil,Intel Core i7,Ubuntu,4.6 GHz,1920 x 1080,Yok,16 GB,DDR4,Yok,512 GB,,2.30 GHz,19.998 TL
2369,Monster,4.7,213,"9,9",Oyun Bilgisayarlarý,3200 MHz,Var,2 - 4 kg,Yok,"15,6 inç",Harici Ekran Kartý,GDDR6,11.Nesil,Intel Core i5,Yok (Free Dos),4.5 GHz,1920 x 1080,Yok,8 GB,DDR4,Yok,500 GB,3 Saat ve Altý,2.70 GHz,15.699 TL
2370,Huawei,4.7,154,09,Notebook,Belirtilmemiþ,Var,1 - 2 kg,Yok,"15,6 inç",Dahili Ekran Kartý,Onboard,11.Nesil,Intel Core i7,Windows 11 Home,4.7 GHz,1920 x 1080,Var,16 GB,DDR4,Yok,512 GB,,2.8 GHz,13.908 TL
2371,HONOR,4.8,48,"9,1",Notebook,Belirtilmemiþ,Var,1 - 2 kg,Yok,"15,6 inç",Dahili Ekran Kartý,Onboard,10.Nesil,Intel Core i5,Windows 10 Home,Yok,1920 x 1080,Var,8 GB,DDR4,512 GB,512 GB,,Belirtilmemiþ,8.379 TL
2372,HP,4.2,16,"9,9",Notebook,3200 MHz,Var,2 - 4 kg,Yok,"15,6 inç",Harici Ekran Kartý,GDDR6,11.Nesil,Intel Core i5,Windows 11 Home,4.4 GHz,1920 x 1080,Yok,16 GB,DDR4,Yok,512 GB,4 - 6 Saat,2.6 GHz,15.999 TL
2373,Asus,4.8,165,,Notebook,2400 MHz,Var,1 - 2 kg,Yok,"15,6 inç",Dahili Ekran Kartý,Onboard,10.Nesil,Intel Core i3,Windows 10 Home,4.1 GHz,1366 x 768,Yok,4 GB,DDR4,Yok,256 GB,,2.1 GHz,5.988 TL
2374,Dell,4.4,7,"9,7",Notebook,2666 MHz,Var,1 - 2 kg,Yok,14 inç,Harici Ekran Kartý,GDDR5,11.Nesil,Intel Core i7,Ubuntu,4.7 GHz,1920 x 1080,Yok,8 GB,DDR4,Yok,512 GB,,2.80 GHz,16.399 TL
2375,Casper,4.4,167,,Notebook,2133 MHz,Var,1 - 2 kg,Yok,14 inç,Dahili Ekran Kartý,Onboard,Yok,Intel Celeron,Windows 11 Home,2.6 GHz,1366 x 768,Yok,4 GB,DDR3,Yok,120 GB,,1.10 GHz,3.948 TL
2376,Lenovo,4.7,15,10,Notebook,3200 MHz,Var,2 kg ve Altý,Yok,14 inç,Dahili Ekran Kartý,Onboard,11.Nesil,Intel Core i5,Windows 10 Home,4.2 GHz,1920 x 1080,Yok,8 GB,DDR4,Yok,512 GB,3 Saat ve Altý,2.40 GHz,8.999 TL
2377,Lenovo,4.4,237,"9,8",Notebook,2400 MHz,Var,2 kg ve Altý,Belirtilmemiþ,14 inç,Dahili Ekran Kartý,Onboard,4.Nesil,Intel Celeron,Yok (Free Dos),2.8 GHz,1366 x 768,Yok,4 GB,DDR4,Yok,128 GB,6 Saat ve Üstü,1.1 GHz,3.821 TL
2378,HP,,,09,Notebook,3200 MHz,Var,1 - 2 kg,Yok,14 inç,Dahili Ekran Kartý,Onboard,11.Nesil,Intel Core i5,Windows 10 Pro,4.2 GHz,1920 x 1080,Yok,8 GB,DDR4,Yok,512 GB,4 - 6 Saat,2.4 GHz,14.088 TL
2379,Lenovo,,,"9,1",Notebook,2933 MHz,Var,1 - 2 kg,Yok,"15,6 inç",Dahili Ekran Kartý,Onboard,11.Nesil,Intel Core i5,Windows 10 Home,4.2 GHz,1920 x 1080,Yok,12 GB,DDR4,Yok,2 TB,,2.4 GHz,16.139 TL
2380,Casper,4.6,40,10,Oyun Bilgisayarlarý,2933 MHz,Var,2 - 4 kg,Yok,"15,6 inç",Yüksek Seviye Harici Ekran Kartý,GDDR6,10. Nesil,Intel Core i5,Windows 11 Home,4.5 GHz,1920 x 1080,Yok,8 GB,DDR4,Yok,250 GB,,2.5 GHz,12.499 TL
2381,Lenovo,5.0,2,"9,8",Notebook,2666 MHz,Var,2 kg ve Altý,Yok,14 inç,Dahili Ekran Kartý,Onboard,11.Nesil,Intel Core i5,Yok (Free Dos),4.2 GHz,1920 x 1080,Yok,8 GB,DDR4,Yok,512 GB,,2.4 GHz,7.999 TL
2382,Lenovo,4.7,267,10,Oyun Bilgisayarlarý,3200 MHz,Var,2 - 4 kg,Yok,"15,6 inç",Yüksek Seviye Harici Ekran Kartý,GDDR6,5.Nesil,AMD Ryzen 5,Yok (Free Dos),4.2 GHz,1920 x 1080,Yok,8 GB,DDR4,Yok,512 GB,6 Saat ve Üstü,3.3 GHz,13.998 TL
2383,Lenovo,4.6,13,"9,6",Notebook,3200 MHz,Var,2 - 4 kg,Yok,14 inç,Harici Ekran Kartý,GDDR5,11.Nesil,Intel Core i5,Yok (Free Dos),4.2 GHz,1920 x 1080,Yok,8 GB,DDR4,Yok,256 GB,4 - 6 Saat,2.4 GHz,8.999 TL
2384,Monster,4.7,268,"9,9",Oyun Bilgisayarlarý,3200 MHz,Var,2 - 4 kg,Yok,"15,6 inç",Harici Ekran Kartý,GDDR6,11.Nesil,Intel Core i5,Yok (Free Dos),4.5 GHz,1920 x 1080,Yok,16 GB,DDR4,Yok,500 GB,,2.70 GHz,16.099 TL
2385,HP,5.0,15,10,Notebook,2666 MHz,Var,2 - 4 kg,Yok,"15,6 inç",Dahili Ekran Kartý,Belirtilmemiþ,11.Nesil,Intel Core i3,Windows 10 Home,4.1 GHz,1920 x 1080,Yok,4 GB,DDR4,Yok,256 GB,,1.7 GHz,6.899 TL
2386,Lenovo,4.7,146,"9,9",Notebook,Belirtilmemiþ,Var,1 - 2 kg,Yok,"15,6 inç",Dahili Ekran Kartý,Belirtilmemiþ,11.Nesil,Intel Core i5,Windows 10 Home,4.2 GHz,1920 x 1080,Yok,8 GB,Belirtilmemiþ,Yok,256 GB,6 Saat ve Üstü,2.4 GHz,11.682 TL
2387,Dell,,,"9,8",Notebook,2666 MHz,Var,1 - 2 kg,Yok,"15,6 inç",Dahili Ekran Kartý,Onboard,11.Nesil,Intel Core i7,Windows 10 Home,4.7 GHz,1920 x 1080,Yok,8 GB,DDR4,Yok,512 GB,,2.8 GHz,18.175 TL
2388,Asus,4.8,85,10,Ýkisi Bir Arada,3733 MHz,Var,1 - 2 kg,Var,"13,3 inç",Dahili Ekran Kartý,Onboard,10.Nesil,Intel Core i5,Windows 10 Home,3.7 GHz,1920 x 1080,Yok,8 GB,LPDDR4X,Yok,512 GB,,1.1 GHz,11.599 TL
2389,Dell,4.7,129,10,Oyun Bilgisayarlarý,3200 MHz,Var,2 - 4 kg,Yok,"15,6 inç",Harici Ekran Kartý,GDDR6,Ryzen,AMD Ryzen 7,Windows 11 Home,4.4 GHz,1920 x 1080,Belirtilmemiþ,16 GB,DDR4,Yok,512 GB,,3.2 GHz,19.999 TL
2390,Acer,5.0,3,,Oyun Bilgisayarlarý,Belirtilmemiþ,Var,2 kg ve Altý,Yok,"15,6 inç",Yüksek Seviye Harici Ekran Kartý,GDDR6,5.Nesil,AMD Ryzen 5,Yok (Free Dos),4.3 GHz,1920 x 1080,Yok,16 GB,DDR4,Yok,512 GB,,3.3 GHz,18.998 TL
2391,Fujitsu,,,"9,7",Notebook,3200 MHz,Var,1 - 2 kg,Yok,"15,6 inç",Dahili Ekran Kartý,Belirtilmemiþ,10.Nesil,Intel Core i5,Windows 10 Home,3.6 GHz,1920 x 1080,Yok,8 GB,DDR4,Yok,480 GB,4 - 6 Saat,1 GHz,9.327 TL
2392,Dell,4.9,65,,Oyun Bilgisayarlarý,3200 MHz,Var,2 - 4 kg,Yok,"15,6 inç",Harici Ekran Kartý,GDDR6,11.Nesil,Intel Core i7,Ubuntu,4.6 GHz,1920 x 1080,Yok,16 GB,DDR4,Yok,512 GB,,2.30 GHz,19.998 TL
2393,Monster,4.7,213,"9,9",Oyun Bilgisayarlarý,3200 MHz,Var,2 - 4 kg,Yok,"15,6 inç",Harici Ekran Kartý,GDDR6,11.Nesil,Intel Core i5,Yok (Free Dos),4.5 GHz,1920 x 1080,Yok,8 GB,DDR4,Yok,500 GB,3 Saat ve Altý,2.70 GHz,15.699 TL
2394,Huawei,4.7,154,09,Notebook,Belirtilmemiþ,Var,1 - 2 kg,Yok,"15,6 inç",Dahili Ekran Kartý,Onboard,11.Nesil,Intel Core i7,Windows 11 Home,4.7 GHz,1920 x 1080,Var,16 GB,DDR4,Yok,512 GB,,2.8 GHz,13.908 TL
2395,HONOR,4.8,48,"9,1",Notebook,Belirtilmemiþ,Var,1 - 2 kg,Yok,"15,6 inç",Dahili Ekran Kartý,Onboard,10.Nesil,Intel Core i5,Windows 10 Home,Yok,1920 x 1080,Var,8 GB,DDR4,512 GB,512 GB,,Belirtilmemiþ,8.379 TL
2396,HP,4.2,16,"9,9",Notebook,3200 MHz,Var,2 - 4 kg,Yok,"15,6 inç",Harici Ekran Kartý,GDDR6,11.Nesil,Intel Core i5,Windows 11 Home,4.4 GHz,1920 x 1080,Yok,16 GB,DDR4,Yok,512 GB,4 - 6 Saat,2.6 GHz,15.999 TL
2397,Asus,4.8,165,,Notebook,2400 MHz,Var,1 - 2 kg,Yok,"15,6 inç",Dahili Ekran Kartý,Onboard,10.Nesil,Intel Core i3,Windows 10 Home,4.1 GHz,1366 x 768,Yok,4 GB,DDR4,Yok,256 GB,,2.1 GHz,5.988 TL
2398,Dell,4.4,7,"9,7",Notebook,2666 MHz,Var,1 - 2 kg,Yok,14 inç,Harici Ekran Kartý,GDDR5,11.Nesil,Intel Core i7,Ubuntu,4.7 GHz,1920 x 1080,Yok,8 GB,DDR4,Yok,512 GB,,2.80 GHz,16.399 TL
2399,Casper,4.4,167,,Notebook,2133 MHz,Var,1 - 2 kg,Yok,14 inç,Dahili Ekran Kartý,Onboard,Yok,Intel Celeron,Windows 11 Home,2.6 GHz,1366 x 768,Yok,4 GB,DDR3,Yok,120 GB,,1.10 GHz,3.948 TL
